-- phpMyAdmin SQL Dump
-- version 5.0.1
-- https://www.phpmyadmin.net/
--
-- Host: 127.0.0.1
-- Waktu pembuatan: 01 Sep 2020 pada 04.48
-- Versi server: 10.4.11-MariaDB
-- Versi PHP: 7.4.1

SET SQL_MODE = "NO_AUTO_VALUE_ON_ZERO";
SET AUTOCOMMIT = 0;
START TRANSACTION;
SET time_zone = "+00:00";


/*!40101 SET @OLD_CHARACTER_SET_CLIENT=@@CHARACTER_SET_CLIENT */;
/*!40101 SET @OLD_CHARACTER_SET_RESULTS=@@CHARACTER_SET_RESULTS */;
/*!40101 SET @OLD_COLLATION_CONNECTION=@@COLLATION_CONNECTION */;
/*!40101 SET NAMES utf8mb4 */;

--
-- Database: `sirus`
--

-- --------------------------------------------------------

--
-- Struktur dari tabel `arsip`
--

CREATE TABLE `arsip` (
  `id` int(10) UNSIGNED NOT NULL,
  `jenis_id` int(10) UNSIGNED DEFAULT NULL,
  `nomor` varchar(191) COLLATE utf8mb4_unicode_ci DEFAULT NULL,
  `nama_arsip` varchar(191) COLLATE utf8mb4_unicode_ci DEFAULT '',
  `deskripsi` text COLLATE utf8mb4_unicode_ci DEFAULT NULL,
  `tgl_arsip` date DEFAULT NULL,
  `tahun` year(4) DEFAULT NULL,
  `upload_file` varchar(191) COLLATE utf8mb4_unicode_ci DEFAULT NULL,
  `format_file` varchar(7) COLLATE utf8mb4_unicode_ci DEFAULT NULL,
  `file_size` varchar(20) COLLATE utf8mb4_unicode_ci DEFAULT '',
  `jumlah_download` int(11) DEFAULT NULL,
  `delete_status` smallint(6) NOT NULL DEFAULT 1,
  `created_by` int(10) UNSIGNED DEFAULT NULL,
  `updated_by` int(10) UNSIGNED DEFAULT NULL,
  `created_at` timestamp NULL DEFAULT NULL,
  `updated_at` timestamp NULL DEFAULT NULL,
  `deleted_by` int(10) UNSIGNED DEFAULT NULL
) ENGINE=InnoDB DEFAULT CHARSET=utf8mb4 COLLATE=utf8mb4_unicode_ci;

--
-- Dumping data untuk tabel `arsip`
--

INSERT INTO `arsip` (`id`, `jenis_id`, `nomor`, `nama_arsip`, `deskripsi`, `tgl_arsip`, `tahun`, `upload_file`, `format_file`, `file_size`, `jumlah_download`, `delete_status`, `created_by`, `updated_by`, `created_at`, `updated_at`, `deleted_by`) VALUES
(11, 7, 'PENG-ITS/2020/V/0002', 'Arsip Pengadaan', 'Deskripsi', '2020-03-05', 2020, '1583372946_Form Pengadaan PC Ratna Ariyanti.pdf', 'pdf', '29,36 KB', 0, 1, 1, 1, '2020-03-05 01:49:06', '2020-03-09 04:12:07', 1),
(12, 6, 'PERB-ITS/2020/V/0001', 'Perbaikan Printer User', 'Lorem ipsum dolor sit amet, consectetur adipiscing elit. Curabitur semper neque eget leo lacinia, quis lacinia elit vehicula. Duis sed euismod ipsum. Donec aliquam tempus accumsan. In rhoncus fermentum cursus.', '2020-03-06', 2020, '1583373220_Form Perbaikan PC Ratna Ariyanti.pdf', 'pdf', '29,47 KB', 3, 1, 1, 40, '2020-03-05 01:53:40', '2020-03-06 07:53:10', 1),
(13, 7, 'F-SRU-ITS-03', 'FORMULIR PENGAJUAN ISP KEDINDING', 'FORMULIR PENGAJUAN ISP KEDINDING\r\nFORMULIR PENGAJUAN MIKROTIK KEDINDING\r\nPROPOSAL PENGAJUAN ISP\r\nPEMOHON : ITS', '2020-03-05', 2020, '1583392312_PENGAJUAN IT ISP KEDINDING.pdf', 'pdf', '4,87 MB', 11, 1, 40, 40, '2020-03-05 07:11:52', '2020-03-09 02:42:54', NULL),
(15, 6, 'F-SRU-ITS-04', 'FORMULIR PERBAIKAN PRINTER CANON G2000', 'FORMULIR PENGAJUAN PERBAIKAN PRINTER CANON G2000\r\nPEMOHON : INDAH RAHMAWATI (SCM ADM)\r\nNO PENGAJUAN : 935-ITS-X-2019', '2019-10-24', 2019, '1583721753_935-ITS-X-2019 Surabaya.pdf', 'pdf', '686,27 KB', 0, 1, 40, 40, '2020-03-09 02:42:33', '2020-03-09 02:42:33', NULL),
(16, 6, 'F-SRU-ITS-04', 'FORMULIR PERBAIKAN PRINTER EPSON LQ2190', 'FORMULIR PENGAJUAN PERBAIKAN PRINTER EPSON LQ2190\r\nPEMOHON : SEPBRINA EKA  (SCM ADM)\r\nNO PENGAJUAN : 853-ITS-IX-2019', '2019-09-23', 2019, '1583721928_853-ITS-IX-2019 Surabaya.pdf', 'pdf', '564,29 KB', 1, 1, 40, 40, '2020-03-09 02:45:28', '2020-06-10 04:32:14', NULL),
(17, 6, 'F-SRU-ITS-04', 'FORMULIR PERBAIKAN PRINTER EPSON L360', 'FORMULIR PENGAJUAN PERBAIKAN PRINTER EPSON L360\r\nPEMOHON : MAHARANI FEBRIANA (TAM)\r\nNO PENGAJUAN : 120-ITS-II-2020', '2020-02-14', 2020, '1583722116_120-ITS-II-2020 Surabaya.pdf', 'pdf', '723,83 KB', 0, 1, 40, 40, '2020-03-09 02:48:36', '2020-03-09 02:48:36', NULL),
(18, 6, 'F-SRU-ITS-04', 'FORMULIR PERBAIKAN LAPTOP LENOVO B470 (SRU MKS)', 'FORMULIR PERBAIKAN LAPTOP LENOVO B470 (SRU MKS)\r\nPEMOHON : ADITYA DJOJO (OPS SRU MKS)\r\nNO PENGAJUAN : 66-ITS-I-2020 Makassar', '2020-01-16', 2020, '1583722335_66-ITS-I-2020 Makassar.pdf', 'pdf', '438,95 KB', 0, 1, 40, 40, '2020-03-09 02:52:15', '2020-03-09 02:52:15', NULL),
(25, 10, 'FIN-SBY/2020/III/0012', 'PENGAJUAN DANA KAS SURABAYA TGL 09-10 MARET 2020', NULL, '2020-03-16', 2020, '1584412234_FIN-SBY.2020.III.0012 PENGAJUAN KAS 09-10 MARET KRM TGL 16.03.pdf', 'pdf', '1,59 MB', 0, 1, 43, 43, '2020-03-17 02:30:34', '2020-03-17 02:30:34', NULL),
(26, 10, 'FIN-SBY/2020/III/0013', 'PENGAJUAN DANA KAS SURABAYA TGL 11-12 MARET 2020', NULL, '2020-03-16', 2020, '1584412282_FIN-SBY.2020.III.0013 PENGAJUAN KAS 11-12 MARET KRM TGL 16.03.pdf', 'pdf', '2,24 MB', 0, 1, 43, 43, '2020-03-17 02:31:22', '2020-03-17 02:31:22', NULL),
(27, 10, 'FIN-SBY/2020/III/0014', 'PENGAJUAN DANA KAS SURABAYA TGL 13-14 MARET 2020', NULL, '2020-03-17', 2020, '1584436754_FIN-SBY.2020.III.0014 PENGAJUAN KAS 13-14 MARET KRM TGL 17.03.pdf', 'pdf', '1,62 MB', 0, 1, 43, 43, '2020-03-17 09:19:14', '2020-03-17 09:19:14', NULL),
(28, 20, '0001/COLL/IE/2020', 'AKD IV Cath PU Safelet ED 18 Agust 22', 'AKD IV Cath PU Safelet ED 18 Agust 22', '2020-03-18', 2020, '1584509835_AKD IV Cath PU Safelet 18 Agst 22.pdf', 'pdf', '1,26 MB', 0, 1, 38, 38, '2020-03-18 05:37:15', '2020-03-18 06:48:57', NULL),
(29, 20, '0002/COLL/IE/2020', 'AKD AK 4L,5L,10L JAYAMEKSI ED 01 Feb 2022', 'AKD AK 4L,5L,10L JAYAMEKSI ED 01 Feb 2022', '2020-03-18', 2020, '1584514284_AKD AK JAYAMEKSI ED 01 Feb 2022.pdf', 'pdf', '3,36 MB', 0, 1, 38, 38, '2020-03-18 06:51:24', '2020-03-18 06:59:38', NULL),
(30, 20, '0003/COLL/IE/2020', 'AKD AK1 5L,10 L Jayameksi ED 01 Feb 2022', 'AKD AK1 5L,10 L Jayameksi ED 01 Feb 2022', '2020-03-18', 2020, '1584514912_AKD AK1 5L,10 L Jayameksi ED 01 Feb 2022.pdf', 'pdf', '3,02 MB', 0, 1, 38, 38, '2020-03-18 07:01:52', '2020-03-18 07:01:52', NULL),
(31, 20, '0004/COLL/IE/2020', 'AKD AV Fistula 300mm ED 10 Agust 2022', 'AKD AV Fistula 300mm ED 10 Agust 2022', '2020-03-18', 2020, '1584515069_AKD AV Fistula 300mm ED 10 Agust 2022.pdf', 'pdf', '5,62 MB', 0, 1, 38, 38, '2020-03-18 07:04:29', '2020-03-18 07:04:29', NULL),
(32, 20, '0005/COLL/IE/2020', 'AKL NIPRO Elisio-H Synthetic Hollow Fiber Polynephron ED 16 Sept 2021', 'AKL NIPRO Elisio-H Synthetic Hollow Fiber Polynephron ED 16 Sept 2021', '2020-03-18', 2020, '1584515397_AKL NIPRO Elisio-H Synthetic Hollow Fiber Polynephron ED 16 Sept 2021.pdf', 'pdf', '200,3 KB', 0, 1, 38, 38, '2020-03-18 07:09:57', '2020-03-18 07:09:57', NULL),
(33, 20, '0006/COLL/IE/2020', 'RENAL sol A1 5L,10L ED Okt 2020 (acid)', 'RENAL sol A1 5L,10L ED Okt 2020 (acid)', '2020-03-18', 2020, '1584515624_RENAL sol A1 5L,10L ED Okt 2020 (acid).pdf', 'pdf', '461,41 KB', 0, 1, 38, 38, '2020-03-18 07:13:44', '2020-03-18 07:13:44', NULL),
(34, 20, '0007/COLL/IE/2020', 'AKL Surdial 55 Plus ED 28 nov 2021', 'AKL Surdial 55 Plus ED 28 nov 2021', '2020-03-18', 2020, '1584515810_AKL Surdial 55 Plus ED 28 nov 2021.pdf', 'pdf', '257,69 KB', 0, 1, 38, 38, '2020-03-18 07:16:50', '2020-03-18 07:16:50', NULL),
(35, 20, '0008/COLL/IE/2020', 'AKD Syringe WN 10mL Lock ETO 12 September 2022', 'AKD Syringe WN 10mL Lock ETO 12 September 2022', '2020-03-18', 2020, '1584515937_AKD Syringe WN 10mL Lock ETO 12 September 2022.pdf', 'pdf', '2,01 MB', 0, 1, 38, 38, '2020-03-18 07:18:57', '2020-03-18 07:18:57', NULL),
(36, 20, '0009/COLL/IE/2020', 'AKD Infusion Set ED 11 Jul 22', 'AKD Infusion Set ED 11 Jul 22', '2020-03-18', 2020, '1584516035_AKD Infusion Set ED 11 Jul 22.pdf', 'pdf', '2,18 MB', 0, 1, 38, 38, '2020-03-18 07:20:35', '2020-03-18 07:20:35', NULL),
(37, 20, '00010/COLL/IE/2020', 'AKD Syringe 50ml Catheter -EBeam ED 29 Sept 20', 'AKD Syringe 50ml Catheter -EBeam ED 29 Sept 20', '2020-03-18', 2020, '1584516112_AKD Syringe 50ml Catheter -EBeam ED 29 Sept 20.pdf', 'pdf', '252,88 KB', 0, 1, 38, 38, '2020-03-18 07:21:52', '2020-03-18 07:21:52', NULL),
(38, 20, '00011/COLL/IE/2020', 'AKD Syringe 50ml LS Ebeam 23 Sept 20', 'AKD Syringe 50ml LS Ebeam 23 Sept 20', '2020-03-18', 2020, '1584516218_AKD Syringe 50ml LS Ebeam 23 Sept 20.pdf', 'pdf', '252,81 KB', 0, 1, 38, 38, '2020-03-18 07:23:38', '2020-03-18 07:23:38', NULL),
(39, 20, '00012/COLL/IE/2020', 'AKL NIPRO Sureflow Blood Tubing Set ED 15 Okt 2020', 'AKL NIPRO Sureflow Blood Tubing Set ED 15 Okt 2020', '2020-03-18', 2020, '1584516354_AKL NIPRO Sureflow Blood Tubing Set ED 15 Okt 2020.pdf', 'pdf', '200,12 KB', 0, 1, 38, 38, '2020-03-18 07:25:54', '2020-03-18 07:25:54', NULL),
(40, 20, '00013/COLL/IE/2020', 'RENAL Sol B1 10L ED 19 Okt 2020 (bicarbonate)', 'RENAL Sol B1 10L ED 19 Okt 2020 (bicarbonate)', '2020-03-18', 2020, '1584516538_RENAL Sol B1 10L ED 19 Okt 2020 (bicarbonate).pdf', 'pdf', '454 KB', 0, 1, 38, 38, '2020-03-18 07:28:58', '2020-03-18 07:28:58', NULL),
(41, 20, '00014/COLL/IE/2020', 'RENAL Sol A23 10L ED 19 Okt 2020 (acid untuk bicarbonate Powder)', 'RENAL Sol A23 10L ED 19 Okt 2020 (acid untuk bicarbonate Powder)', '2020-03-18', 2020, '1584516751_RENAL Sol A23 10L ED 19 Okt 2020 (acid untuk bicarbonate Powder).pdf', 'pdf', '467,84 KB', 0, 1, 38, 38, '2020-03-18 07:32:31', '2020-03-18 07:32:31', NULL),
(42, 24, '0001/COLL/MSDS/2020', 'MSDS A1 or A23 Renasol', 'MSDS A1 or A23 Renasol', '2020-03-18', 2020, '1584517067_MSDS A1 or A23 Renasol.pdf', 'pdf', '33,54 KB', 0, 1, 38, 38, '2020-03-18 07:37:47', '2020-03-18 07:37:47', NULL),
(43, 24, '0002/COLL/MSDS/2020', 'MSDS AK1 Acid Jayameksi', 'MSDS AK1 Acid Jayameksi', '2020-03-18', 2020, '1584517209_MSDS AK1 Acid Jayameksi.pdf', 'pdf', '189,2 KB', 0, 1, 38, 38, '2020-03-18 07:40:09', '2020-03-18 07:40:09', NULL),
(44, 24, '0004/COLL/MSDS/2020', 'MSDS AT Bicarbonate Jayameksi', 'MSDS AT Bicarbonate Jayameksi', '2020-03-18', 2020, '1584517272_MSDS AT Bicarbonate Jayameksi.pdf', 'pdf', '216,21 KB', 0, 1, 38, 38, '2020-03-18 07:41:12', '2020-03-18 07:43:21', NULL),
(45, 24, '0003/COLL/MSDS/2020', 'MSDS B1 Renasol', 'MSDS B1 Renasol', '2020-03-18', 2020, '1584517372_MSDS B1 Renasol.pdf', 'pdf', '29,84 KB', 0, 1, 38, 38, '2020-03-18 07:42:52', '2020-03-18 07:42:52', NULL),
(46, 24, '0006/COLL/MSDS/2020', 'MSDS NiproCart', 'MSDS NiproCart', '2020-03-18', 2020, '1584517544_MSDS NiproCart.pdf', 'pdf', '71,63 KB', 0, 1, 38, 38, '2020-03-18 07:45:44', '2020-03-18 07:45:44', NULL),
(47, 19, '0001/COLL/CF/2020', 'SIUP BESAR PUSAT & CAB SBY', 'SIUP BESAR PUSAT & CAB SBY', '2020-03-18', 2020, '1584517998_SIUP BESAR PUSAT & CAB SBY.pdf', 'pdf', '1,31 MB', 0, 1, 38, 79, '2020-03-18 07:53:18', '2020-07-09 06:54:36', NULL),
(48, 19, '0002/COLL/CF/2020', 'NIB SRU', 'NIB SRU', '2020-03-18', 2020, '1584518460_NIB SRU.pdf', 'pdf', '111,22 KB', 0, 1, 38, 38, '2020-03-18 08:01:00', '2020-03-18 08:01:00', NULL),
(49, 19, '0003/COLL/CF/2020', 'IZIN LOKASI KANTOR CAB SBY', 'IZIN LOKASI KANTOR CAB SBY', '2020-03-18', 2020, '1584518667_IZIN LOKASI KANTOR CAB SBY.pdf', 'pdf', '109,84 KB', 0, 1, 38, 38, '2020-03-18 08:04:27', '2020-03-18 08:04:27', NULL),
(50, 19, '0004/COLL/CF/2020', 'IPAK 2017', 'IPAK 2017', '2020-03-18', 2020, '1584518803_IPAK 2017.pdf', 'pdf', '496,81 KB', 0, 1, 38, 38, '2020-03-18 08:06:43', '2020-03-18 08:06:43', NULL),
(53, 19, '0006/COLL/CF/2020', 'SERTIFIKAT CDAKB PT SINAR RODA UTAMA ED 27-NOV-2022', 'SERTIFIKAT CDAKB PT SINAR RODA UTAMA ED 27-NOV-2022', '2020-03-18', 2020, '1584519086_SERTIFIKAT CDAKB PT SINAR RODA UTAMA ED 27-NOV-2022.pdf', 'pdf', '1,03 MB', 1, 1, 38, 38, '2020-03-18 08:11:26', '2020-03-18 08:23:33', NULL),
(54, 19, '0007/COLL/CF/2020', 'Akta Perubahan No. 02 tgl 13 Juli 2016', 'Akta Perubahan No. 02 tgl 13 Juli 2016', '2020-03-18', 2020, '1584519250_Akta Perubahan No. 02 tgl 13 Juli 2016.pdf', 'pdf', '1,04 MB', 0, 1, 38, 38, '2020-03-18 08:14:10', '2020-03-18 08:14:28', NULL),
(55, 19, '0008/COLL/CF/2020', 'Kemhukham Akte No 25 21 Des 2017', 'Kemhukham Akte No 25 21 Des 2017', '2020-03-18', 2020, '1584519378_Kemhukham Akte No 25 21 Des 2017.pdf', 'pdf', '542,24 KB', 0, 1, 38, 38, '2020-03-18 08:16:18', '2020-03-18 08:16:18', NULL),
(56, 19, '0009/COLL/CF/2020', 'AKTA PERUBAHAN TERAKHIR NO.17 27 AGUST 2019', 'AKTA PERUBAHAN TERAKHIR NO.17 27 AGUST 2019', '2020-03-18', 2020, '1584519511_AKTA PERUBAHAN TERAKHIR NO.17 27 AGUST 2019.pdf', 'pdf', '9,1 MB', 0, 1, 38, 38, '2020-03-18 08:18:31', '2020-03-18 08:18:31', NULL),
(57, 19, '0005/COLL/CF/2020', 'KTP KEPALA CAB', 'KTP KEPALA CAB', '2020-03-18', 2020, '1584519752_KTP KEPALA CAB.pdf', 'pdf', '148,55 KB', 0, 1, 38, 38, '2020-03-18 08:22:32', '2020-03-18 08:22:32', NULL),
(58, 19, '0010/COLL/CF/2020', 'Surat Jaminan Keaslian Produk dari KACAB 02 MAR 2020', 'Surat Jaminan Keaslian Produk dari KACAB 02 MAR 2020', '2020-03-18', 2020, '1584519880_Surat Jaminan Keaslian Produk dari KACAB 02 MAR 2020.pdf', 'pdf', '208,8 KB', 0, 1, 38, 38, '2020-03-18 08:24:40', '2020-03-18 08:24:40', NULL),
(59, 19, '0011/COLL/CF/2020', 'REKENING BANK JATIM', 'REKENING BANK JATIM', '2020-03-18', 2020, '1584519980_REKENING BANK JATIM.pdf', 'pdf', '139,61 KB', 0, 1, 38, 38, '2020-03-18 08:26:20', '2020-03-18 08:26:20', NULL),
(60, 19, '0012/COLL/CF/2020', 'CONTOH PAKTA INTEGRITAS', 'CONTOH PAKTA INTEGRITAS', '2020-03-18', 2020, '1584520121_CONTOH PAKTA INTEGRITAS.docx', 'docx', '14,31 KB', 0, 1, 38, 38, '2020-03-18 08:28:41', '2020-03-18 08:28:41', NULL),
(61, 25, '0001/COLL/KATALOG/2020', 'Kontrak Katalog Alat Kesehatan No. 527 Tahun 2018 (Perpanjangan) - PT. Sinar Roda Utama (31 JULI 2019)', 'Kontrak Katalog Alat Kesehatan No. 527 Tahun 2018 (Perpanjangan) - PT. Sinar Roda Utama (31 JULI 2019)', '2020-03-18', 2020, '1584520434_Kontrak Katalog Alat Kesehatan No. 527 Tahun 2018 (Perpanjangan) - PT. Sinar Roda Utama (31 JULI 2019).pdf', 'pdf', '259,6 KB', 0, 1, 38, 38, '2020-03-18 08:33:54', '2020-03-18 08:33:54', NULL),
(62, 25, '0002/COLL/KATALOG/2020', 'Adendum Kontrak Katalog No. 645 thn 2019 PT Sinar Roda Utama - Alat Kesehatan ( DES 2020 )', 'Adendum Kontrak Katalog No. 645 thn 2019 PT Sinar Roda Utama - Alat Kesehatan ( DES 2020 )', '2020-03-18', 2020, '1584520486_Adendum Kontrak Katalog No. 645 thn 2019 PT Sinar Roda Utama - Alat Kesehatan ( DES 2020 ).pdf', 'pdf', '1,26 MB', 0, 1, 38, 38, '2020-03-18 08:34:46', '2020-03-18 08:34:46', NULL),
(64, 24, '0005/COLL/MSDS/2020', 'MSDS-SURcleanse hd-Rev 3', 'MSDS-SURcleanse hd-Rev 3', '2020-03-18', 2020, '1584521117_MSDS-SURcleanse hd-Rev 3.pdf', 'pdf', '341,78 KB', 0, 1, 38, 38, '2020-03-18 08:45:17', '2020-03-18 08:45:17', NULL),
(65, 20, '0015/COLL/IE/2020', 'AKL Hyodermic Needle ED 26 Agust 2021', 'AKL Hyodermic Needle ED 26 Agust 2021', '2020-03-18', 2020, '1584522230_AKL Hyodermic Needle ED 26 Agust 2021.pdf', 'pdf', '238,84 KB', 0, 1, 38, 38, '2020-03-18 09:03:50', '2020-03-18 09:03:50', NULL),
(66, 6, 'F-SRU-ITS-04', 'FORMULIR PERBAIKAN PRINTER EPSON LQ2190', 'FORMULIR PENGAJUAN PERBAIKAN PRINTER EPSON LQ2190 PEMOHON : Indah Agustin Rahayu (FINANCE) NO PENGAJUAN : 127-ITS-II-2020', '2020-03-18', 2020, '1584523480_127-ITS-II-2020 Surabaya.pdf', 'pdf', '411,21 KB', 1, 1, 40, 40, '2020-03-18 09:24:40', '2020-03-24 07:18:34', NULL),
(67, 19, '0013/COLL/CF/2020', 'STRA PAK FRANKY', 'STRA PAK FRANKY', '2020-03-18', 2020, '1584523705_STRA PAK FRANKY.pdf', 'pdf', '215,49 KB', 0, 1, 38, 38, '2020-03-18 09:28:25', '2020-03-18 09:28:25', NULL),
(68, 6, 'F-SRU-ITS-04', 'FORMULIR PERBAIKAN PENGADAAN 2 UNIT HARDISK UNTUK DVR', 'FORMULIR PERBAIKAN PENGADAAN 2 UNIT HARDISK UNTUK DVR PEMOHON : Kristia Budi (ITS) NO PENGAJUAN : 852-ITS-IX-2019', '2019-09-23', 2019, '1584523923_852-ITS-IX-2019 Surabaya.pdf', 'pdf', '571,69 KB', 1, 1, 40, 40, '2020-03-18 09:32:03', '2020-05-14 05:15:30', NULL),
(69, 6, 'F-SRU-ITS-04', 'FORMULIR PERBAIKAN PENGADAAN HARDISK ANGGA', 'FORMULIR PERBAIKAN PENGADAAN HARDISK UNTUK PC PEMOHON : ANGGA (MKT HD) NO PENGAJUAN:958-ITS-XI-2019', '2019-10-31', 2019, '1584524278_958-ITS-XI-2019 Pengajuan Hardisk Surabaya Aristya.pdf', 'pdf', '735,22 KB', 1, 1, 40, 40, '2020-03-18 09:37:58', '2020-05-14 05:12:44', NULL),
(71, 26, '0001/COLL/COO/2020', 'CO(16CX3538-3539,16CX3716-3740)', 'CO(16CX3538-3539,16CX3716-3740)', '2020-03-18', 2020, '1584526634_CO(16CX3538-3539,16CX3716-3740).pdf', 'pdf', '291,25 KB', 0, 1, 38, 38, '2020-03-18 10:17:14', '2020-03-18 10:17:14', NULL),
(72, 26, '0002/COLL/COO/2020', 'CO(Smartfusion)Oct.07,16', 'CO(Smartfusion)Oct.07,16', '2020-03-18', 2020, '1584526692_CO(Smartfusion)Oct.07,16.pdf', 'pdf', '105,98 KB', 1, 1, 38, 38, '2020-03-18 10:18:12', '2020-03-19 03:49:33', NULL),
(73, 22, '0001/COLL/KSH/2020', 'RS Bhayangkara Kediri per 31 Desember 2019', 'Balasan Konfirmasi Hutang Tahun Anggaran 2019\r\nemail tgl : 06/01/2020', '2020-03-19', 2020, '1584589924_Balasan Konfirmasi Hutang RS Bhayangkara Kediri per 31.12.2019.pdf', 'pdf', '1,17 MB', 0, 1, 44, 44, '2020-03-19 03:52:04', '2020-03-19 04:39:57', NULL),
(74, 22, '0002/COLL/KSH/2020', 'RS Bhayangkara Nganjuk per 31 Desember 2019', 'Balasan Konfirmasi Hutang Tahun Anggaran 2019\r\nemail tgl : 16/01/2020', '2020-03-19', 2020, '1584590184_Balasan Konfirmasi Hutang RS Bhayangkara Nganjuk per 31.12.2019.pdf', 'pdf', '1,14 MB', 0, 1, 44, 44, '2020-03-19 03:56:24', '2020-03-19 04:39:42', NULL),
(75, 22, '0003/COLL/KSH/2020', 'RSUD Dr. Soegiri per 31 Desember 2019', 'Balasan Konfirmasi Hutang Auditor RS\r\nemail tgl : 04/02/2020', '2020-03-19', 2020, '1584591931_Balasan Konfirmasi Hutang RSUD Dr. Soegiri per 31.12.2019.pdf', 'pdf', '1 MB', 0, 1, 44, 44, '2020-03-19 04:25:31', '2020-03-19 04:39:23', NULL),
(76, 22, '0004/COLL/KSH/2020', 'PT Nusantara Medika Utama - RS Gatoel per 31 Desember 2019', 'Balasan Konfirmasi Auditor RS\r\nemail tgl : 03/02/2020', '2020-03-19', 2020, '1584592332_Balasan Konfirmasi Hutang RS Gatoel per 31.12.2019.pdf', 'pdf', '1,65 MB', 0, 1, 44, 44, '2020-03-19 04:32:12', '2020-03-19 04:49:42', NULL),
(77, 22, '0005/COLL/KSH/2020', 'RSUD Dr. Iskak Tulungagung per 31 Desember 2019', 'Balasan Konfirmasi Hutang Auditor RS\r\nemail tgl : 12/03/20', '2020-03-19', 2020, '1584592735_Balasan Konfirmasi Hutang RSUD Dr. Iskak per 31 Desember 2019.pdf', 'pdf', '1,63 MB', 0, 1, 44, 44, '2020-03-19 04:38:55', '2020-03-19 04:38:55', NULL),
(78, 22, '0006/COLL/KSH/2020', 'PT Nusantara Sebelas Medika - RS Elizabeth per 31 Desember 2019', 'Balasan Konfirmasi Hutang Auditor\r\nemail tgl : 12/03/2020', '2020-03-19', 2020, '1584593150_Balasan Konfirmasi Hutang RS Elizabeth per 31 Desember 2019.pdf', 'pdf', '1,59 MB', 0, 1, 44, 44, '2020-03-19 04:45:50', '2020-03-19 04:45:50', NULL),
(79, 22, '0007/COLL/KSH/2020', 'PT Nusantara Sebelas Medika - RS Wonolangan per 31 Desember 2019', 'Balasan Konfirmasi Hutang Auditor RS\r\nemail tgl : 18/02/2020', '2020-03-19', 2020, '1584593361_Balasan Konfirmasi Hutang RS Wonolangan per 31.12.2019.pdf', 'pdf', '2,52 MB', 0, 1, 44, 44, '2020-03-19 04:49:21', '2020-03-19 04:49:21', NULL),
(80, 22, '0008/COLL/KSH/2020', 'PT Nusantara Sebelas Medika - RS Lavalette per 31 Desember 2019', 'Balasan Konfirmasi Hutang Auditor RS\r\nemail tgl : 25/02/2020', '2020-03-19', 2020, '1584593563_Balasan Konfirmasi Hutang RS Lavalette per 31.12.2019.pdf', 'pdf', '2,2 MB', 0, 1, 44, 44, '2020-03-19 04:52:43', '2020-03-19 04:52:43', NULL),
(81, 22, '0009/COLL/KSH/2020', 'RS Bhayangkara Tulungagung per 31 Desember 2019', 'Balasan Konfirmasi Hutang RS', '2020-03-19', 2020, '1584593784_Balasan Konfirmasi Hutang RS Bhayangkara Tulungagung per 31.12.2019.pdf', 'pdf', '1,17 MB', 0, 1, 44, 44, '2020-03-19 04:56:24', '2020-03-19 04:56:24', NULL),
(82, 22, '0010/COLL/KSH/2020', 'PT Rolas Nusantara Medika - RSU Bhakti Husada per 31 Desember 2019', 'Balasan Konfirmasi Hutang Auditor RS\r\ndone wa tgl : 06/02/2020', '2020-03-19', 2020, '1584593963_Balasan Konfirmasi Hutang RSU Bhakti Husada per 31.12.2019.pdf', 'pdf', '1,7 MB', 0, 1, 44, 44, '2020-03-19 04:59:23', '2020-03-19 04:59:23', NULL),
(83, 18, '0001/COLL/KSP/2020', 'PT Anugerah Mitra Jaya per 14 Januari 2020', 'Konfirmasi Saldo Piutang Bulan Januari 2020', '2020-03-19', 2020, '1584610505_KSP PT Anugerah Mitra Jaya per 14.01.2020.pdf', 'pdf', '422,04 KB', 0, 1, 44, 44, '2020-03-19 09:35:05', '2020-03-19 09:35:05', NULL),
(84, 18, '0002/COLL/KSP/2020', 'RS Bhayangkara Surabaya per 28 Januari 2020', 'Konfirmasi Saldo Piutang Bulan Januari 2020', '2020-03-19', 2020, '1584610559_KSP RS Bhayangkara Surabaya per 28.01.2020.pdf', 'pdf', '351,13 KB', 0, 1, 44, 44, '2020-03-19 09:35:59', '2020-03-19 09:35:59', NULL),
(85, 18, '0003/COLL/KSP/2020', 'RS Bhayangkara Tulungagung per 13 Januari 2020', 'Konfirmasi Saldo Piutang Bulan Januari 2020', '2020-03-19', 2020, '1584610633_KSP RS Bhayangkara Tulungagung per 13.01.2020.pdf', 'pdf', '340,08 KB', 0, 1, 44, 44, '2020-03-19 09:37:13', '2020-03-19 09:37:13', NULL),
(86, 18, '0004/COLL/KSP/2020', 'RS Bina Sehat per 20 Januari 2020', 'Konfirmasi Saldo Piutang Bulan Januari 2020', '2020-03-19', 2020, '1584610674_KSP RS Bina Sehat per 20.01.2020.pdf', 'pdf', '43,74 KB', 0, 1, 44, 44, '2020-03-19 09:37:54', '2020-03-19 09:37:54', NULL),
(87, 18, '0005/COLL/KSP/2020', 'RSUD Sidoarjo per 06 Januari 2020', 'Konfirmasi Saldo Piutang Bulan Januari 2020', '2020-03-19', 2020, '1584611304_KSP RSUD SIDOARJO per 06.01.2020.pdf', 'pdf', '235,13 KB', 0, 1, 44, 44, '2020-03-19 09:48:24', '2020-03-19 09:48:40', NULL),
(89, 14, 'K-K-SBY-2003-378', 'KAS KELUAR SURABAYA TGL 20-03-20', NULL, '2020-03-20', 2020, '1585042237_K-K-SBY-2003-378.pdf', 'pdf', '3,91 MB', 1, 1, 46, 43, '2020-03-24 09:30:37', '2020-03-24 09:37:12', NULL),
(90, 14, 'K-K-SBY-2003-429', 'KAS KELUAR SURABAYA 23-03-2020', NULL, '2020-03-23', 2020, '1585042519_K-K-SBY-2003-429.pdf', 'pdf', '284,04 KB', 0, 1, 43, 43, '2020-03-24 09:35:19', '2020-03-24 09:36:55', NULL),
(92, 19, '0014/COLL/CF/2020', 'COMPANY PROFILE (RSUD PARE)', 'COMPANY PROFILE PT SRU UPDATE 30.03.2020 (RSUD PARE) ( CF & AKTE PEMBUKAAN CAB SBY )', '2020-03-30', 2020, '1585553517_COMPANY PROFILE PT SRU UPDATE 30.03.2020 (RSUD PARE).pdf', 'pdf', '6,34 MB', 0, 1, 38, 38, '2020-03-30 07:31:57', '2020-03-30 07:31:57', NULL),
(93, 19, '0015/COLL/CF/2020', 'COMPANY PROFILE (LENGKAP)', 'COMPANY PROFILE PT SRU UPDATE 26.03.2020 (LENGKAP)', '2020-03-30', 2020, '1585553732_COMPANY PROFILE PT SRU UPDATE 26.03.2020 (LENGKAP).pdf', 'pdf', '10,61 MB', 1, 1, 38, 38, '2020-03-30 07:35:32', '2020-07-21 04:51:23', NULL),
(94, 27, '0001/COLL/BC/2020', 'Berkas Konsinyasi Rsud Dr. Soetomo', 'Berkas Konsinyasi Rsud Dr. Soetomo', '2020-03-30', 2020, '1585556768_Berkas Konsinyasi Rsud Dr. Soetomo.pdf', 'pdf', '1,51 MB', 0, 1, 38, 38, '2020-03-30 08:26:08', '2020-03-30 08:26:08', NULL),
(95, 28, '0001/COLL/FPD/2020', 'FORM PERJALANAN DINAS', 'FORM PERJALANAN DINAS', '2020-03-30', 2020, '1585557752_FORM PERJALANAN DINAS.xlsx', 'xlsx', '108,28 KB', 0, 1, 38, 38, '2020-03-30 08:42:32', '2020-03-30 08:42:32', NULL),
(96, 29, 'F-SRU-C-SBY-44', 'KARTU KUNJUNGAN KOLEKTOR', 'KARTU KUNJUNGAN KOLEKTOR', '2020-03-30', 2020, '1585558165_KARTU KUNJUNGAN KOLEKTOR.docx', 'docx', '1,11 MB', 0, 1, 38, 38, '2020-03-30 08:49:25', '2020-03-30 08:49:25', NULL),
(97, 30, 'F-SRU-C-SBY-46', 'CONTOH Form LRRPP', 'CONTOH Form LRRPP', '2020-03-30', 2020, '1585559295_CONTOH Form LRRPP.xls', 'xls', '48 KB', 0, 1, 38, 38, '2020-03-30 09:08:15', '2020-03-30 09:08:15', NULL),
(98, 30, 'F-SRU-C-SBY-46', 'LRRPP JANUARI 2020', 'LRRPP JANUARI 2020', '2020-03-30', 2020, '1585559608_LRRPP JANUARI 2020.pdf', 'pdf', '322,03 MB', 1, 1, 38, 38, '2020-03-30 09:13:28', '2020-05-20 07:46:08', NULL),
(99, 31, 'F-SRU-HRD-006-RO', 'Surat Pengarahan Secara Tertulis', 'Surat Pengarahan Secara Tertulis', '2020-03-30', 2020, '1585560167_Surat Pengarahan Secara Tertulis.pdf', 'pdf', '147,51 KB', 0, 1, 38, 38, '2020-03-30 09:22:47', '2020-03-30 09:22:47', NULL),
(100, 31, 'F-SRU-HRD-005-RO', 'Surat Peringatan', 'Surat Peringatan', '2020-03-30', 2020, '1585560231_Surat Peringatan.pdf', 'pdf', '147,21 KB', 0, 1, 38, 38, '2020-03-30 09:23:51', '2020-03-30 09:23:51', NULL),
(101, 31, 'F-SRU-HRD-001-R0', 'F-SRU-HRD-001-R0 Form Pemberitahuan Sakit', 'F-SRU-HRD-001-R0 Form Pemberitahuan Sakit', '2020-03-30', 2020, '1585560398_F-SRU-HRD-001-R0 Form Pemberitahuan Sakit.pdf', 'pdf', '149,67 KB', 0, 1, 38, 38, '2020-03-30 09:26:38', '2020-03-30 09:26:38', NULL),
(102, 31, 'F-SRU-HRD-002-R0', 'F-SRU-HRD-002-R0 Formulir Permohonan Cuti', 'F-SRU-HRD-002-R0 Formulir Permohonan Cuti', '2020-03-30', 2020, '1585560441_F-SRU-HRD-002-R0 Formulir Permohonan Cuti.pdf', 'pdf', '150,93 KB', 0, 1, 38, 38, '2020-03-30 09:27:21', '2020-03-30 09:27:21', NULL),
(103, 31, 'F-SRU-HRD-003-R1', 'F-SRU-HRD-003-R1 Form Serah Terima Pekerjaan Selama Cuti', 'F-SRU-HRD-003-R1 Form Serah Terima Pekerjaan Selama Cuti', '2020-03-30', 2020, '1585560535_F-SRU-HRD-003-R1 Form Serah Terima Pekerjaan Selama Cuti.pdf', 'pdf', '149,06 KB', 0, 1, 38, 38, '2020-03-30 09:28:55', '2020-03-30 09:28:55', NULL),
(104, 31, 'F-SRU-HRD-004-R0', 'F-SRU-HRD-004-R0 Form Keluar Kantor, Lambat Datang & Pulang Awal', 'F-SRU-HRD-004-R0 Form Keluar Kantor, Lambat Datang & Pulang Awal', '2020-03-30', 2020, '1585560593_F-SRU-HRD-004-R0 Form Keluar Kantor, Lambat Datang & Pulang Awal.pdf', 'pdf', '150,48 KB', 0, 1, 38, 38, '2020-03-30 09:29:53', '2020-03-30 09:29:53', NULL),
(105, 31, 'F-SRU-HRD-047-R0', 'F-SRU-HRD-047-R0 Form Serah Terima Inventaris Selama Cuti', 'F-SRU-HRD-047-R0 Form Serah Terima Inventaris Selama Cuti', '2020-03-30', 2020, '1585560687_F-SRU-HRD-047-R0 Form Serah Terima Inventaris Selama Cuti.pdf', 'pdf', '150,04 KB', 0, 1, 38, 38, '2020-03-30 09:31:27', '2020-03-30 09:31:27', NULL),
(107, 14, 'K-K-SBY-2004-001', 'KAS KELUAR SURABAYA TGL 01 April 2020', NULL, '2020-04-01', 2020, '1586239763_SBY-2004-001.pdf', 'pdf', '1,81 MB', 2, 1, 46, 46, '2020-04-07 06:09:23', '2020-04-07 06:10:52', NULL),
(108, 14, 'K-K-SBY-2004-002', 'KAS KELUAR SURABAYA TGL 01 April 2020', NULL, '2020-04-01', 2020, '1586240620_SBY-2004-002.pdf', 'pdf', '3,37 MB', 0, 1, 46, 46, '2020-04-07 06:23:40', '2020-04-07 06:23:40', NULL),
(109, 14, 'K-K-SBY-2004-003', 'KAS KELUAR SURABAYA TGL 01 April 2020', NULL, '2020-04-01', 2020, '1586252012_SBY-2004-003.pdf', 'pdf', '1,07 MB', 0, 1, 46, 46, '2020-04-07 09:33:32', '2020-04-07 09:33:32', NULL),
(110, 14, 'K-K-SBY-2004-004', 'KAS KELUAR SURABAYA TGL 01 April 2020', NULL, '2020-04-01', 2020, '1586252042_SBY-2004-004.pdf', 'pdf', '1,29 MB', 0, 1, 46, 46, '2020-04-07 09:34:02', '2020-04-07 09:34:02', NULL),
(111, 14, 'K-K-SBY-2004-005', 'KAS KELUAR SURABAYA TGL 01 April 2020', NULL, '2020-04-01', 2020, '1586252079_SBY-2004-005.pdf', 'pdf', '1,41 MB', 0, 1, 46, 46, '2020-04-07 09:34:39', '2020-04-07 09:34:39', NULL),
(112, 15, 'K-K-SBY-2004-006', 'KAS KELUAR SURABAYA TGL 01 April 2020', NULL, '2020-04-01', 2020, '1586252103_SBY-2004-006.pdf', 'pdf', '2,37 MB', 0, 1, 46, 46, '2020-04-07 09:35:03', '2020-04-07 09:35:03', NULL),
(113, 14, 'K-K-SBY-2004-007', 'KAS KELUAR SURABAYA TGL 01 April 2020', NULL, '2020-04-01', 2020, '1586252126_SBY-2004-007.pdf', 'pdf', '2,41 MB', 0, 1, 46, 46, '2020-04-07 09:35:26', '2020-04-07 09:35:26', NULL),
(114, 14, 'K-K-SBY-2004-008', 'KAS KELUAR SURABAYA TGL 01 April 2020', NULL, '2020-04-01', 2020, '1586252151_SBY-2004-008.pdf', 'pdf', '5,47 MB', 0, 1, 46, 46, '2020-04-07 09:35:51', '2020-04-07 09:35:51', NULL),
(115, 14, 'K-K-SBY-2004-009', 'KAS KELUAR SURABAYA TGL 01 April 2020', NULL, '2020-04-01', 2020, '1586252175_SBY-2004-009.pdf', 'pdf', '3,47 MB', 0, 1, 46, 46, '2020-04-07 09:36:15', '2020-04-07 09:36:15', NULL),
(116, 14, 'K-K-SBY-2004-010', 'KAS KELUAR SURABAYA TGL 01 April 2020', NULL, '2020-04-01', 2020, '1586252203_SBY-2004-010.pdf', 'pdf', '939,05 KB', 0, 1, 46, 46, '2020-04-07 09:36:43', '2020-04-07 09:36:43', NULL),
(117, 14, 'K-K-SBY-2004-011', 'KAS KELUAR SURABAYA TGL 01 April 2020', NULL, '2020-04-01', 2020, '1586252224_SBY-2004-011.pdf', 'pdf', '455,7 KB', 0, 1, 46, 46, '2020-04-07 09:37:04', '2020-04-07 09:37:04', NULL),
(118, 14, 'K-K-SBY-2004-012', 'KAS KELUAR SURABAYA TGL 01 April 2020', NULL, '2020-04-01', 2020, '1586252242_SBY-2004-012.pdf', 'pdf', '858,15 KB', 0, 1, 46, 46, '2020-04-07 09:37:22', '2020-04-07 09:37:22', NULL),
(119, 14, 'K-K-SBY-2004-013', 'KAS KELUAR SURABAYA TGL 01 April 2020', NULL, '2020-04-01', 2020, '1586252263_SBY-2004-013.pdf', 'pdf', '2,54 MB', 0, 1, 46, 46, '2020-04-07 09:37:43', '2020-04-07 09:37:43', NULL),
(120, 14, 'K-K-SBY-2004-014', 'KAS KELUAR SURABAYA TGL 01 April 2020', NULL, '2020-04-01', 2020, '1586252285_SBY-2004-014.pdf', 'pdf', '745,71 KB', 0, 1, 46, 46, '2020-04-07 09:38:05', '2020-04-07 09:38:05', NULL),
(121, 14, 'K-K-SBY-2004-015', 'KAS KELUAR SURABAYA TGL 01 April 2020', NULL, '2020-04-01', 2020, '1586252306_SBY-2004-015.pdf', 'pdf', '3,41 MB', 0, 1, 46, 46, '2020-04-07 09:38:26', '2020-04-07 09:38:26', NULL),
(122, 14, 'K-K-SBY-2004-016', 'KAS KELUAR SURABAYA TGL 01 April 2020', NULL, '2020-04-01', 2020, '1586252328_SBY-2004-016.pdf', 'pdf', '2,4 MB', 0, 1, 46, 46, '2020-04-07 09:38:48', '2020-04-07 09:38:48', NULL),
(123, 14, 'K-K-SBY-2004-017', 'KAS KELUAR SURABAYA TGL 02 April 2020', NULL, '2020-04-02', 2020, '1586307119_SBY-2004-017.pdf', 'pdf', '2,45 MB', 0, 1, 46, 46, '2020-04-08 00:51:59', '2020-04-08 00:51:59', NULL),
(124, 14, 'K-K-SBY-2004-018', 'KAS KELUAR SURABAYA TGL 02 April 2020', NULL, '2020-04-02', 2020, '1586307142_SBY-2004-018.pdf', 'pdf', '3,13 MB', 0, 1, 46, 46, '2020-04-08 00:52:22', '2020-04-08 00:52:22', NULL),
(125, 14, 'K-K-SBY-2004-019', 'KAS KELUAR SURABAYA TGL 02 April 2020', NULL, '2020-04-02', 2020, '1586307162_SBY-2004-019.pdf', 'pdf', '3,52 MB', 0, 1, 46, 46, '2020-04-08 00:52:42', '2020-04-08 00:52:42', NULL),
(126, 14, 'K-K-SBY-2004-020', 'KAS KELUAR SURABAYA TGL 02 April 2020', NULL, '2020-04-02', 2020, '1586307184_SBY-2004-020.pdf', 'pdf', '2,35 MB', 0, 1, 46, 46, '2020-04-08 00:53:04', '2020-04-08 00:53:04', NULL),
(127, 14, 'K-K-SBY-2004-021', 'KAS KELUAR SURABAYA TGL 02 April 2020', NULL, '2020-04-02', 2020, '1586307207_SBY-2004-021.pdf', 'pdf', '2,31 MB', 0, 1, 46, 46, '2020-04-08 00:53:27', '2020-04-08 00:53:27', NULL),
(128, 14, 'K-K-SBY-2004-022', 'KAS KELUAR SURABAYA TGL 02 April 2020', NULL, '2020-04-02', 2020, '1586307262_SBY-2004-022.pdf', 'pdf', '598,82 KB', 0, 1, 46, 46, '2020-04-08 00:54:22', '2020-04-08 00:54:22', NULL),
(129, 14, 'K-K-SBY-2004-023', 'KAS KELUAR SURABAYA TGL 02 April 2020', NULL, '2020-04-02', 2020, '1586307283_SBY-2004-023.pdf', 'pdf', '670,27 KB', 0, 1, 46, 46, '2020-04-08 00:54:43', '2020-04-08 00:54:43', NULL),
(130, 14, 'K-K-SBY-2004-024', 'KAS KELUAR SURABAYA TGL 02 April 2020', NULL, '2020-04-02', 2020, '1586307304_SBY-2004-024.pdf', 'pdf', '287,78 KB', 0, 1, 46, 46, '2020-04-08 00:55:04', '2020-04-08 00:55:04', NULL),
(131, 14, 'K-K-SBY-2004-025', 'KAS KELUAR SURABAYA TGL 02 April 2020', NULL, '2020-04-02', 2020, '1586307327_SBY-2004-025.pdf', 'pdf', '300,88 KB', 0, 1, 46, 46, '2020-04-08 00:55:27', '2020-04-08 00:55:27', NULL),
(132, 14, 'K-K-SBY-2004-026', 'KAS KELUAR SURABAYA TGL 02 April 2020', NULL, '2020-04-02', 2020, '1586307348_SBY-2004-026.pdf', 'pdf', '3,84 MB', 0, 1, 46, 46, '2020-04-08 00:55:48', '2020-04-08 00:55:48', NULL),
(133, 14, 'K-K-SBY-2004-027', 'KAS KELUAR SURABAYA TGL 02 April 2020', NULL, '2020-04-02', 2020, '1586307470_SBY-2004-027.pdf', 'pdf', '1,22 MB', 0, 1, 46, 46, '2020-04-08 00:57:50', '2020-04-08 00:57:50', NULL),
(134, 14, 'K-K-SBY-2004-028', 'KAS KELUAR SURABAYA TGL 02 April 2020', NULL, '2020-04-02', 2020, '1586307491_SBY-2004-028.pdf', 'pdf', '4,64 MB', 0, 1, 46, 46, '2020-04-08 00:58:11', '2020-04-08 00:58:11', NULL),
(135, 14, 'K-K-SBY-2004-029', 'KAS KELUAR SURABAYA TGL 02 April 2020', NULL, '2020-04-02', 2020, '1586307512_SBY-2004-029.pdf', 'pdf', '282,95 KB', 0, 1, 46, 46, '2020-04-08 00:58:32', '2020-04-08 00:58:32', NULL),
(136, 14, 'K-K-SBY-2004-030', 'KAS KELUAR SURABAYA TGL 02 April 2020', NULL, '2020-04-02', 2020, '1586307559_SBY-2004-030.pdf', 'pdf', '157,47 KB', 0, 1, 46, 46, '2020-04-08 00:59:19', '2020-04-08 00:59:19', NULL),
(137, 14, 'K-K-SBY-2004-031', 'KAS KELUAR SURABAYA TGL 02 April 2020', NULL, '2020-04-02', 2020, '1586307581_SBY-2004-031.pdf', 'pdf', '469,84 KB', 0, 1, 46, 46, '2020-04-08 00:59:41', '2020-04-08 00:59:41', NULL),
(138, 14, 'K-K-SBY-2004-032', 'KAS KELUAR SURABAYA TGL 02 April 2020', NULL, '2020-04-02', 2020, '1586307599_SBY-2004-032.pdf', 'pdf', '377,66 KB', 0, 1, 46, 46, '2020-04-08 00:59:59', '2020-04-08 00:59:59', NULL),
(139, 14, 'K-K-SBY-2004-033', 'KAS KELUAR SURABAYA TGL 02 April 2020', NULL, '2020-04-02', 2020, '1586307626_SBY-2004-033.pdf', 'pdf', '394,43 KB', 1, 1, 46, 46, '2020-04-08 01:00:26', '2020-06-15 04:55:26', NULL),
(140, 14, 'K-K-SBY-2004-034', 'KAS KELUAR SURABAYA TGL 03 April 2020', NULL, '2020-04-03', 2020, '1586308146_SBY-2004-034.pdf', 'pdf', '3,89 MB', 0, 1, 46, 46, '2020-04-08 01:09:06', '2020-04-08 01:09:06', NULL),
(141, 14, 'K-K-SBY-2004-035', 'KAS KELUAR SURABAYA TGL 03 April 2020', NULL, '2020-04-03', 2020, '1586308172_SBY-2004-035.pdf', 'pdf', '3,27 MB', 4, 1, 46, 46, '2020-04-08 01:09:32', '2020-06-30 05:02:27', NULL),
(142, 14, 'K-K-SBY-2004-036', 'KAS KELUAR SURABAYA TGL 03 April 2020', NULL, '2020-04-03', 2020, '1586308193_SBY-2004-036.pdf', 'pdf', '3,96 MB', 0, 1, 46, 46, '2020-04-08 01:09:53', '2020-04-08 01:09:53', NULL),
(143, 14, 'K-K-SBY-2004-037', 'KAS KELUAR SURABAYA TGL 03 April 2020', NULL, '2020-04-03', 2020, '1586308217_SBY-2004-037.pdf', 'pdf', '1,56 MB', 0, 1, 46, 46, '2020-04-08 01:10:17', '2020-04-08 01:10:17', NULL),
(144, 14, 'K-K-SBY-2004-038', 'KAS KELUAR SURABAYA TGL 03 April 2020', NULL, '2020-04-03', 2020, '1586308238_SBY-2004-038.pdf', 'pdf', '370,55 KB', 0, 1, 46, 46, '2020-04-08 01:10:38', '2020-04-08 01:10:38', NULL),
(145, 14, 'K-K-SBY-2004-039', 'KAS KELUAR SURABAYA TGL 03 April 2020', NULL, '2020-04-03', 2020, '1586308260_SBY-2004-039.pdf', 'pdf', '372,99 KB', 0, 1, 46, 46, '2020-04-08 01:11:00', '2020-04-08 01:11:00', NULL),
(146, 14, 'K-K-SBY-2004-040', 'KAS KELUAR SURABAYA TGL 03 April 2020', NULL, '2020-04-03', 2020, '1586308281_SBY-2004-040.pdf', 'pdf', '349,62 KB', 0, 1, 46, 46, '2020-04-08 01:11:21', '2020-04-08 01:11:21', NULL),
(147, 14, 'K-K-SBY-2004-041', 'KAS KELUAR SURABAYA TGL 03 April 2020', NULL, '2020-04-03', 2020, '1586308302_SBY-2004-041.pdf', 'pdf', '1,76 MB', 0, 1, 46, 46, '2020-04-08 01:11:42', '2020-04-08 01:11:42', NULL),
(150, 14, 'K-K-SBY-2004-043', 'KAS KELUAR SURABAYA TGL 03 April 2020', NULL, '2020-04-03', 2020, '1586308389_SBY-2004-043.pdf', 'pdf', '282,3 KB', 0, 1, 46, 46, '2020-04-08 01:13:09', '2020-04-08 01:13:09', NULL),
(151, 14, 'K-K-SBY-2004-044', 'KAS KELUAR SURABAYA TGL 03 April 2020', NULL, '2020-04-03', 2020, '1586308418_SBY-2004-044.pdf', 'pdf', '2,01 MB', 0, 1, 46, 46, '2020-04-08 01:13:38', '2020-04-08 01:13:38', NULL),
(152, 14, 'K-K-SBY-2004-045', 'KAS KELUAR SURABAYA TGL 03 April 2020', NULL, '2020-04-03', 2020, '1586308445_SBY-2004-045.pdf', 'pdf', '1,82 MB', 0, 1, 46, 46, '2020-04-08 01:14:05', '2020-04-08 01:14:05', NULL),
(153, 14, 'K-K-SBY-2004-046', 'KAS KELUAR SURABAYA TGL 03 April 2020', NULL, '2020-04-03', 2020, '1586308473_SBY-2004-046.pdf', 'pdf', '3,31 MB', 0, 1, 46, 46, '2020-04-08 01:14:33', '2020-04-08 01:14:33', NULL),
(154, 14, 'K-K-SBY-2004-047', 'KAS KELUAR SURABAYA TGL 03 April 2020', NULL, '2020-04-03', 2020, '1586308537_SBY-2004-047.pdf', 'pdf', '14,68 MB', 0, 1, 46, 46, '2020-04-08 01:15:37', '2020-04-08 01:15:37', NULL),
(155, 14, 'K-K-SBY-2004-048', 'KAS KELUAR SURABAYA TGL 03 April 2020', NULL, '2020-04-03', 2020, '1586308559_SBY-2004-048.pdf', 'pdf', '2,55 MB', 0, 1, 46, 46, '2020-04-08 01:15:59', '2020-04-08 01:15:59', NULL),
(156, 14, 'K-K-SBY-2004-049', 'KAS KELUAR SURABAYA TGL 03 April 2020', NULL, '2020-04-03', 2020, '1586308584_SBY-2004-049.pdf', 'pdf', '1,41 MB', 0, 1, 46, 46, '2020-04-08 01:16:24', '2020-04-08 01:16:24', NULL),
(157, 14, 'K-K-SBY-2004-050', 'KAS KELUAR SURABAYA TGL 03 April 2020', NULL, '2020-04-03', 2020, '1586308603_SBY-2004-050.pdf', 'pdf', '312,8 KB', 0, 1, 46, 46, '2020-04-08 01:16:43', '2020-04-08 01:16:43', NULL),
(158, 14, 'K-K-SBY-2004-051', 'KAS KELUAR SURABAYA TGL 03 April 2020', NULL, '2020-04-03', 2020, '1586308624_SBY-2004-051.pdf', 'pdf', '2,92 MB', 0, 1, 46, 46, '2020-04-08 01:17:04', '2020-04-08 01:17:04', NULL),
(159, 14, 'K-K-SBY-2004-052', 'KAS KELUAR SURABAYA TGL 03 April 2020', NULL, '2020-04-03', 2020, '1586308646_SBY-2004-052.pdf', 'pdf', '534,39 KB', 0, 1, 46, 46, '2020-04-08 01:17:26', '2020-04-08 01:17:26', NULL),
(161, 14, 'K-K-SBY-2004-042(2)', 'KAS KELUAR SURABAYA TGL 03 April 2020', NULL, '2020-04-03', 2020, '1586319456_SBY-2004-042.pdf', 'pdf', '1,61 MB', 0, 1, 46, 46, '2020-04-08 04:17:36', '2020-04-08 04:17:36', NULL),
(162, 14, 'K-K-SBY-2004-053', 'KAS KELUAR SURABAYA TGL 06 April 2020', NULL, '2020-04-06', 2020, '1586319510_SBY-2004-053.pdf', 'pdf', '2,55 MB', 0, 1, 46, 46, '2020-04-08 04:18:30', '2020-04-08 04:18:30', NULL),
(163, 14, 'K-K-SBY-2004-055', 'KAS KELUAR SURABAYA TGL 06 April 2020', NULL, '2020-04-06', 2020, '1586319543_SBY-2004-055.pdf', 'pdf', '1,7 MB', 0, 1, 46, 46, '2020-04-08 04:19:03', '2020-04-08 04:19:03', NULL),
(164, 14, 'K-K-SBY-2004-057', 'KAS KELUAR SURABAYA TGL 06 April 2020', NULL, '2020-04-06', 2020, '1586319586_SBY-2004-057.pdf', 'pdf', '3,41 MB', 0, 1, 46, 46, '2020-04-08 04:19:46', '2020-04-08 04:19:46', NULL),
(165, 14, 'K-K-SBY-2004-058', 'KAS KELUAR SURABAYA TGL 06 April 2020', NULL, '2020-04-06', 2020, '1586319613_SBY-2004-058.pdf', 'pdf', '5,22 MB', 0, 1, 46, 46, '2020-04-08 04:20:13', '2020-04-08 04:20:13', NULL),
(166, 14, 'K-K-SBY-2004-059', 'KAS KELUAR SURABAYA TGL 06 April 2020', NULL, '2020-04-06', 2020, '1586319638_SBY-2004-059.pdf', 'pdf', '202,95 KB', 0, 1, 46, 46, '2020-04-08 04:20:38', '2020-04-08 04:20:38', NULL),
(167, 14, 'K-K-SBY-2004-060', 'KAS KELUAR SURABAYA TGL 06 April 2020', NULL, '2020-04-06', 2020, '1586319759_SBY-2004-060.pdf', 'pdf', '389,34 KB', 0, 1, 46, 46, '2020-04-08 04:22:39', '2020-04-08 04:22:39', NULL),
(168, 14, 'K-K-SBY-2004-061', 'KAS KELUAR SURABAYA TGL 06 April 2020', NULL, '2020-04-06', 2020, '1586319813_SBY-2004-061.pdf', 'pdf', '1,31 MB', 0, 1, 46, 46, '2020-04-08 04:23:33', '2020-04-08 04:23:33', NULL),
(169, 14, 'K-K-SBY-2004-062', 'KAS KELUAR SURABAYA TGL 06 April 2020', NULL, '2020-04-06', 2020, '1586319835_SBY-2004-062.pdf', 'pdf', '480,62 KB', 0, 1, 46, 46, '2020-04-08 04:23:55', '2020-04-08 04:23:55', NULL),
(170, 14, 'K-K-SBY-2004-063', 'KAS KELUAR SURABAYA TGL 06 April 2020', NULL, '2020-04-06', 2020, '1586319856_SBY-2004-063.pdf', 'pdf', '159,65 KB', 0, 1, 46, 46, '2020-04-08 04:24:16', '2020-04-08 04:24:16', NULL),
(171, 14, 'K-K-SBY-2004-064', 'KAS KELUAR SURABAYA TGL 06 April 2020', NULL, '2020-04-06', 2020, '1586319880_SBY-2004-064.pdf', 'pdf', '192,75 KB', 0, 1, 46, 46, '2020-04-08 04:24:40', '2020-04-08 04:24:40', NULL),
(172, 14, 'K-K-SBY-2004-065', 'KAS KELUAR SURABAYA TGL 06 April 2020', NULL, '2020-04-06', 2020, '1586319984_SBY-2004-065.pdf', 'pdf', '430,03 KB', 0, 1, 46, 46, '2020-04-08 04:26:24', '2020-04-08 04:26:24', NULL),
(173, 14, 'K-K-SBY-2004-066', 'KAS KELUAR SURABAYA TGL 06 April 2020', NULL, '2020-04-06', 2020, '1586320010_SBY-2004-066.pdf', 'pdf', '7,38 MB', 0, 1, 46, 46, '2020-04-08 04:26:50', '2020-04-08 04:26:50', NULL),
(174, 14, 'K-K-SBY-2004-067', 'KAS KELUAR SURABAYA TGL 06 April 2020', NULL, '2020-04-06', 2020, '1586320039_SBY-2004-067.pdf', 'pdf', '4,27 MB', 0, 1, 46, 46, '2020-04-08 04:27:19', '2020-04-08 04:27:19', NULL),
(175, 14, 'K-K-SBY-2004-068', 'KAS KELUAR SURABAYA TGL 06 April 2020', NULL, '2020-04-06', 2020, '1586320068_SBY-2004-068.pdf', 'pdf', '277,57 KB', 0, 1, 46, 46, '2020-04-08 04:27:48', '2020-04-08 04:27:48', NULL),
(176, 14, 'K-K-SBY-2004-069', 'KAS KELUAR SURABAYA TGL 06 April 2020', NULL, '2020-04-06', 2020, '1586320089_SBY-2004-069.pdf', 'pdf', '1,51 MB', 0, 1, 46, 46, '2020-04-08 04:28:09', '2020-04-08 04:28:09', NULL),
(177, 14, 'K-K-SBY-2004-070', 'KAS KELUAR SURABAYA TGL 06 April 2020', NULL, '2020-04-06', 2020, '1586320113_SBY-2004-070.pdf', 'pdf', '1,22 MB', 0, 1, 46, 46, '2020-04-08 04:28:33', '2020-04-08 04:28:33', NULL),
(178, 14, 'K-K-SBY-2004-071', 'KAS KELUAR SURABAYA TGL 06 April 2020', NULL, '2020-04-06', 2020, '1586320135_SBY-2004-071.pdf', 'pdf', '219,51 KB', 0, 1, 46, 46, '2020-04-08 04:28:55', '2020-04-08 04:28:55', NULL),
(179, 10, 'FIN-SBY-2020-IV-0006', 'PENGAJUAN DANA KAS SURABAYA TGL 01 - 02 APRIL 2020', NULL, '2020-04-08', 2020, '1586334778_FIN-SBY-2020-IV-0006 KRM TGL 8 APR 20.pdf', 'pdf', '379,28 KB', 0, 1, 43, 43, '2020-04-08 08:32:58', '2020-04-08 08:32:58', NULL),
(180, 10, 'FIN-SBY-2020-IV-0003', 'PENGAJUAN DANA PERJALANAN KARYAWAN PER 01 - 15 APRIL 2020', NULL, '2020-04-08', 2020, '1586334901_FIN-SBY-2020-IV-0003 krm tgl 8 apr 20.pdf', 'pdf', '1,44 MB', 0, 1, 43, 43, '2020-04-08 08:35:01', '2020-04-08 08:35:01', NULL),
(183, 14, 'K-K-SBY-2004-074', 'KAS KELUAR SURABAYA TGL 07 APRIL 2020', NULL, '2020-04-07', 2020, '1586338201_K-K-SBY-2004-074.pdf', 'pdf', '3,84 MB', 0, 1, 43, 43, '2020-04-08 09:30:01', '2020-04-08 09:30:01', NULL),
(184, 14, 'K-K-SBY-2004-075', 'KAS KELUAR SURABAYA TGL 07 APRIL 2020', NULL, '2020-04-07', 2020, '1586338242_K-K-SBY-2004-075.pdf', 'pdf', '1,75 MB', 0, 1, 43, 43, '2020-04-08 09:30:42', '2020-04-08 09:30:42', NULL),
(185, 14, 'K-K-SBY-2004-076', 'KAS KELUAR SURABAYA TGL 07 APRIL 2020', NULL, '2020-04-07', 2020, '1586338321_K-K-SBY-2004-076.pdf', 'pdf', '402,67 KB', 0, 1, 43, 43, '2020-04-08 09:32:01', '2020-04-08 09:32:01', NULL),
(186, 14, 'K-K-SBY-2004-077', 'KAS KELUAR SURABAYA TGL 07 APRIL 2020', NULL, '2020-04-07', 2020, '1586338359_K-K-SBY-2004-077.pdf', 'pdf', '2,92 MB', 0, 1, 43, 43, '2020-04-08 09:32:39', '2020-04-08 09:32:39', NULL),
(187, 14, 'K-K-SBY-2004-078', 'KAS KELUAR SURABAYA TGL 07 APRIL 2020', NULL, '2020-04-07', 2020, '1586338431_K-K-SBY-2004-078.pdf', 'pdf', '5,66 MB', 0, 1, 43, 43, '2020-04-08 09:33:51', '2020-04-08 09:33:51', NULL),
(188, 14, 'K-K-SBY-2004-079', 'KAS KELUAR SURABAYA TGL 07 APRIL 2020', NULL, '2020-04-07', 2020, '1586338513_K-K-SBY-2004-079.pdf', 'pdf', '5,21 MB', 0, 1, 43, 43, '2020-04-08 09:35:13', '2020-04-08 09:35:13', NULL),
(189, 14, 'K-K-SBY-2004-081', 'KAS KELUAR SURABAYA TGL 07 APRIL 2020', NULL, '2020-04-07', 2020, '1586338802_K-K-SBY-2004-081.pdf', 'pdf', '303,76 KB', 0, 1, 43, 43, '2020-04-08 09:40:02', '2020-04-08 09:40:02', NULL),
(190, 14, 'K-K-SBY-2004-082', 'KAS KELUAR SURABAYA TGL 07 APRIL 2020', NULL, '2020-04-07', 2020, '1586395223_K-K-SBY-2004-082.pdf', 'pdf', '288,33 KB', 0, 1, 43, 43, '2020-04-09 01:20:23', '2020-04-09 01:20:23', NULL),
(191, 14, 'K-K-SBY-2004-083', 'KAS KELUAR SURABAYA TGL 07 APRIL 2020', NULL, '2020-04-07', 2020, '1586395255_K-K-SBY-2004-083.pdf', 'pdf', '683,21 KB', 0, 1, 43, 43, '2020-04-09 01:20:55', '2020-04-09 01:20:55', NULL),
(192, 14, 'K-K-SBY-2004-084', 'KAS KELUAR SURABAYA TGL 07 APRIL 2020', NULL, '2020-04-07', 2020, '1586395278_K-K-SBY-2004-084.pdf', 'pdf', '625,45 KB', 0, 1, 43, 43, '2020-04-09 01:21:18', '2020-04-09 01:21:18', NULL),
(193, 14, 'K-K-SBY-2004-086', 'KAS KELUAR SURABAYA TGL 07 APRIL 2020', NULL, '2020-04-07', 2020, '1586395304_K-K-SBY-2004-086.pdf', 'pdf', '1,69 MB', 0, 2, 43, 43, '2020-04-09 01:21:44', '2020-04-09 02:03:36', 43),
(194, 14, 'K-K-SBY-2004-087', 'KAS KELUAR SURABAYA TGL 07 APRIL 2020', NULL, '2020-04-07', 2020, '1586395320_K-K-SBY-2004-087.pdf', 'pdf', '166,74 KB', 0, 1, 43, 43, '2020-04-09 01:22:00', '2020-04-09 01:22:00', NULL),
(195, 14, 'K-K-SBY-2004-088', 'KAS KELUAR SURABAYA TGL 07 APRIL 2020', NULL, '2020-04-07', 2020, '1586395345_K-K-SBY-2004-088.pdf', 'pdf', '2,34 MB', 0, 1, 43, 43, '2020-04-09 01:22:25', '2020-04-09 01:22:25', NULL),
(196, 14, 'K-K-SBY-2004-089', 'KAS KELUAR SURABAYA TGL 07 APRIL 2020', NULL, '2020-04-07', 2020, '1586395366_K-K-SBY-2004-089.pdf', 'pdf', '6,96 MB', 0, 2, 43, 43, '2020-04-09 01:22:46', '2020-04-09 09:03:55', 46),
(197, 14, 'K-K-SBY-2004-090', 'KAS KELUAR SURABAYA TGL 07 APRIL 2020', NULL, '2020-04-07', 2020, '1586395387_K-K-SBY-2004-090.pdf', 'pdf', '506,33 KB', 0, 1, 43, 43, '2020-04-09 01:23:07', '2020-04-09 01:23:07', NULL),
(198, 14, 'K-K-SBY-2004-091', 'KAS KELUAR SURABAYA TGL 07 APRIL 2020', NULL, '2020-04-07', 2020, '1586395405_K-K-SBY-2004-091.pdf', 'pdf', '318,85 KB', 0, 1, 43, 43, '2020-04-09 01:23:25', '2020-04-09 01:23:25', NULL),
(199, 14, 'K-K-SBY-2004-093', 'KAS KELUAR SURABAYA TGL 07 APRIL 2020', NULL, '2020-04-07', 2020, '1586395426_K-K-SBY-2004-093.pdf', 'pdf', '792,51 KB', 0, 1, 43, 43, '2020-04-09 01:23:46', '2020-04-09 01:23:46', NULL),
(200, 14, 'K-K-SBY-2004-092', 'KAS KELUAR SURABAYA TGL 07 APRIL 2020', NULL, '2020-04-07', 2020, '1586395442_K-K-SBY-2004-092.pdf', 'pdf', '170,96 KB', 0, 1, 43, 43, '2020-04-09 01:24:02', '2020-04-09 01:24:02', NULL),
(201, 14, 'K-K-SBY-2004-072', 'KAS KELUAR SURABAYA TGL 07 April 2020', NULL, '2020-04-07', 2020, '1586422253_K-K-SBY-2004-072.pdf', 'pdf', '4,15 MB', 0, 2, 46, 46, '2020-04-09 08:50:53', '2020-04-09 08:51:24', 46),
(202, 14, 'K-K-SBY-2004-072', 'KAS KELUAR SURABAYA TGL 07 April 2020', NULL, '2020-04-07', 2020, '1586422366_K-K-SBY-2004-072.pdf', 'pdf', '5,85 MB', 0, 2, 46, 46, '2020-04-09 08:52:46', '2020-04-09 09:01:32', 46),
(203, 14, 'K-K-SBY-2004-073', 'KAS KELUAR SURABAYA TGL 07 April 2020', NULL, '2020-04-07', 2020, '1586422430_K-K-SBY-2004-073..pdf', 'pdf', '4,15 MB', 0, 2, 46, 46, '2020-04-09 08:53:50', '2020-04-09 08:58:06', 46),
(204, 14, 'K-K-SBY-2004-073', 'KAS KELUAR SURABAYA TGL 07 April 2020', NULL, '2020-04-07', 2020, '1586422708_K-K-SBY-2004-072.pdf', 'pdf', '5,85 MB', 0, 2, 46, 46, '2020-04-09 08:58:28', '2020-04-09 08:58:34', 46),
(205, 14, 'K-K-SBY-2004-073', 'KAS KELUAR SURABAYA TGL 07 April 2020', NULL, '2020-04-07', 2020, '1586422769_K-K-SBY-2004-073.pdf', 'pdf', '967,25 KB', 0, 1, 46, 46, '2020-04-09 08:59:29', '2020-04-09 08:59:29', NULL),
(206, 14, 'K-K-SBY-2004-072', 'KAS KELUAR SURABAYA TGL 07 April 2020', NULL, '2020-04-07', 2020, '1586423008_K-K-SBY-2004-072.pdf', 'pdf', '1,29 MB', 0, 1, 46, 46, '2020-04-09 09:03:28', '2020-04-09 09:03:28', NULL),
(207, 14, 'K-K-SBY-2004-089', 'KAS KELUAR SURABAYA TGL 07 April 2020', NULL, '2020-04-07', 2020, '1586423063_K-K-SBY-2004-089.pdf', 'pdf', '1,37 MB', 0, 1, 46, 46, '2020-04-09 09:04:23', '2020-04-09 09:04:23', NULL),
(209, 14, 'K-K-SBY-2004-094', 'KAS KELUAR SURABAYA TGL 07 April 2020', NULL, '2020-04-07', 2020, '1586740635_K-K-SBY-2004-094.pdf', 'pdf', '651,46 KB', 0, 1, 46, 46, '2020-04-13 01:17:15', '2020-04-13 01:17:15', NULL),
(210, 14, 'K-K-SBY-2004-097', 'KAS KELUAR SURABAYA TGL 07 April 2020', NULL, '2020-04-07', 2020, '1586740668_K-K-SBY-2004-097.pdf', 'pdf', '1,85 MB', 0, 2, 46, 46, '2020-04-13 01:17:48', '2020-04-13 01:18:07', 46),
(211, 14, 'K-K-SBY-2004-097', 'KAS KELUAR SURABAYA TGL 07 April 2020', NULL, '2020-04-07', 2020, '1586740740_K-K-SBY-2004-097.pdf', 'pdf', '1,85 MB', 0, 1, 46, 46, '2020-04-13 01:19:00', '2020-04-13 01:19:00', NULL),
(212, 14, 'K-K-SBY-2004-098', 'KAS KELUAR SURABAYA TGL 07 April 2020', NULL, '2020-04-07', 2020, '1586743305_K-K-SBY-2004-098.pdf', 'pdf', '3,63 MB', 0, 1, 46, 46, '2020-04-13 02:01:45', '2020-04-13 02:01:45', NULL),
(213, 14, 'K-K-SBY-2004-099', 'KAS KELUAR SURABAYA TGL 07 April 2020', NULL, '2020-04-07', 2020, '1586743423_K-K-SBY-2004-099.pdf', 'pdf', '944,23 KB', 0, 1, 46, 46, '2020-04-13 02:03:43', '2020-04-13 02:03:43', NULL),
(214, 14, 'K-K-SBY-2004-100', 'KAS KELUAR SURABAYA TGL 07 April 2020', NULL, '2020-04-07', 2020, '1586743476_M-K-SBY-2004-001.pdf', 'pdf', '342,76 KB', 0, 2, 46, 46, '2020-04-13 02:04:36', '2020-04-13 02:04:49', 46),
(215, 14, 'K-K-SBY-2004-100', 'KAS KELUAR SURABAYA TGL 07 April 2020', NULL, '2020-04-07', 2020, '1586743514_K-K-SBY-2004-100.pdf', 'pdf', '652,56 KB', 0, 1, 46, 46, '2020-04-13 02:05:14', '2020-04-13 02:05:14', NULL),
(216, 14, 'K-K-SBY-2004-101', 'KAS KELUAR SURABAYA TGL 08 April 2020', NULL, '2020-04-08', 2020, '1586743592_K-K-SBY-2004-101.pdf', 'pdf', '247,8 KB', 0, 1, 46, 46, '2020-04-13 02:06:32', '2020-04-13 02:06:32', NULL),
(217, 32, 'Proposal 01', 'Proposal Pengajuan ISP GD Kedinding', 'pengajuan ppppa\r\nppppp', '2020-04-15', 2020, '1587011170_20200413170516.pdf', 'pdf', '1,51 MB', 0, 1, 40, 40, '2020-04-16 04:26:10', '2020-04-16 04:26:10', NULL),
(218, 15, 'M-JTM-SBY-2004-01', 'BANK JATIM MASUK', NULL, '2020-04-07', 2020, '1587112176_M-JTM-SBY-2004-01.pdf', 'pdf', '443,65 KB', 0, 1, 60, 60, '2020-04-17 08:29:36', '2020-04-17 08:29:36', NULL),
(219, 15, 'M-JTM-SBY-2004-02,03,04,05,06', 'BANK JATIM MASUK', NULL, '2020-04-07', 2020, '1587112254_M-JTM-SBY-2004-02,03,04,05,06.pdf', 'pdf', '9,02 MB', 0, 1, 60, 60, '2020-04-17 08:30:54', '2020-04-17 08:30:54', NULL),
(220, 15, 'M-JTM-SBY-2004-07,08', 'BANK JATIM MASUK', NULL, '2020-04-07', 2020, '1587112296_M-JTM-SBY-2004-07,08.pdf', 'pdf', '2,57 MB', 0, 1, 60, 60, '2020-04-17 08:31:36', '2020-04-17 08:31:36', NULL),
(221, 15, 'M-JTM-SBY-2004-09,10', 'BANK JATIM MASUK', NULL, '2020-04-07', 2020, '1587112328_M-JTM-SBY-2004-09,10.pdf', 'pdf', '3,8 MB', 0, 1, 60, 60, '2020-04-17 08:32:08', '2020-04-17 08:32:08', NULL),
(222, 15, 'M-JTM-SBY-2004-11', 'BANK JATIM MASUK', NULL, '2020-04-07', 2020, '1587112356_M-JTM-SBY-2004-11.pdf', 'pdf', '1,5 MB', 0, 1, 60, 60, '2020-04-17 08:32:36', '2020-04-17 08:32:36', NULL),
(223, 15, 'M-JTM-SBY-2004-12,13,14,15,16,17,18,19', 'BANK JATIM MASUK', NULL, '2020-04-07', 2020, '1587112400_M-JTM-SBY-2004-12,13,14,15,16,17,18,19.pdf', 'pdf', '15,47 MB', 0, 1, 60, 60, '2020-04-17 08:33:20', '2020-04-17 08:33:30', NULL),
(224, 15, 'M-JTM-SBY-2004-20,21', 'BANK JATIM MASUK', NULL, '2020-04-07', 2020, '1587112461_M-JTM-SBY-2004-20,21.pdf', 'pdf', '7,07 MB', 0, 1, 60, 60, '2020-04-17 08:34:21', '2020-04-17 08:34:21', NULL),
(225, 15, 'M-JTM-SBY-2004-22,23,24,25', 'BANK JATIM MASUK', NULL, '2020-04-07', 2020, '1587112500_M-JTM-SBY-2004-22,23,24,25.pdf', 'pdf', '5,86 MB', 0, 1, 60, 60, '2020-04-17 08:35:00', '2020-04-17 08:35:00', NULL),
(226, 15, 'M-JTM-SBY-2004-26,27,28 & K-JTM-SBY-2004-01,02,03', 'BANK JATIM MASUK & BANK JATIM KELUAR', NULL, '2020-04-07', 2020, '1587112540_M-JTM-SBY-2004-26,27,28 & K-JTM-SBY-2004-01,02,03.pdf', 'pdf', '5,89 MB', 0, 1, 60, 60, '2020-04-17 08:35:40', '2020-04-17 08:35:40', NULL),
(227, 15, 'M-PMT-SBY-2004-001', 'BANK PERMATA MASUK', NULL, '2020-04-09', 2020, '1587112647_M-PMT-SBY-2004-001.pdf', 'pdf', '2,54 MB', 0, 1, 60, 60, '2020-04-17 08:37:27', '2020-04-17 08:37:27', NULL),
(228, 15, 'M-PMT-SBY-2004-002', 'BANK PERMATA MASUK', NULL, '2020-04-09', 2020, '1587112674_M-PMT-SBY-2004-002.pdf', 'pdf', '1,62 MB', 0, 1, 60, 60, '2020-04-17 08:37:54', '2020-04-17 08:37:54', NULL),
(229, 15, 'M-PMT-SBY-2004-003', 'BANK PERMATA MASUK', NULL, '2020-04-09', 2020, '1587112700_M-PMT-SBY-2004-003.pdf', 'pdf', '1,97 MB', 0, 1, 60, 60, '2020-04-17 08:38:20', '2020-04-17 08:38:20', NULL),
(230, 15, 'M-PMT-SBY-2004-004', 'BANK PERMATA MASUK', NULL, '2020-04-09', 2020, '1587112879_M-PMT-SBY-2004-004.pdf', 'pdf', '1,73 MB', 0, 1, 60, 60, '2020-04-17 08:41:19', '2020-04-17 08:41:19', NULL),
(231, 15, 'M-PMT-SBY-2004-005', 'BANK PERMATA MASUK', NULL, '2020-04-09', 2020, '1587112945_M-PMT-SBY-2004-005.pdf', 'pdf', '2,97 MB', 2, 2, 60, 60, '2020-04-17 08:42:25', '2020-05-04 02:28:30', 60),
(232, 15, 'K-PMT-SBY-2004-01,02,03', 'BANK PERMATA KELUAR', NULL, '2020-04-09', 2020, '1587112980_K-PMT-SBY-2004-01,02,03.pdf', 'pdf', '1,22 MB', 0, 1, 60, 60, '2020-04-17 08:43:00', '2020-04-17 08:43:00', NULL),
(233, 15, 'MV-BCA-SBY-2004-001', 'VA BCA SBY MASUK', NULL, '2020-04-13', 2020, '1587113057_MV-BCA-SBY-2004-001.pdf', 'pdf', '1,36 MB', 0, 1, 60, 60, '2020-04-17 08:44:17', '2020-04-17 08:44:17', NULL),
(234, 15, 'MV-BCA-SBY-2004-002', 'VA BCA SBY MASUK', NULL, '2020-04-13', 2020, '1587113098_MV-BCA-SBY-2004-002.pdf', 'pdf', '2 MB', 0, 1, 60, 60, '2020-04-17 08:44:58', '2020-04-17 08:44:58', NULL),
(235, 15, 'MV-BCA-SBY-2004-003', 'VA BCA SBY MASUK', NULL, '2020-04-13', 2020, '1587113123_MV-BCA-SBY-2004-003.pdf', 'pdf', '1,61 MB', 0, 1, 60, 60, '2020-04-17 08:45:23', '2020-04-17 08:45:23', NULL);
INSERT INTO `arsip` (`id`, `jenis_id`, `nomor`, `nama_arsip`, `deskripsi`, `tgl_arsip`, `tahun`, `upload_file`, `format_file`, `file_size`, `jumlah_download`, `delete_status`, `created_by`, `updated_by`, `created_at`, `updated_at`, `deleted_by`) VALUES
(236, 15, 'MV-BNI-SBY-2004-001', 'VA BNI SBY MASUK', NULL, '2020-04-13', 2020, '1587113195_MV-BNI-SBY-2004-001.pdf', 'pdf', '1,27 MB', 0, 1, 60, 60, '2020-04-17 08:46:35', '2020-04-17 08:46:35', NULL),
(237, 15, 'MV-BNI-SBY-2004-002', 'VA BNI SBY MASUK', NULL, '2020-04-13', 2020, '1587113237_MV-BNI-SBY-2004-002.pdf', 'pdf', '1,27 MB', 0, 1, 60, 60, '2020-04-17 08:47:17', '2020-04-17 08:47:17', NULL),
(238, 15, 'MV-BNI-SBY-2004-003', 'VA BNI SBY MASUK', NULL, '2020-04-13', 2020, '1587113273_MV-BNI-SBY-2004-003.pdf', 'pdf', '1,15 MB', 0, 1, 60, 60, '2020-04-17 08:47:53', '2020-04-17 08:47:53', NULL),
(239, 15, 'MV-BNI-SBY-2004-004', 'VA BNI SBY MASUK', NULL, '2020-04-13', 2020, '1587113314_MV-BNI-SBY-2004-004.pdf', 'pdf', '2,8 MB', 0, 1, 60, 60, '2020-04-17 08:48:34', '2020-04-17 08:48:34', NULL),
(240, 15, 'MV-MAN-SBY-2004-0001', 'VA MAN SBY MASUK', NULL, '2020-04-08', 2020, '1587115121_MV-MAN-SBY-2004-0001.pdf', 'pdf', '1,98 MB', 0, 1, 60, 60, '2020-04-17 09:18:41', '2020-04-17 09:18:41', NULL),
(241, 15, 'MV-MAN-SBY-2004-0002', 'VA MAN SBY MASUK', NULL, '2020-04-08', 2020, '1587115168_MV-MAN-SBY-2004-0002.pdf', 'pdf', '1,51 MB', 0, 1, 60, 60, '2020-04-17 09:19:28', '2020-04-17 09:19:28', NULL),
(242, 15, 'MV-MAN-SBY-2004-0003', 'VA MAN SBY MASUK', NULL, '2020-04-08', 2020, '1587115318_MV-MAN-SBY-2004-0003.pdf', 'pdf', '1,2 MB', 0, 1, 60, 60, '2020-04-17 09:21:58', '2020-04-17 09:21:58', NULL),
(243, 15, 'MV-MAN-SBY-2004-0004', 'VA MAN SBY MASUK', NULL, '2020-04-08', 2020, '1587115744_MV-MAN-SBY-2004-0004.pdf', 'pdf', '1,54 MB', 0, 1, 60, 60, '2020-04-17 09:29:04', '2020-04-17 09:29:04', NULL),
(244, 15, 'MV-MAN-SBY-2004-0005', 'VA MAN SBY MASUK', NULL, '2020-04-08', 2020, '1587115775_MV-MAN-SBY-2004-0005.pdf', 'pdf', '860,79 KB', 0, 1, 60, 60, '2020-04-17 09:29:35', '2020-04-17 09:29:35', NULL),
(245, 15, 'MV-MAN-SBY-2004-0006', 'VA MAN SBY MASUK', NULL, '2020-04-08', 2020, '1587115833_MV-MAN-SBY-2004-0006.pdf', 'pdf', '3,38 MB', 0, 1, 60, 60, '2020-04-17 09:30:33', '2020-04-17 09:30:33', NULL),
(246, 15, 'MV-MAN-SBY-2004-0007', 'VA MAN SBY MASUK', NULL, '2020-04-08', 2020, '1587115858_MV-MAN-SBY-2004-0007.pdf', 'pdf', '1,03 MB', 0, 1, 60, 60, '2020-04-17 09:30:58', '2020-04-17 09:30:58', NULL),
(247, 15, 'MV-MAN-SBY-2004-0008', 'VA MAN SBY MASUK', NULL, '2020-04-08', 2020, '1587115883_MV-MAN-SBY-2004-0008.pdf', 'pdf', '4,6 MB', 0, 1, 60, 60, '2020-04-17 09:31:23', '2020-04-17 09:31:23', NULL),
(248, 15, 'MV-MAN-SBY-2004-0009', 'VA MAN SBY MASUK', NULL, '2020-04-08', 2020, '1587115915_MV-MAN-SBY-2004-0009.pdf', 'pdf', '2,22 MB', 0, 1, 60, 60, '2020-04-17 09:31:55', '2020-04-17 09:31:55', NULL),
(249, 15, 'MV-MAN-SBY-2004-0010', 'VA MAN SBY MASUK', NULL, '2020-04-08', 2020, '1587115949_MV-MAN-SBY-2004-0010.pdf', 'pdf', '1,29 MB', 0, 1, 60, 60, '2020-04-17 09:32:29', '2020-04-17 09:32:29', NULL),
(250, 15, 'MV-MAN-SBY-2004-0011', 'VA MAN SBY MASUK', NULL, '2020-04-08', 2020, '1587115973_MV-MAN-SBY-2004-0011.pdf', 'pdf', '1,25 MB', 0, 1, 60, 60, '2020-04-17 09:32:53', '2020-04-17 09:32:53', NULL),
(251, 15, 'MV-MAN-SBY-2004-0012', 'VA MAN SBY MASUK', NULL, '2020-04-08', 2020, '1587115997_MV-MAN-SBY-2004-0012.pdf', 'pdf', '1,84 MB', 0, 1, 60, 60, '2020-04-17 09:33:17', '2020-04-17 09:33:17', NULL),
(252, 15, 'KV-MAN-SBY-2004-0001,02,03,04,05,06', 'VA MAN SBY KELUAR', NULL, '2020-04-08', 2020, '1587116043_KV-MAN-SBY-2004-0001,02,03,04,05,06.pdf', 'pdf', '1,63 MB', 0, 1, 60, 60, '2020-04-17 09:34:03', '2020-04-17 09:34:03', NULL),
(253, 15, 'KV-MAN-SBY-2004-007', 'VA MAN SBY KELUAR', NULL, '2020-04-08', 2020, '1587116066_KV-MAN-SBY-2004-007.pdf', 'pdf', '714,35 KB', 0, 1, 60, 60, '2020-04-17 09:34:26', '2020-04-17 09:34:26', NULL),
(254, 15, 'KV-MAN-SBY-2004-08,09,10', 'VA MAN SBY KELUAR', NULL, '2020-04-08', 2020, '1587116090_KV-MAN-SBY-2004-08,09,10.pdf', 'pdf', '1,1 MB', 0, 1, 60, 60, '2020-04-17 09:34:50', '2020-04-17 09:34:50', NULL),
(255, 15, 'M-BCA-DM-I-2004-016', 'BANK  BCA JKT', NULL, '2020-04-08', 2020, '1587116193_M-BCA-DM-I-2004-016.pdf', 'pdf', '1,29 MB', 0, 1, 60, 60, '2020-04-17 09:36:33', '2020-04-17 09:36:33', NULL),
(256, 15, 'M-BNI-JKT-2004-009', 'BANK  BNI JKT', NULL, '2020-04-08', 2020, '1587116270_M-BNI-JKT-2004-009.pdf', 'pdf', '1,26 MB', 0, 1, 60, 60, '2020-04-17 09:37:50', '2020-04-17 09:37:50', NULL),
(257, 15, 'M-BNI-JKT-2004-010', 'BANK  BNI JKT', NULL, '2020-04-08', 2020, '1587116306_M-BNI-JKT-2004-010.pdf', 'pdf', '1,06 MB', 0, 1, 60, 60, '2020-04-17 09:38:26', '2020-04-17 09:38:26', NULL),
(258, 15, 'MV-BNI-SBY-2004-003', 'BANK  BNI JKT', NULL, '2020-04-08', 2020, '1587116345_MV-BNI-SBY-2004-003.pdf', 'pdf', '1,15 MB', 0, 2, 60, 60, '2020-04-17 09:39:05', '2020-04-17 09:39:36', 60),
(259, 15, 'M-BNI-JKT-2004-011', 'BANK  BNI JKT', NULL, '2020-04-08', 2020, '1587116403_M-BNI-JKT-2004-011.pdf', 'pdf', '2,67 MB', 0, 1, 60, 60, '2020-04-17 09:40:03', '2020-04-17 09:40:03', NULL),
(260, 15, 'M-BNI-JKT-2004-013', 'BANK  BNI JKT', NULL, '2020-04-08', 2020, '1587116500_M-BNI-JKT-2004-013.pdf', 'pdf', '899,74 KB', 0, 1, 60, 60, '2020-04-17 09:41:40', '2020-04-17 09:41:40', NULL),
(261, 15, 'M-BNI-JKT-2004-014', 'BANK  BNI JKT', NULL, '2020-04-08', 2020, '1587116617_M-BNI-JKT-2004-014.pdf', 'pdf', '931,69 KB', 0, 1, 60, 60, '2020-04-17 09:43:37', '2020-04-17 09:43:37', NULL),
(262, 14, 'K-K-SBY-2004-102', 'KAS KELUAR SURABAYA TGL 08 April 2020', NULL, '2020-04-08', 2020, '1587347732_K-K-SBY-2004-102.pdf', 'pdf', '65,92 KB', 0, 1, 46, 46, '2020-04-20 01:55:32', '2020-04-20 01:55:32', NULL),
(263, 14, 'K-K-SBY-2004-103', 'KAS KELUAR SURABAYA TGL 08 April 2020', NULL, '2020-04-08', 2020, '1587347760_K-K-SBY-2004-103.pdf', 'pdf', '40,33 KB', 0, 1, 46, 46, '2020-04-20 01:56:00', '2020-04-20 01:56:00', NULL),
(264, 14, 'K-K-SBY-2004-104', 'KAS KELUAR SURABAYA TGL 08 April 2020', NULL, '2020-04-08', 2020, '1587347786_K-K-SBY-2004-104.pdf', 'pdf', '561,98 KB', 0, 1, 46, 46, '2020-04-20 01:56:26', '2020-04-20 01:56:26', NULL),
(265, 14, 'K-K-SBY-2004-105', 'KAS KELUAR SURABAYA TGL 08 April 2020', NULL, '2020-04-08', 2020, '1587347823_K-K-SBY-2004-105.pdf', 'pdf', '647,63 KB', 0, 1, 46, 46, '2020-04-20 01:57:03', '2020-04-20 01:57:03', NULL),
(266, 14, 'K-K-SBY-2004-106', 'KAS KELUAR SURABAYA TGL 08 April 2020', NULL, '2020-04-08', 2020, '1587347841_K-K-SBY-2004-106.pdf', 'pdf', '527,82 KB', 0, 1, 46, 46, '2020-04-20 01:57:21', '2020-04-20 01:57:21', NULL),
(267, 14, 'K-K-SBY-2004-107', 'KAS KELUAR SURABAYA TGL 08 April 2020', NULL, '2020-04-08', 2020, '1587347898_K-K-SBY-2004-107.pdf', 'pdf', '277,14 KB', 0, 1, 46, 46, '2020-04-20 01:58:18', '2020-04-20 01:58:18', NULL),
(268, 14, 'K-K-SBY-2004-108', 'KAS KELUAR SURABAYA TGL 08 April 2020', NULL, '2020-04-08', 2020, '1587347919_K-K-SBY-2004-108.pdf', 'pdf', '273,61 KB', 0, 1, 46, 46, '2020-04-20 01:58:39', '2020-04-20 01:58:39', NULL),
(269, 14, 'K-K-SBY-2004-109', 'KAS KELUAR SURABAYA TGL 08 April 2020', NULL, '2020-04-08', 2020, '1587348117_K-K-SBY-2004-109.pdf', 'pdf', '9,18 MB', 0, 1, 46, 46, '2020-04-20 02:01:57', '2020-04-20 02:01:57', NULL),
(270, 14, 'K-K-SBY-2004-110', 'KAS KELUAR SURABAYA TGL 08 April 2020', NULL, '2020-04-08', 2020, '1587348140_K-K-SBY-2004-110.pdf', 'pdf', '1,26 MB', 0, 1, 46, 46, '2020-04-20 02:02:20', '2020-04-20 02:02:20', NULL),
(271, 14, 'K-K-SBY-2004-112', 'KAS KELUAR SURABAYA TGL 08 April 2020', NULL, '2020-04-08', 2020, '1587348347_K-K-SBY-2004-112.pdf', 'pdf', '328,58 KB', 0, 1, 46, 46, '2020-04-20 02:05:47', '2020-04-20 02:05:47', NULL),
(272, 14, 'K-K-SBY-2004-113', 'KAS KELUAR SURABAYA TGL 08 April 2020', NULL, '2020-04-08', 2020, '1587348391_K-K-SBY-2004-113.pdf', 'pdf', '73,58 KB', 0, 1, 46, 46, '2020-04-20 02:06:31', '2020-04-20 02:06:31', NULL),
(273, 14, 'K-K-SBY-2004-114', 'KAS KELUAR SURABAYA TGL 08 April 2020', NULL, '2020-04-08', 2020, '1587348414_K-K-SBY-2004-114.pdf', 'pdf', '66,98 KB', 0, 1, 46, 46, '2020-04-20 02:06:54', '2020-04-20 02:06:54', NULL),
(274, 14, 'K-K-SBY-2004-115', 'KAS KELUAR SURABAYA TGL 09 April 2020', NULL, '2020-04-09', 2020, '1587350712_K-K-SBY-2004-115.pdf', 'pdf', '4,97 MB', 0, 1, 46, 46, '2020-04-20 02:45:12', '2020-04-20 02:45:12', NULL),
(275, 14, 'K-K-SBY-2004-116', 'KAS KELUAR SURABAYA TGL 09 April 2020', NULL, '2020-04-09', 2020, '1587350735_K-K-SBY-2004-116.pdf', 'pdf', '3,36 MB', 0, 1, 46, 46, '2020-04-20 02:45:35', '2020-04-20 02:45:35', NULL),
(276, 14, 'K-K-SBY-2004-117', 'KAS KELUAR SURABAYA TGL 09 April 2020', NULL, '2020-04-09', 2020, '1587350764_K-K-SBY-2004-117.pdf', 'pdf', '8,46 MB', 0, 1, 46, 46, '2020-04-20 02:46:04', '2020-04-20 02:46:04', NULL),
(277, 14, 'K-K-SBY-2004-118', 'KAS KELUAR SURABAYA TGL 09 April 2020', NULL, '2020-04-09', 2020, '1587350789_K-K-SBY-2004-118.pdf', 'pdf', '2,01 MB', 0, 1, 46, 46, '2020-04-20 02:46:29', '2020-04-20 02:46:29', NULL),
(278, 14, 'K-K-SBY-2004-119', 'KAS KELUAR SURABAYA TGL 09 April 2020', NULL, '2020-04-09', 2020, '1587350814_K-K-SBY-2004-119.pdf', 'pdf', '318,2 KB', 0, 1, 46, 46, '2020-04-20 02:46:54', '2020-04-20 02:46:54', NULL),
(279, 14, 'K-K-SBY-2004-120', 'KAS KELUAR SURABAYA TGL 09 April 2020', NULL, '2020-04-09', 2020, '1587350908_K-K-SBY-2004-120.pdf', 'pdf', '1,58 MB', 0, 1, 46, 46, '2020-04-20 02:48:28', '2020-04-20 02:48:28', NULL),
(280, 14, 'K-K-SBY-2004-121', 'KAS KELUAR SURABAYA TGL 09 April 2020', NULL, '2020-04-09', 2020, '1587350931_K-K-SBY-2004-121.pdf', 'pdf', '7,65 MB', 0, 1, 46, 46, '2020-04-20 02:48:51', '2020-04-20 02:48:51', NULL),
(281, 14, 'K-K-SBY-2004-122', 'KAS KELUAR SURABAYA TGL 09 April 2020', NULL, '2020-04-09', 2020, '1587350953_K-K-SBY-2004-122.pdf', 'pdf', '514,46 KB', 0, 1, 46, 46, '2020-04-20 02:49:13', '2020-04-20 02:49:13', NULL),
(282, 14, 'K-K-SBY-2004-123', 'KAS KELUAR SURABAYA TGL 09 April 2020', NULL, '2020-04-09', 2020, '1587350978_K-K-SBY-2004-123.pdf', 'pdf', '4,63 MB', 0, 1, 46, 46, '2020-04-20 02:49:38', '2020-04-20 02:49:38', NULL),
(283, 14, 'K-K-SBY-2004-124', 'KAS KELUAR SURABAYA TGL 09 April 2020', NULL, '2020-04-09', 2020, '1587351003_K-K-SBY-2004-124.pdf', 'pdf', '5,9 MB', 0, 1, 46, 46, '2020-04-20 02:50:03', '2020-04-20 02:50:03', NULL),
(284, 14, 'K-K-SBY-2004-125', 'KAS KELUAR SURABAYA TGL 09 April 2020', NULL, '2020-04-09', 2020, '1587351025_K-K-SBY-2004-125.pdf', 'pdf', '1,22 MB', 0, 1, 46, 46, '2020-04-20 02:50:25', '2020-04-20 02:50:25', NULL),
(285, 14, 'K-K-SBY-2004-126', 'KAS KELUAR SURABAYA TGL 09 April 2020', NULL, '2020-04-09', 2020, '1587351045_K-K-SBY-2004-126.pdf', 'pdf', '1,16 MB', 0, 1, 46, 46, '2020-04-20 02:50:45', '2020-04-20 02:50:45', NULL),
(286, 14, 'K-K-SBY-2004-127', 'KAS KELUAR SURABAYA TGL 09 April 2020', NULL, '2020-04-09', 2020, '1587351077_K-K-SBY-2004-127.pdf', 'pdf', '586,67 KB', 0, 1, 46, 46, '2020-04-20 02:51:17', '2020-04-20 02:51:17', NULL),
(287, 14, 'K-K-SBY-2004-128', 'KAS KELUAR SURABAYA TGL 09 April 2020', NULL, '2020-04-09', 2020, '1587351115_K-K-SBY-2004-128.pdf', 'pdf', '1,98 MB', 0, 1, 46, 46, '2020-04-20 02:51:55', '2020-04-20 02:51:55', NULL),
(288, 14, 'K-K-SBY-2004-129', 'KAS KELUAR SURABAYA TGL 09 April 2020', NULL, '2020-04-09', 2020, '1587351140_K-K-SBY-2004-129.pdf', 'pdf', '5,52 MB', 0, 1, 46, 46, '2020-04-20 02:52:20', '2020-04-20 02:52:20', NULL),
(289, 14, 'K-K-SBY-2004-130', 'KAS KELUAR SURABAYA TGL 09 April 2020', NULL, '2020-04-09', 2020, '1587351172_K-K-SBY-2004-130.pdf', 'pdf', '2,83 MB', 0, 1, 46, 46, '2020-04-20 02:52:52', '2020-04-20 02:52:52', NULL),
(290, 14, 'K-K-SBY-2004-131', 'KAS KELUAR SURABAYA TGL 09 April 2020', NULL, '2020-04-09', 2020, '1587351195_K-K-SBY-2004-131.pdf', 'pdf', '1,31 MB', 0, 1, 46, 46, '2020-04-20 02:53:15', '2020-04-20 02:53:15', NULL),
(291, 14, 'K-K-SBY-2004-132', 'KAS KELUAR SURABAYA TGL 09 April 2020', NULL, '2020-04-09', 2020, '1587351218_K-K-SBY-2004-132.pdf', 'pdf', '847,91 KB', 0, 1, 46, 46, '2020-04-20 02:53:38', '2020-04-20 02:53:38', NULL),
(292, 14, 'K-K-SBY-2004-133', 'KAS KELUAR SURABAYA TGL 09 April 2020', NULL, '2020-04-09', 2020, '1587351241_K-K-SBY-2004-133.pdf', 'pdf', '11,49 MB', 0, 1, 46, 46, '2020-04-20 02:54:01', '2020-04-20 02:54:01', NULL),
(293, 14, 'K-K-SBY-2004-134', 'KAS KELUAR SURABAYA TGL 09 April 2020', NULL, '2020-04-09', 2020, '1587351262_K-K-SBY-2004-134.pdf', 'pdf', '1,75 MB', 0, 1, 46, 46, '2020-04-20 02:54:22', '2020-04-20 02:54:22', NULL),
(294, 14, 'K-K-SBY-2004-135', 'KAS KELUAR SURABAYA TGL 09 April 2020', NULL, '2020-04-09', 2020, '1587351285_K-K-SBY-2004-135.pdf', 'pdf', '1,12 MB', 0, 1, 46, 46, '2020-04-20 02:54:45', '2020-04-20 02:54:45', NULL),
(295, 14, 'K-K-SBY-2004-136', 'KAS KELUAR SURABAYA TGL 09 April 2020', NULL, '2020-04-09', 2020, '1587351311_K-K-SBY-2004-136.pdf', 'pdf', '874,46 KB', 0, 1, 46, 46, '2020-04-20 02:55:11', '2020-04-20 02:55:11', NULL),
(296, 14, 'K-K-SBY-2004-137', 'KAS KELUAR SURABAYA TGL 09 April 2020', NULL, '2020-04-09', 2020, '1587351334_K-K-SBY-2004-137.pdf', 'pdf', '2,67 MB', 0, 1, 46, 46, '2020-04-20 02:55:34', '2020-04-20 02:55:34', NULL),
(297, 14, 'K-K-SBY-2004-138', 'KAS KELUAR SURABAYA TGL 13 April 2020', NULL, '2020-04-09', 2020, '1587354214_K-K-SBY-2004-138.pdf', 'pdf', '2,41 MB', 0, 1, 46, 46, '2020-04-20 03:43:34', '2020-04-20 03:43:34', NULL),
(298, 14, 'K-K-SBY-2004-139', 'KAS KELUAR SURABAYA TGL 13 April 2020', NULL, '2020-04-13', 2020, '1587354263_K-K-SBY-2004-139.pdf', 'pdf', '10,47 MB', 0, 1, 46, 46, '2020-04-20 03:44:23', '2020-04-20 03:44:23', NULL),
(299, 14, 'K-K-SBY-2004-140', 'KAS KELUAR SURABAYA TGL 13 April 2020', NULL, '2020-04-13', 2020, '1587354435_K-K-SBY-2004-140.pdf', 'pdf', '7,34 MB', 0, 1, 46, 46, '2020-04-20 03:47:15', '2020-04-20 03:47:15', NULL),
(300, 14, 'K-K-SBY-2004-141', 'KAS KELUAR SURABAYA TGL 13 April 2020', NULL, '2020-04-13', 2020, '1587354463_K-K-SBY-2004-141.pdf', 'pdf', '4,49 MB', 0, 1, 46, 46, '2020-04-20 03:47:43', '2020-04-20 03:47:43', NULL),
(301, 14, 'K-K-SBY-2004-142', 'KAS KELUAR SURABAYA TGL 13 April 2020', NULL, '2020-04-13', 2020, '1587354560_K-K-SBY-2004-142.pdf', 'pdf', '975,32 KB', 0, 1, 46, 46, '2020-04-20 03:49:20', '2020-04-20 03:49:20', NULL),
(302, 14, 'K-K-SBY-2004-143', 'KAS KELUAR SURABAYA TGL 13 April 2020', NULL, '2020-04-13', 2020, '1587354585_K-K-SBY-2004-143.pdf', 'pdf', '601,88 KB', 0, 1, 46, 46, '2020-04-20 03:49:45', '2020-04-20 03:49:45', NULL),
(303, 14, 'K-K-SBY-2004-144', 'KAS KELUAR SURABAYA TGL 13 April 2020', NULL, '2020-04-13', 2020, '1587354619_K-K-SBY-2004-144.pdf', 'pdf', '3,21 MB', 0, 1, 46, 46, '2020-04-20 03:50:19', '2020-04-20 03:50:19', NULL),
(304, 14, 'K-K-SBY-2004-145', 'KAS KELUAR SURABAYA TGL 13 April 2020', NULL, '2020-04-13', 2020, '1587354650_K-K-SBY-2004-145.pdf', 'pdf', '8,56 MB', 0, 1, 46, 46, '2020-04-20 03:50:50', '2020-04-20 03:50:50', NULL),
(305, 14, 'K-K-SBY-2004-146', 'KAS KELUAR SURABAYA TGL 13 April 2020', NULL, '2020-04-13', 2020, '1587354707_K-K-SBY-2004-146.pdf', 'pdf', '2,02 MB', 0, 1, 46, 46, '2020-04-20 03:51:47', '2020-04-20 03:51:47', NULL),
(306, 14, 'K-K-SBY-2004-147', 'KAS KELUAR SURABAYA TGL 13 April 2020', NULL, '2020-04-13', 2020, '1587354796_K-K-SBY-2004-147.pdf', 'pdf', '1,12 MB', 0, 1, 46, 46, '2020-04-20 03:53:16', '2020-04-20 03:53:16', NULL),
(307, 14, 'K-K-SBY-2004-148', 'KAS KELUAR SURABAYA TGL 13 April 2020', NULL, '2020-04-13', 2020, '1587354823_K-K-SBY-2004-148.pdf', 'pdf', '769,37 KB', 0, 1, 46, 46, '2020-04-20 03:53:43', '2020-04-20 03:53:43', NULL),
(308, 14, 'K-K-SBY-2004-149', 'KAS KELUAR SURABAYA TGL 13 April 2020', NULL, '2020-04-13', 2020, '1587354851_K-K-SBY-2004-149.pdf', 'pdf', '4,46 MB', 0, 1, 46, 46, '2020-04-20 03:54:11', '2020-04-20 03:54:11', NULL),
(309, 14, 'K-K-SBY-2004-150', 'KAS KELUAR SURABAYA TGL 13 April 2020', NULL, '2020-04-13', 2020, '1587354882_K-K-SBY-2004-150.pdf', 'pdf', '2,09 MB', 0, 1, 46, 46, '2020-04-20 03:54:42', '2020-04-20 03:54:42', NULL),
(310, 14, 'K-K-SBY-2004-151', 'KAS KELUAR SURABAYA TGL 13 April 2020', NULL, '2020-04-13', 2020, '1587354908_K-K-SBY-2004-151.pdf', 'pdf', '4,69 MB', 0, 1, 46, 46, '2020-04-20 03:55:08', '2020-04-20 03:55:08', NULL),
(311, 14, 'K-K-SBY-2004-152', 'KAS KELUAR SURABAYA TGL 13 April 2020', NULL, '2020-04-13', 2020, '1587354933_K-K-SBY-2004-152.pdf', 'pdf', '955,09 KB', 0, 1, 46, 46, '2020-04-20 03:55:33', '2020-04-20 03:55:33', NULL),
(312, 14, 'K-K-SBY-2004-153', 'KAS KELUAR SURABAYA TGL 13 April 2020', NULL, '2020-04-13', 2020, '1587355034_K-K-SBY-2004-153.pdf', 'pdf', '1,95 MB', 0, 1, 46, 46, '2020-04-20 03:57:14', '2020-04-20 03:57:14', NULL),
(313, 14, 'K-K-SBY-2004-154', 'KAS KELUAR SURABAYA TGL 13 April 2020', NULL, '2020-04-13', 2020, '1587355060_K-K-SBY-2004-154.pdf', 'pdf', '3,83 MB', 0, 1, 46, 46, '2020-04-20 03:57:40', '2020-04-20 03:57:40', NULL),
(314, 14, 'K-K-SBY-2004-155', 'KAS KELUAR SURABAYA TGL 13 April 2020', NULL, '2020-04-13', 2020, '1587355089_K-K-SBY-2004-155.pdf', 'pdf', '1,15 MB', 0, 1, 46, 46, '2020-04-20 03:58:09', '2020-04-20 03:58:09', NULL),
(315, 14, 'K-K-SBY-2004-156', 'KAS KELUAR SURABAYA TGL 13 April 2020', NULL, '2020-04-13', 2020, '1587355120_K-K-SBY-2004-156.pdf', 'pdf', '1,77 MB', 0, 1, 46, 46, '2020-04-20 03:58:40', '2020-04-20 03:58:40', NULL),
(316, 14, 'K-K-SBY-2004-157', 'KAS KELUAR SURABAYA TGL 13 April 2020', NULL, '2020-04-13', 2020, '1587355154_K-K-SBY-2004-157.pdf', 'pdf', '2,79 MB', 0, 1, 46, 46, '2020-04-20 03:59:14', '2020-04-20 03:59:14', NULL),
(317, 14, 'K-K-SBY-2004-158', 'KAS KELUAR SURABAYA TGL 13 April 2020', NULL, '2020-04-13', 2020, '1587355175_K-K-SBY-2004-158.pdf', 'pdf', '3,54 MB', 0, 1, 46, 46, '2020-04-20 03:59:35', '2020-04-20 03:59:35', NULL),
(318, 14, 'K-K-SBY-2004-111', 'KAS KELUAR SURABAYA TGL 08 April 2020', NULL, '2020-04-08', 2020, '1587355335_K-K-SBY-2004-111.pdf', 'pdf', '624,94 KB', 0, 1, 46, 46, '2020-04-20 04:02:15', '2020-04-20 04:02:15', NULL),
(319, 15, 'M-JTM-SBY-2004-029', 'BANK JATIM MASUK', NULL, '2020-04-13', 2020, '1587363052_M-JTM-SBY-2004-029.pdf', 'pdf', '1,35 MB', 0, 1, 60, 60, '2020-04-20 06:10:52', '2020-04-20 06:10:52', NULL),
(320, 15, 'M-JTM-SBY-2004-030', 'BANK JATIM MASUK', NULL, '2020-04-13', 2020, '1587363075_M-JTM-SBY-2004-030.pdf', 'pdf', '1,35 MB', 0, 1, 60, 60, '2020-04-20 06:11:15', '2020-04-20 06:11:15', NULL),
(321, 15, 'M-JTM-SBY-2004-031', 'BANK JATIM MASUK', NULL, '2020-04-13', 2020, '1587363096_M-JTM-SBY-2004-031.pdf', 'pdf', '1,34 MB', 0, 1, 60, 60, '2020-04-20 06:11:36', '2020-04-20 06:11:36', NULL),
(322, 15, 'M-JTM-SBY-2004-032', 'BANK JATIM MASUK', NULL, '2020-04-13', 2020, '1587363116_M-JTM-SBY-2004-032.pdf', 'pdf', '3,74 MB', 0, 1, 60, 60, '2020-04-20 06:11:56', '2020-04-20 06:11:56', NULL),
(323, 15, 'M-JTM-SBY-2004-033', 'BANK JATIM MASUK', NULL, '2020-04-13', 2020, '1587363138_M-JTM-SBY-2004-033.pdf', 'pdf', '1,34 MB', 0, 1, 60, 60, '2020-04-20 06:12:18', '2020-04-20 06:12:18', NULL),
(324, 15, 'M-JTM-SBY-2004-034', 'BANK JATIM MASUK', NULL, '2020-04-13', 2020, '1587363161_M-JTM-SBY-2004-034.pdf', 'pdf', '1,61 MB', 0, 1, 60, 60, '2020-04-20 06:12:41', '2020-04-20 06:12:41', NULL),
(325, 15, 'M-JTM-SBY-2004-035', 'BANK JATIM MASUK', NULL, '2020-04-13', 2020, '1587363182_M-JTM-SBY-2004-035.pdf', 'pdf', '1,37 MB', 0, 1, 60, 60, '2020-04-20 06:13:02', '2020-04-20 06:13:02', NULL),
(326, 15, 'M-JTM-SBY-2004-036', 'BANK JATIM MASUK', NULL, '2020-04-13', 2020, '1587363201_M-JTM-SBY-2004-036.pdf', 'pdf', '1,36 MB', 0, 1, 60, 60, '2020-04-20 06:13:21', '2020-04-20 06:13:21', NULL),
(327, 15, 'M-JTM-SBY-2004-037', 'BANK JATIM MASUK', NULL, '2020-04-13', 2020, '1587363226_M-JTM-SBY-2004-037.pdf', 'pdf', '1,37 MB', 0, 1, 60, 60, '2020-04-20 06:13:46', '2020-04-20 06:13:46', NULL),
(328, 15, 'M-JTM-SBY-2004-038', 'BANK JATIM MASUK', NULL, '2020-04-13', 2020, '1587363261_M-JTM-SBY-2004-038.pdf', 'pdf', '1,31 MB', 0, 1, 60, 60, '2020-04-20 06:14:21', '2020-04-20 06:14:21', NULL),
(329, 15, 'M-JTM-SBY-2004-040', 'BANK JATIM MASUK', NULL, '2020-04-13', 2020, '1587363282_M-JTM-SBY-2004-040.pdf', 'pdf', '4,12 MB', 0, 1, 60, 60, '2020-04-20 06:14:42', '2020-04-20 06:14:42', NULL),
(330, 15, 'M-JTM-SBY-2004-039', 'BANK JATIM MASUK', NULL, '2020-04-13', 2020, '1587363306_M-JTM-SBY-2004-039.pdf', 'pdf', '1,37 MB', 0, 1, 60, 60, '2020-04-20 06:15:06', '2020-04-20 06:15:06', NULL),
(331, 15, 'M-JTM-SBY-2004-041', 'BANK JATIM MASUK', NULL, '2020-04-13', 2020, '1587363339_M-JTM-SBY-2004-041.pdf', 'pdf', '1,18 MB', 0, 1, 60, 60, '2020-04-20 06:15:39', '2020-04-20 06:15:39', NULL),
(332, 15, 'M-JTM-SBY-2004-042', 'BANK JATIM MASUK', NULL, '2020-04-13', 2020, '1587363360_M-JTM-SBY-2004-042.pdf', 'pdf', '1,17 MB', 0, 1, 60, 60, '2020-04-20 06:16:00', '2020-04-20 06:16:00', NULL),
(333, 15, 'K-JTM-SBY-2004-004,005', 'BANK JATIM KELUAR', NULL, '2020-04-13', 2020, '1587363404_K-JTM-SBY-2004-004,005.pdf', 'pdf', '946,8 KB', 0, 1, 60, 60, '2020-04-20 06:16:44', '2020-04-20 06:16:44', NULL),
(334, 15, 'M-PMT-SBY-2004-005', 'BANK PERMATA MASUK', NULL, '2020-04-09', 2020, '1587363486_M-PMT-SBY-2004-005.pdf', 'pdf', '3,3 MB', 1, 1, 60, 60, '2020-04-20 06:18:06', '2020-05-04 02:27:33', NULL),
(335, 15, 'M-PMT-SBY-2004-006', 'BANK PERMATA MASUK', NULL, '2020-04-09', 2020, '1587363508_M-PMT-SBY-2004-006.pdf', 'pdf', '2,26 MB', 0, 1, 60, 60, '2020-04-20 06:18:28', '2020-04-20 06:18:28', NULL),
(336, 15, 'M-MAN-JKT-2004-015', 'BANK MAN JKT', NULL, '2020-04-08', 2020, '1587363637_M-MAN-JKT-2004-015.pdf', 'pdf', '915,61 KB', 0, 1, 60, 60, '2020-04-20 06:20:37', '2020-04-20 06:20:37', NULL),
(337, 15, 'M-MAN-JKT-2004-019', 'BANK MAN JKT', NULL, '2020-04-08', 2020, '1587363678_M-MAN-JKT-2004-019.pdf', 'pdf', '1,29 MB', 0, 1, 60, 60, '2020-04-20 06:21:18', '2020-04-20 06:21:18', NULL),
(338, 15, 'M-MAN-JKT-2004-020', 'BANK MAN JKT', NULL, '2020-04-08', 2020, '1587363714_M-MAN-JKT-2004-020.pdf', 'pdf', '917,78 KB', 0, 1, 60, 60, '2020-04-20 06:21:54', '2020-04-20 06:21:54', NULL),
(339, 15, 'M-MAN-JKT-2004-021', 'BANK MAN JKT', NULL, '2020-04-08', 2020, '1587363746_M-MAN-JKT-2004-021.pdf', 'pdf', '1,6 MB', 0, 1, 60, 60, '2020-04-20 06:22:26', '2020-04-20 06:22:26', NULL),
(340, 15, 'M-MAN-JKT-2004-022', 'BANK MAN JKT', NULL, '2020-04-08', 2020, '1587363770_M-MAN-JKT-2004-022.pdf', 'pdf', '892,18 KB', 0, 1, 60, 60, '2020-04-20 06:22:50', '2020-04-20 06:22:50', NULL),
(341, 15, 'M-MAN-JKT-2004-023', 'BANK MAN JKT', NULL, '2020-04-08', 2020, '1587363794_M-MAN-JKT-2004-023.pdf', 'pdf', '954,55 KB', 0, 1, 60, 60, '2020-04-20 06:23:14', '2020-04-20 06:23:14', NULL),
(342, 15, 'MV-MAN-SBY-2004-0013', 'VA MAN SBY MASUK', NULL, '2020-04-14', 2020, '1587547885_MV-MAN-SBY-2004-0013.pdf', 'pdf', '1,62 MB', 0, 1, 60, 60, '2020-04-22 09:31:25', '2020-04-22 09:31:25', NULL),
(343, 15, 'MV-MAN-SBY-2004-0014', 'VA MAN SBY MASUK', NULL, '2020-04-14', 2020, '1587547906_MV-MAN-SBY-2004-0014.pdf', 'pdf', '1,58 MB', 0, 1, 60, 60, '2020-04-22 09:31:46', '2020-04-22 09:31:46', NULL),
(344, 15, 'MV-MAN-SBY-2004-0015', 'VA MAN SBY MASUK', NULL, '2020-04-14', 2020, '1587547929_MV-MAN-SBY-2004-0015.pdf', 'pdf', '1,71 MB', 0, 1, 60, 60, '2020-04-22 09:32:09', '2020-04-22 09:32:09', NULL),
(345, 15, 'MV-MAN-SBY-2004-0016', 'VA MAN SBY MASUK', NULL, '2020-04-14', 2020, '1587547957_MV-MAN-SBY-2004-0016.pdf', 'pdf', '1,3 MB', 0, 1, 60, 60, '2020-04-22 09:32:37', '2020-04-22 09:32:37', NULL),
(346, 15, 'MV-MAN-SBY-2004-0017', 'VA MAN SBY MASUK', NULL, '2020-04-14', 2020, '1587547978_MV-MAN-SBY-2004-0017.pdf', 'pdf', '1,25 MB', 0, 1, 60, 60, '2020-04-22 09:32:58', '2020-04-22 09:32:58', NULL),
(347, 15, 'MV-MAN-SBY-2004-0018', 'VA MAN SBY MASUK', NULL, '2020-04-14', 2020, '1587548004_MV-MAN-SBY-2004-0018.pdf', 'pdf', '1,27 MB', 0, 1, 60, 60, '2020-04-22 09:33:24', '2020-04-22 09:33:24', NULL),
(348, 15, 'MV-MAN-SBY-2004-0019', 'VA MAN SBY MASUK', NULL, '2020-04-14', 2020, '1587548028_MV-MAN-SBY-2004-0019.pdf', 'pdf', '1,35 MB', 0, 1, 60, 60, '2020-04-22 09:33:48', '2020-04-22 09:33:48', NULL),
(349, 15, 'MV-MAN-SBY-2004-0020', 'VA MAN SBY MASUK', NULL, '2020-04-14', 2020, '1587548052_MV-MAN-SBY-2004-0020.pdf', 'pdf', '2,62 MB', 0, 1, 60, 60, '2020-04-22 09:34:12', '2020-04-22 09:34:12', NULL),
(350, 15, 'MV-MAN-SBY-2004-0021', 'VA MAN SBY MASUK', NULL, '2020-04-14', 2020, '1587548075_MV-MAN-SBY-2004-0021.pdf', 'pdf', '1,62 MB', 0, 1, 60, 60, '2020-04-22 09:34:35', '2020-04-22 09:34:35', NULL),
(351, 15, 'MV-MAN-SBY-2004-0022', 'VA MAN SBY MASUK', NULL, '2020-04-14', 2020, '1587548099_MV-MAN-SBY-2004-0022.pdf', 'pdf', '1,26 MB', 0, 1, 60, 60, '2020-04-22 09:34:59', '2020-04-22 09:34:59', NULL),
(352, 15, 'MV-MAN-SBY-2004-0023', 'VA MAN SBY MASUK', NULL, '2020-04-14', 2020, '1587548150_MV-MAN-SBY-2004-0023.pdf', 'pdf', '1,71 MB', 0, 2, 60, 60, '2020-04-22 09:35:50', '2020-04-22 09:36:51', 60),
(353, 15, 'MV-MAN-SBY-2004-0023', 'VA MAN SBY MASUK', NULL, '2020-04-14', 2020, '1587548181_MV-MAN-SBY-2004-0023.pdf', 'pdf', '1,71 MB', 0, 1, 60, 60, '2020-04-22 09:36:21', '2020-04-22 09:36:21', NULL),
(354, 15, 'MV-MAN-SBY-2004-0024', 'VA MAN SBY MASUK', NULL, '2020-04-14', 2020, '1587548205_MV-MAN-SBY-2004-0024.pdf', 'pdf', '1,77 MB', 0, 1, 60, 60, '2020-04-22 09:36:45', '2020-04-22 09:36:45', NULL),
(355, 15, 'MV-MAN-SBY-2004-0025', 'VA MAN SBY MASUK', NULL, '2020-04-14', 2020, '1587548262_MV-MAN-SBY-2004-0025.pdf', 'pdf', '1,19 MB', 0, 1, 60, 60, '2020-04-22 09:37:42', '2020-04-22 09:37:42', NULL),
(356, 15, 'KV-MAN-SBY-2004-0011', 'VA MAN SBY KELUAR', NULL, '2020-04-14', 2020, '1587548296_KV-MAN-SBY-2004-0011.pdf', 'pdf', '451,47 KB', 0, 1, 60, 60, '2020-04-22 09:38:16', '2020-04-23 02:29:56', NULL),
(357, 15, 'KV-MAN-SBY-2004-0012', 'VA MAN SBY KELUAR', NULL, '2020-04-14', 2020, '1587548329_KV-MAN-SBY-2004-0012.pdf', 'pdf', '464,09 KB', 0, 1, 60, 60, '2020-04-22 09:38:49', '2020-04-22 09:38:49', NULL),
(358, 15, 'MV-BCA-SBY-2004-018', 'VA BCA SBY MASUK', NULL, '2020-04-14', 2020, '1587609060_MV-BCA-SBY-2004-018.pdf', 'pdf', '1,69 MB', 0, 1, 60, 60, '2020-04-23 02:31:00', '2020-04-23 02:31:00', NULL),
(359, 15, 'MV-BCA-SBY-2004-017', 'VA BCA SBY MASUK', NULL, '2020-04-14', 2020, '1587609098_MV-BCA-SBY-2004-017.pdf', 'pdf', '1,74 MB', 0, 1, 60, 60, '2020-04-23 02:31:38', '2020-04-23 02:31:38', NULL),
(360, 15, 'MV-BCA-SBY-2004-016', 'VA BCA SBY MASUK', NULL, '2020-04-14', 2020, '1587609143_MV-BCA-SBY-2004-016.pdf', 'pdf', '1,43 MB', 0, 1, 60, 60, '2020-04-23 02:32:23', '2020-04-23 02:32:23', NULL),
(361, 15, 'MV-BCA-SBY-2004-015', 'VA BCA SBY MASUK', NULL, '2020-04-14', 2020, '1587609164_MV-BCA-SBY-2004-015.pdf', 'pdf', '1,76 MB', 0, 1, 60, 60, '2020-04-23 02:32:44', '2020-04-23 02:32:44', NULL),
(362, 15, 'MV-BCA-SBY-2004-013', 'VA BCA SBY MASUK', NULL, '2020-04-14', 2020, '1587609201_MV-BCA-SBY-2004-013.pdf', 'pdf', '1,21 MB', 0, 1, 60, 60, '2020-04-23 02:33:21', '2020-04-23 02:33:21', NULL),
(363, 15, 'MV-BCA-SBY-2004-014', 'VA BCA SBY MASUK', NULL, '2020-04-14', 2020, '1587609230_MV-BCA-SBY-2004-014.pdf', 'pdf', '1,19 MB', 0, 1, 60, 60, '2020-04-23 02:33:50', '2020-04-23 02:33:50', NULL),
(364, 15, 'MV-BCA-SBY-2004-012', 'VA BCA SBY MASUK', NULL, '2020-04-14', 2020, '1587609275_MV-BCA-SBY-2004-012.pdf', 'pdf', '1,76 MB', 0, 1, 60, 60, '2020-04-23 02:34:35', '2020-04-23 02:34:35', NULL),
(365, 15, 'MV-BCA-SBY-2004-011', 'VA BCA SBY MASUK', NULL, '2020-04-14', 2020, '1587609305_MV-BCA-SBY-2004-011.pdf', 'pdf', '716,17 KB', 0, 1, 60, 60, '2020-04-23 02:35:05', '2020-04-23 02:35:05', NULL),
(366, 15, 'MV-BCA-SBY-2004-010', 'VA BCA SBY MASUK', NULL, '2020-04-14', 2020, '1587609332_MV-BCA-SBY-2004-010.pdf', 'pdf', '1,46 MB', 0, 1, 60, 60, '2020-04-23 02:35:32', '2020-04-23 02:35:32', NULL),
(367, 15, 'MV-BCA-SBY-2004-009', 'VA BCA SBY MASUK', NULL, '2020-04-14', 2020, '1587609394_MV-BCA-SBY-2004-009.pdf', 'pdf', '1,38 MB', 0, 1, 60, 60, '2020-04-23 02:36:34', '2020-04-23 02:36:34', NULL),
(368, 15, 'MV-BCA-SBY-2004-008', 'VA BCA SBY MASUK', NULL, '2020-04-14', 2020, '1587609422_MV-BCA-SBY-2004-008.pdf', 'pdf', '1,34 MB', 0, 1, 60, 60, '2020-04-23 02:37:02', '2020-04-23 02:37:02', NULL),
(369, 15, 'MV-BCA-SBY-2004-007', 'VA BCA SBY MASUK', NULL, '2020-04-14', 2020, '1587609817_MV-BCA-SBY-2004-007.pdf', 'pdf', '1,54 MB', 0, 1, 60, 60, '2020-04-23 02:43:37', '2020-04-23 02:43:37', NULL),
(370, 15, 'MV-BCA-SBY-2004-006', 'VA BCA SBY MASUK', NULL, '2020-04-14', 2020, '1587609881_MV-BCA-SBY-2004-006.pdf', 'pdf', '1,77 MB', 0, 1, 60, 60, '2020-04-23 02:44:41', '2020-04-23 02:44:41', NULL),
(371, 15, 'MV-BCA-SBY-2004-005', 'VA BCA SBY MASUK', NULL, '2020-04-14', 2020, '1587609906_MV-BCA-SBY-2004-005.pdf', 'pdf', '1,43 MB', 0, 1, 60, 60, '2020-04-23 02:45:06', '2020-04-23 02:45:06', NULL),
(372, 15, 'kV-BCA-SBY-2004-001,002,003,004,005,006,007,008,009,010', 'VA BCA SBY KELUAR', NULL, '2020-04-14', 2020, '1587610061_KV-BCA-SBY-2004-001,002,003,004,005,006,007,008,009,010.pdf', 'pdf', '2,08 MB', 0, 1, 60, 60, '2020-04-23 02:47:41', '2020-04-23 02:47:41', NULL),
(373, 15, 'KV-BCA-SBY-2004-010,011', 'VA BCA SBY KELUAR', NULL, '2020-04-14', 2020, '1587610175_KV-BCA-SBY-2004-010,011.pdf', 'pdf', '2,25 MB', 0, 1, 60, 60, '2020-04-23 02:49:35', '2020-04-23 02:49:35', NULL),
(374, 15, 'KV-BCA-SBY-2004-010,011', 'VA BCA SBY KELUAR', 'REKENING KORAN', '2020-04-14', 2020, '1587610231_RK KV-BCA-SBY-2004-010,011.pdf', 'pdf', '230,96 KB', 0, 1, 60, 60, '2020-04-23 02:50:31', '2020-08-06 02:37:47', NULL),
(375, 15, 'KV-BCA-SBY-2004-012,013', 'VA BCA SBY KELUAR', NULL, '2020-04-14', 2020, '1587610270_KV-BCA-SBY-2004-012,013.pdf', 'pdf', '669,41 KB', 0, 1, 60, 60, '2020-04-23 02:51:10', '2020-04-23 02:51:10', NULL),
(376, 15, 'KV-BCA-SBY-2004-014,015', 'VA BCA SBY KELUAR', NULL, '2020-04-14', 2020, '1587610305_KV-BCA-SBY-2004-014,015.pdf', 'pdf', '674,52 KB', 0, 1, 60, 60, '2020-04-23 02:51:45', '2020-04-23 02:51:45', NULL),
(377, 15, 'KV-BCA-SBY-2004-016,017', 'VA BCA SBY KELUAR', NULL, '2020-04-14', 2020, '1587610385_KV-BCA-SBY-2004-016,017.pdf', 'pdf', '681,5 KB', 0, 1, 60, 60, '2020-04-23 02:53:05', '2020-04-23 02:53:05', NULL),
(378, 15, 'M-JTM-SBY-2004-043', 'BANK JATIM MASUK', NULL, '2020-04-14', 2020, '1587610445_M-JTM-SBY-2004-043.pdf', 'pdf', '1,66 MB', 0, 1, 60, 60, '2020-04-23 02:54:05', '2020-04-23 02:54:05', NULL),
(379, 15, 'M-JTM-SBY-2004-044', 'BANK JATIM MASUK', NULL, '2020-04-14', 2020, '1587610475_M-JTM-SBY-2004-044.pdf', 'pdf', '1,39 MB', 0, 1, 60, 60, '2020-04-23 02:54:35', '2020-04-23 02:54:35', NULL),
(380, 15, 'M-JTM-SBY-2004-044', 'BANK JATIM MASUK', NULL, '2020-04-14', 2020, '1587610569_M-JTM-SBY-2004-044.pdf', 'pdf', '1,39 MB', 0, 2, 60, 60, '2020-04-23 02:56:09', '2020-04-23 02:56:39', 60),
(381, 15, 'M-JTM-SBY-2004-045', 'BANK JATIM MASUK', NULL, '2020-04-14', 2020, '1587610685_M-JTM-SBY-2004-045.pdf', 'pdf', '1,38 MB', 0, 1, 60, 60, '2020-04-23 02:58:05', '2020-04-23 02:58:05', NULL),
(382, 15, 'M-JTM-SBY-2004-046', 'BANK JATIM MASUK', NULL, '2020-04-14', 2020, '1587610722_M-JTM-SBY-2004-046.pdf', 'pdf', '1,39 MB', 0, 1, 60, 60, '2020-04-23 02:58:42', '2020-04-23 02:58:42', NULL),
(383, 15, 'M-JTM-SBY-2004-047', 'BANK JATIM MASUK', NULL, '2020-04-14', 2020, '1587610752_M-JTM-SBY-2004-047.pdf', 'pdf', '1,17 MB', 0, 1, 60, 60, '2020-04-23 02:59:12', '2020-04-23 02:59:12', NULL),
(384, 15, 'M-JTM-SBY-2004-048', 'BANK JATIM MASUK', NULL, '2020-04-14', 2020, '1587610936_M-JTM-SBY-2004-048.pdf', 'pdf', '1,44 MB', 0, 1, 60, 60, '2020-04-23 03:02:16', '2020-04-23 03:02:16', NULL),
(385, 15, 'M-JTM-SBY-2004-049', 'BANK JATIM MASUK', NULL, '2020-04-14', 2020, '1587610966_M-JTM-SBY-2004-049.pdf', 'pdf', '1,45 MB', 0, 1, 60, 60, '2020-04-23 03:02:46', '2020-04-23 03:02:46', NULL),
(386, 15, 'M-JTM-SBY-2004-050', 'BANK JATIM MASUK', NULL, '2020-04-14', 2020, '1587611008_M-JTM-SBY-2004-050.pdf', 'pdf', '1,4 MB', 0, 1, 60, 60, '2020-04-23 03:03:28', '2020-04-23 03:03:28', NULL),
(387, 15, 'M-JTM-SBY-2004-051', 'BANK JATIM MASUK', NULL, '2020-04-14', 2020, '1587611058_M-JTM-SBY-2004-051.pdf', 'pdf', '1,41 MB', 0, 1, 60, 60, '2020-04-23 03:04:18', '2020-04-23 03:04:18', NULL),
(388, 15, 'M-JTM-SBY-2004-052', 'BANK JATIM MASUK', NULL, '2020-04-14', 2020, '1587611107_M-JTM-SBY-2004-052.pdf', 'pdf', '1,5 MB', 0, 1, 60, 60, '2020-04-23 03:05:07', '2020-04-23 03:05:07', NULL),
(389, 15, 'M-JTM-SBY-2004-053', 'BANK JATIM MASUK', NULL, '2020-04-14', 2020, '1587611134_M-JTM-SBY-2004-054.pdf', 'pdf', '1,52 MB', 0, 1, 60, 60, '2020-04-23 03:05:34', '2020-04-23 03:05:34', NULL),
(390, 15, 'M-JTM-SBY-2004-054', 'BANK JATIM MASUK', NULL, '2020-04-14', 2020, '1587611178_M-JTM-SBY-2004-054.pdf', 'pdf', '1,52 MB', 0, 1, 60, 60, '2020-04-23 03:06:18', '2020-04-23 03:06:18', NULL),
(391, 15, 'M-JTM-SBY-2004-055', 'BANK JATIM MASUK', NULL, '2020-04-14', 2020, '1587611211_M-JTM-SBY-2004-055.pdf', 'pdf', '1,23 MB', 0, 1, 60, 60, '2020-04-23 03:06:51', '2020-04-23 03:06:51', NULL),
(392, 15, 'M-JTM-SBY-2004-056', 'BANK JATIM MASUK', NULL, '2020-04-14', 2020, '1587611261_M-JTM-SBY-2004-057.pdf', 'pdf', '1,27 MB', 0, 1, 60, 60, '2020-04-23 03:07:41', '2020-04-23 03:07:48', NULL),
(393, 15, 'M-JTM-SBY-2004-057', 'BANK JATIM MASUK', NULL, '2020-04-14', 2020, '1587611295_M-JTM-SBY-2004-058.pdf', 'pdf', '1,26 MB', 0, 1, 60, 60, '2020-04-23 03:08:15', '2020-04-23 03:08:15', NULL),
(394, 15, 'M-JTM-SBY-2004-059', 'BANK JATIM MASUK', NULL, '2020-04-14', 2020, '1587611329_M-JTM-SBY-2004-059.pdf', 'pdf', '2,09 MB', 0, 1, 60, 60, '2020-04-23 03:08:49', '2020-04-23 03:09:00', NULL),
(395, 15, 'M-JTM-SBY-2004-060', 'BANK JATIM MASUK', NULL, '2020-04-14', 2020, '1587611541_M-JTM-SBY-2004-060.pdf', 'pdf', '998,1 KB', 0, 1, 60, 60, '2020-04-23 03:12:21', '2020-04-23 03:12:21', NULL),
(396, 15, 'M-JTM-SBY-2004-058', 'BANK JATIM MASUK', NULL, '2020-04-14', 2020, '1587611570_M-JTM-SBY-2004-058.pdf', 'pdf', '1,26 MB', 0, 1, 60, 60, '2020-04-23 03:12:50', '2020-04-23 03:12:50', NULL),
(397, 15, 'K-JTM-SBY-2004-006', 'BANK JATIM KELUAR', NULL, '2020-04-14', 2020, '1587611609_K-JTM-SBY-2004-006.pdf', 'pdf', '515,57 KB', 0, 1, 60, 60, '2020-04-23 03:13:29', '2020-04-23 03:13:29', NULL),
(398, 15, 'KV-BCA-DPS-2004-001,002', 'VA BCA DPS KELUAR', NULL, '2020-04-13', 2020, '1587712685_KV-BCA-DPS-2004-001,002.pdf', 'pdf', '557,27 KB', 0, 1, 60, 60, '2020-04-24 07:18:05', '2020-04-24 07:18:05', NULL),
(399, 15, 'MV-BCA-DPS-2004-001', 'VA BCA DPS MASUK', NULL, '2020-04-13', 2020, '1587712854_MV-BCA-DPS-2004-001.pdf', 'pdf', '2,41 MB', 0, 1, 60, 60, '2020-04-24 07:20:54', '2020-04-24 07:20:54', NULL),
(400, 15, 'M-BCA-DM-I-2004-023', 'BANK  BCA JKT', NULL, '2020-04-13', 2020, '1587712959_M-BCA-DM-I-2004-023.pdf', 'pdf', '1,23 MB', 0, 1, 60, 60, '2020-04-24 07:22:39', '2020-04-24 07:24:33', NULL),
(401, 15, 'M-BCA-DM-I-2004-034', 'BANK  BCA JKT', NULL, '2020-04-13', 2020, '1587713039_M-BCA-DM-I-2004-034.pdf', 'pdf', '565,79 KB', 0, 1, 60, 60, '2020-04-24 07:23:59', '2020-04-24 07:23:59', NULL),
(402, 15, 'M-BCA-DM-I-2004-045', 'BANK  BCA JKT', NULL, '2020-04-13', 2020, '1587713121_M-BCA-DM-I-2004-045.pdf', 'pdf', '1,18 MB', 0, 1, 60, 60, '2020-04-24 07:25:21', '2020-04-24 07:25:21', NULL),
(403, 15, 'M-BCA-DM-I-2004-046', 'BANK  BCA JKT', NULL, '2020-04-13', 2020, '1587713146_M-BCA-DM-I-2004-046.pdf', 'pdf', '1,23 MB', 0, 1, 60, 60, '2020-04-24 07:25:46', '2020-04-24 07:25:46', NULL),
(404, 15, 'M-BCA-DM-I-2004-047', 'BANK  BCA JKT', NULL, '2020-04-13', 2020, '1587713167_M-BCA-DM-I-2004-047.pdf', 'pdf', '1,49 MB', 0, 1, 60, 60, '2020-04-24 07:26:07', '2020-04-24 07:26:16', NULL),
(405, 15, 'M-BNI-JKT-2004-057', 'BANK  BNI JKT', NULL, '2020-04-13', 2020, '1587713206_M-BNI-JKT-2004-057.pdf', 'pdf', '1,26 MB', 0, 1, 60, 60, '2020-04-24 07:26:46', '2020-04-24 07:26:46', NULL),
(406, 15, 'M-BNI-JKT-2004-058', 'BANK  BNI JKT', NULL, '2020-04-13', 2020, '1587713236_M-BNI-JKT-2004-058.pdf', 'pdf', '592,79 KB', 0, 1, 60, 60, '2020-04-24 07:27:16', '2020-04-24 07:27:16', NULL),
(407, 15, 'M-BNI-JKT-2004-059', 'BANK  BNI JKT', NULL, '2020-04-13', 2020, '1587713275_M-BNI-JKT-2004-059.pdf', 'pdf', '574,79 KB', 0, 1, 60, 60, '2020-04-24 07:27:55', '2020-04-24 07:27:55', NULL),
(408, 15, 'M-MAN-JKT-2004-031', 'BANK MAN JKT', NULL, '2020-04-13', 2020, '1587713306_M-MAN-JKT-2004-031.pdf', 'pdf', '1,24 MB', 0, 1, 60, 60, '2020-04-24 07:28:26', '2020-04-24 07:28:26', NULL),
(409, 15, 'M-MAN-JKT-2004-048', 'BANK MAN JKT', NULL, '2020-04-13', 2020, '1587713342_M-MAN-JKT-2004-048.pdf', 'pdf', '667,36 KB', 0, 1, 60, 60, '2020-04-24 07:29:02', '2020-04-24 07:29:02', NULL),
(410, 15, 'M-MAN-JKT-2004-051', 'BANK MAN JKT', NULL, '2020-04-13', 2020, '1587713363_M-MAN-JKT-2004-051.pdf', 'pdf', '1,14 MB', 0, 1, 60, 60, '2020-04-24 07:29:23', '2020-04-24 07:29:23', NULL),
(411, 15, 'M-MAN-JKT-2004-059', 'BANK MAN JKT', NULL, '2020-04-13', 2020, '1587713394_M-MAN-JKT-2004-059.pdf', 'pdf', '1,29 MB', 0, 1, 60, 60, '2020-04-24 07:29:54', '2020-04-24 07:29:54', NULL),
(412, 15, 'M-MAN-JKT-2004-060', 'BANK MAN JKT', NULL, '2020-04-13', 2020, '1587713421_M-MAN-JKT-2004-060.pdf', 'pdf', '1,24 MB', 0, 1, 60, 60, '2020-04-24 07:30:21', '2020-04-24 07:30:21', NULL),
(413, 15, 'M-MAN-JKT-2004-067', 'BANK MAN JKT', NULL, '2020-04-13', 2020, '1587713468_M-MAN-JKT-2004-067.pdf', 'pdf', '1,59 MB', 0, 1, 60, 60, '2020-04-24 07:31:08', '2020-04-24 07:31:08', NULL),
(414, 33, 'GJ-JKT-2004-C0001', 'GJ JAKARTA', NULL, '2020-04-13', 2020, '1587713590_GJ-JKT-2004-C0001.pdf', 'pdf', '1,4 MB', 0, 1, 60, 60, '2020-04-24 07:33:10', '2020-04-24 07:33:10', NULL),
(415, 33, 'GJ-JKT-2004-C0004', 'GJ JAKARTA', NULL, '2020-04-13', 2020, '1587713615_GJ-JKT-2004-C0004.pdf', 'pdf', '1,3 MB', 0, 1, 60, 60, '2020-04-24 07:33:35', '2020-04-24 07:33:35', NULL),
(416, 14, 'K-K-SBY-2004-159', 'KAS KELUAR SURABAYA TGL 14 April 2020', NULL, '2020-04-14', 2020, '1588051267_K-K-SBY-2004-159.pdf', 'pdf', '691,7 KB', 0, 1, 46, 46, '2020-04-28 05:21:07', '2020-04-28 05:21:07', NULL),
(417, 14, 'K-K-SBY-2004-160', 'KAS KELUAR SURABAYA TGL 14 April 2020', NULL, '2020-04-14', 2020, '1588051319_K-K-SBY-2004-160.pdf', 'pdf', '7,12 MB', 0, 1, 46, 46, '2020-04-28 05:21:59', '2020-04-28 05:21:59', NULL),
(418, 14, 'K-K-SBY-2004-161', 'KAS KELUAR SURABAYA TGL 14 April 2020', NULL, '2020-04-14', 2020, '1588051520_K-K-SBY-2004-161.pdf', 'pdf', '28,97 MB', 0, 1, 46, 46, '2020-04-28 05:25:20', '2020-04-28 05:25:20', NULL),
(419, 14, 'K-K-SBY-2004-162', 'KAS KELUAR SURABAYA TGL 14 April 2020', NULL, '2020-04-14', 2020, '1588051548_K-K-SBY-2004-162.pdf', 'pdf', '2,06 MB', 0, 1, 46, 46, '2020-04-28 05:25:48', '2020-04-28 05:25:48', NULL),
(420, 14, 'K-K-SBY-2004-163', 'KAS KELUAR SURABAYA TGL 14 April 2020', NULL, '2020-04-14', 2020, '1588051577_K-K-SBY-2004-163.pdf', 'pdf', '6,45 MB', 0, 1, 46, 46, '2020-04-28 05:26:17', '2020-04-28 05:26:17', NULL),
(421, 14, 'K-K-SBY-2004-164', 'KAS KELUAR SURABAYA TGL 14 April 2020', NULL, '2020-04-14', 2020, '1588051608_K-K-SBY-2004-164.pdf', 'pdf', '3,73 MB', 0, 1, 46, 46, '2020-04-28 05:26:48', '2020-04-28 05:26:48', NULL),
(422, 14, 'K-K-SBY-2004-165', 'KAS KELUAR SURABAYA TGL 14 April 2020', NULL, '2020-04-14', 2020, '1588051631_K-K-SBY-2004-165.pdf', 'pdf', '585,4 KB', 0, 1, 46, 46, '2020-04-28 05:27:11', '2020-04-28 05:27:11', NULL),
(423, 14, 'K-K-SBY-2004-166', 'KAS KELUAR SURABAYA TGL 14 April 2020', NULL, '2020-04-14', 2020, '1588051653_K-K-SBY-2004-166.pdf', 'pdf', '786,04 KB', 0, 1, 46, 46, '2020-04-28 05:27:33', '2020-04-28 05:27:33', NULL),
(424, 14, 'K-K-SBY-2004-167', 'KAS KELUAR SURABAYA TGL 14 April 2020', NULL, '2020-04-14', 2020, '1588051688_K-K-SBY-2004-167.pdf', 'pdf', '4,99 MB', 0, 1, 46, 46, '2020-04-28 05:28:08', '2020-04-28 05:28:08', NULL),
(425, 14, 'K-K-SBY-2004-168', 'KAS KELUAR SURABAYA TGL 14 April 2020', NULL, '2020-04-14', 2020, '1588051716_K-K-SBY-2004-168.pdf', 'pdf', '309,91 KB', 0, 1, 46, 46, '2020-04-28 05:28:36', '2020-04-28 05:28:36', NULL),
(426, 14, 'K-K-SBY-2004-169', 'KAS KELUAR SURABAYA TGL 14 April 2020', NULL, '2020-04-14', 2020, '1588051744_K-K-SBY-2004-169.pdf', 'pdf', '1,03 MB', 0, 1, 46, 46, '2020-04-28 05:29:04', '2020-04-28 05:29:04', NULL),
(427, 14, 'K-K-SBY-2004-170', 'KAS KELUAR SURABAYA TGL 14 April 2020', NULL, '2020-04-14', 2020, '1588051805_K-K-SBY-2004-170.pdf', 'pdf', '14,47 MB', 0, 1, 46, 46, '2020-04-28 05:30:05', '2020-04-28 05:30:05', NULL),
(428, 14, 'K-K-SBY-2004-171', 'KAS KELUAR SURABAYA TGL 14 April 2020', NULL, '2020-04-14', 2020, '1588051903_K-K-SBY-2004-171.pdf', 'pdf', '28,04 MB', 0, 1, 46, 46, '2020-04-28 05:31:43', '2020-04-28 05:31:43', NULL),
(429, 14, 'K-K-SBY-2004-172', 'KAS KELUAR SURABAYA TGL 14 April 2020', NULL, '2020-04-14', 2020, '1588051938_K-K-SBY-2004-172.pdf', 'pdf', '5,68 MB', 0, 1, 46, 46, '2020-04-28 05:32:18', '2020-04-28 05:32:18', NULL),
(430, 14, 'K-K-SBY-2004-173', 'KAS KELUAR SURABAYA TGL 14 April 2020', NULL, '2020-04-14', 2020, '1588051966_K-K-SBY-2004-173.pdf', 'pdf', '2,38 MB', 0, 1, 46, 46, '2020-04-28 05:32:46', '2020-04-28 05:32:46', NULL),
(431, 14, 'K-K-SBY-2004-174', 'KAS KELUAR SURABAYA TGL 14 April 2020', NULL, '2020-04-14', 2020, '1588051989_K-K-SBY-2004-174.pdf', 'pdf', '1,19 MB', 0, 1, 46, 46, '2020-04-28 05:33:09', '2020-04-28 05:33:09', NULL),
(432, 14, 'K-K-SBY-2004-175', 'KAS KELUAR SURABAYA TGL 14 April 2020', NULL, '2020-04-14', 2020, '1588052015_K-K-SBY-2004-175.pdf', 'pdf', '2,28 MB', 0, 1, 46, 46, '2020-04-28 05:33:35', '2020-04-28 05:33:35', NULL),
(433, 14, 'K-K-SBY-2004-176', 'KAS KELUAR SURABAYA TGL 14 April 2020', NULL, '2020-04-14', 2020, '1588052059_K-K-SBY-2004-176.pdf', 'pdf', '9,3 MB', 0, 1, 46, 46, '2020-04-28 05:34:19', '2020-04-28 05:34:19', NULL),
(434, 14, 'K-K-SBY-2004-177', 'KAS KELUAR SURABAYA TGL 14 April 2020', NULL, '2020-04-14', 2020, '1588052101_K-K-SBY-2004-177.pdf', 'pdf', '7,19 MB', 0, 1, 46, 46, '2020-04-28 05:35:01', '2020-04-28 05:35:01', NULL),
(435, 14, 'K-K-SBY-2004-178', 'KAS KELUAR SURABAYA TGL 14 April 2020', NULL, '2020-04-14', 2020, '1588052148_K-K-SBY-2004-178.pdf', 'pdf', '4,53 MB', 0, 1, 46, 46, '2020-04-28 05:35:48', '2020-04-28 05:35:48', NULL),
(436, 14, 'K-K-SBY-2004-179', 'KAS KELUAR SURABAYA TGL 14 April 2020', NULL, '2020-04-14', 2020, '1588052242_K-K-SBY-2004-179.pdf', 'pdf', '7,27 MB', 0, 1, 46, 46, '2020-04-28 05:37:22', '2020-04-28 05:37:22', NULL),
(437, 14, 'K-K-SBY-2004-180', 'KAS KELUAR SURABAYA TGL 14 April 2020', NULL, '2020-04-14', 2020, '1588052338_K-K-SBY-2004-180.pdf', 'pdf', '5,66 MB', 0, 1, 46, 46, '2020-04-28 05:38:58', '2020-04-28 05:38:58', NULL),
(438, 14, 'K-K-SBY-2004-181', 'KAS KELUAR SURABAYA TGL 14 April 2020', NULL, '2020-04-14', 2020, '1588052564_K-K-SBY-2004-181.pdf', 'pdf', '1,65 MB', 0, 1, 46, 46, '2020-04-28 05:42:44', '2020-04-28 05:42:44', NULL),
(439, 14, 'K-K-SBY-2004-182', 'KAS KELUAR SURABAYA TGL 14 April 2020', NULL, '2020-04-14', 2020, '1588052593_K-K-SBY-2004-182.pdf', 'pdf', '1,98 MB', 0, 1, 46, 46, '2020-04-28 05:43:13', '2020-04-28 05:43:13', NULL),
(440, 14, 'K-K-SBY-2004-183', 'KAS KELUAR SURABAYA TGL 14 April 2020', NULL, '2020-04-14', 2020, '1588052808_K-K-SBY-2004-183.pdf', 'pdf', '1007,18 KB', 0, 1, 46, 46, '2020-04-28 05:46:48', '2020-04-28 05:46:48', NULL),
(441, 14, 'K-K-SBY-2004-185', 'KAS KELUAR SURABAYA TGL 14 April 2020', NULL, '2020-04-14', 2020, '1588052841_K-K-SBY-2004-185.pdf', 'pdf', '908,23 KB', 0, 1, 46, 46, '2020-04-28 05:47:21', '2020-04-28 05:47:21', NULL),
(442, 14, 'K-K-SBY-2004-186', 'KAS KELUAR SURABAYA TGL 15 April 2020', NULL, '2020-04-15', 2020, '1588055740_K-K-SBY-2004-186 TGL 15.04(2).pdf', 'pdf', '7,9 MB', 0, 1, 46, 46, '2020-04-28 06:35:40', '2020-04-28 06:35:40', NULL),
(443, 14, 'K-K-SBY-2004-187', 'KAS KELUAR SURABAYA TGL 15 April 2020', NULL, '2020-04-15', 2020, '1588055795_K-K-SBY-2004-187 TGL15.04.pdf', 'pdf', '7,66 MB', 0, 1, 46, 46, '2020-04-28 06:36:35', '2020-04-28 06:36:35', NULL),
(444, 14, 'K-K-SBY-2004-188', 'KAS KELUAR SURABAYA TGL 15 April 2020', NULL, '2020-04-15', 2020, '1588055840_K-K-SBY-2004-188 TGL15.04.pdf', 'pdf', '8,77 MB', 0, 1, 46, 46, '2020-04-28 06:37:20', '2020-04-28 06:37:20', NULL),
(445, 14, 'K-K-SBY-2004-189', 'KAS KELUAR SURABAYA TGL 15 April 2020', NULL, '2020-04-15', 2020, '1588055883_K-K-SBY-2004-189 TGL15.04.pdf', 'pdf', '934,72 KB', 0, 1, 46, 46, '2020-04-28 06:38:03', '2020-04-28 06:38:03', NULL),
(446, 14, 'K-K-SBY-2004-190', 'KAS KELUAR SURABAYA TGL 15 April 2020', NULL, '2020-04-15', 2020, '1588055918_K-K-SBY-2004-190 TGL15.04.pdf', 'pdf', '1009,01 KB', 0, 1, 46, 46, '2020-04-28 06:38:38', '2020-04-28 06:38:38', NULL),
(447, 14, 'K-K-SBY-2004-191', 'KAS KELUAR SURABAYA TGL 15 April 2020', NULL, '2020-04-15', 2020, '1588055968_K-K-SBY-2004-191 TGL 15.04.pdf', 'pdf', '424,31 KB', 0, 1, 46, 46, '2020-04-28 06:39:28', '2020-04-28 06:39:28', NULL),
(448, 14, 'K-K-SBY-2004-192', 'KAS KELUAR SURABAYA TGL 15 April 2020', NULL, '2020-04-15', 2020, '1588055993_K-K-SBY-2004-192 TGL15.04.pdf', 'pdf', '471,05 KB', 0, 1, 46, 46, '2020-04-28 06:39:53', '2020-04-28 06:39:53', NULL),
(449, 14, 'K-K-SBY-2004-193', 'KAS KELUAR SURABAYA TGL 15 April 2020', NULL, '2020-04-15', 2020, '1588056053_K-K-SBY-2004-193 TGL 15.04.pdf', 'pdf', '3,35 MB', 0, 1, 46, 46, '2020-04-28 06:40:53', '2020-04-28 06:40:53', NULL),
(450, 14, 'K-K-SBY-2004-194', 'KAS KELUAR SURABAYA TGL 15 April 2020', NULL, '2020-04-15', 2020, '1588056100_K-K-SBY-2004-194 TGL15.04.pdf', 'pdf', '635,42 KB', 0, 1, 46, 46, '2020-04-28 06:41:40', '2020-04-28 06:41:40', NULL),
(451, 14, 'K-K-SBY-2004-195', 'KAS KELUAR SURABAYA TGL 15 April 2020', NULL, '2020-04-15', 2020, '1588056138_K-K-SBY-2004-195 TGL 15.04.pdf', 'pdf', '5,34 MB', 0, 1, 46, 46, '2020-04-28 06:42:18', '2020-04-28 06:42:18', NULL),
(452, 14, 'K-K-SBY-2004-196', 'KAS KELUAR SURABAYA TGL 15 April 2020', NULL, '2020-04-15', 2020, '1588057122_K-K-SBY-2004-196 TGL15.04.pdf', 'pdf', '2,11 MB', 0, 1, 46, 46, '2020-04-28 06:58:42', '2020-04-28 06:58:42', NULL),
(453, 14, 'K-K-SBY-2004-197', 'KAS KELUAR SURABAYA TGL 15 April 2020', NULL, '2020-04-15', 2020, '1588057926_K-K-SBY-2004-197 TGL 15.04.pdf', 'pdf', '1,51 MB', 0, 1, 46, 46, '2020-04-28 07:12:06', '2020-04-28 07:12:06', NULL),
(454, 14, 'K-K-SBY-2004-198', 'KAS KELUAR SURABAYA TGL 15 April 2020', NULL, '2020-04-15', 2020, '1588057986_K-K-SBY-2004-198 TGL15.04.pdf', 'pdf', '4,34 MB', 0, 1, 46, 46, '2020-04-28 07:13:06', '2020-04-28 07:13:06', NULL),
(455, 14, 'K-K-SBY-2004-199', 'KAS KELUAR SURABAYA TGL 15 April 2020', NULL, '2020-04-15', 2020, '1588058029_K-K-SBY-2004-199 TGL15.04.pdf', 'pdf', '4,72 MB', 0, 1, 46, 46, '2020-04-28 07:13:49', '2020-04-28 07:13:49', NULL),
(456, 14, 'K-K-SBY-2004-200', 'KAS KELUAR SURABAYA TGL 15 April 2020', NULL, '2020-04-15', 2020, '1588058054_K-K-SBY-2004-200 TGL15.04.pdf', 'pdf', '413,45 KB', 0, 1, 46, 46, '2020-04-28 07:14:14', '2020-04-28 07:14:14', NULL),
(457, 14, 'K-K-SBY-2004-201', 'KAS KELUAR SURABAYA TGL 15 April 2020', NULL, '2020-04-15', 2020, '1588058107_K-K-SBY-2004-201 TGL15.04.pdf', 'pdf', '4,76 MB', 0, 1, 46, 46, '2020-04-28 07:15:07', '2020-04-28 07:15:07', NULL),
(458, 14, 'K-K-SBY-2004-202', 'KAS KELUAR SURABAYA TGL 15 April 2020', NULL, '2020-04-15', 2020, '1588058149_K-K-SBY-2004-202 TGL15.04.pdf', 'pdf', '1,38 MB', 0, 1, 46, 46, '2020-04-28 07:15:49', '2020-04-28 07:15:49', NULL),
(459, 14, 'K-K-SBY-2004-203', 'KAS KELUAR SURABAYA TGL 15 April 2020', NULL, '2020-04-15', 2020, '1588058208_K-K-SBY-2004-203 TGL15.04.pdf', 'pdf', '9,1 MB', 0, 1, 46, 46, '2020-04-28 07:16:48', '2020-04-28 07:16:48', NULL),
(460, 14, 'K-K-SBY-2004-204', 'KAS KELUAR SURABAYA TGL 15 April 2020', NULL, '2020-04-15', 2020, '1588058245_K-K-SBY-2004-204 TGL15.04.pdf', 'pdf', '3,68 MB', 0, 1, 46, 46, '2020-04-28 07:17:25', '2020-04-28 07:17:25', NULL),
(461, 14, 'K-K-SBY-2004-205', 'KAS KELUAR SURABAYA TGL 15 April 2020', NULL, '2020-04-15', 2020, '1588058291_K-K-SBY-2004-205 TGL15.04.pdf', 'pdf', '2,43 MB', 0, 1, 46, 46, '2020-04-28 07:18:11', '2020-04-28 07:18:11', NULL),
(462, 14, 'K-K-SBY-2004-206', 'KAS KELUAR SURABAYA TGL 15 April 2020', NULL, '2020-04-15', 2020, '1588058323_K-K-SBY-2004-206 TGL15.04.pdf', 'pdf', '2,43 MB', 0, 1, 46, 46, '2020-04-28 07:18:43', '2020-04-28 07:18:43', NULL),
(463, 14, 'K-K-SBY-2004-207', 'KAS KELUAR SURABAYA TGL 15 April 2020', NULL, '2020-04-15', 2020, '1588058415_K-K-SBY-2004-207 TGL15.04.pdf', 'pdf', '5,75 MB', 0, 1, 46, 46, '2020-04-28 07:20:15', '2020-04-28 07:20:15', NULL),
(464, 14, 'K-K-SBY-2004-208', 'KAS KELUAR SURABAYA TGL 15 April 2020', NULL, '2020-04-15', 2020, '1588058451_K-K-SBY-2004-208 TGL15.04.pdf', 'pdf', '1,79 MB', 0, 1, 46, 46, '2020-04-28 07:20:51', '2020-04-28 07:20:51', NULL),
(465, 14, 'K-K-SBY-2004-209', 'KAS KELUAR SURABAYA TGL 15 April 2020', NULL, '2020-04-15', 2020, '1588058479_K-K-SBY-2004-209 TGL15.04.pdf', 'pdf', '1,45 MB', 0, 1, 46, 46, '2020-04-28 07:21:19', '2020-04-28 07:21:19', NULL),
(466, 14, 'K-K-SBY-2004-210', 'KAS KELUAR SURABAYA TGL 15 April 2020', NULL, '2020-04-15', 2020, '1588060789_K-K-SBY-2004-210 TGL15.04.pdf', 'pdf', '7,73 MB', 0, 1, 46, 46, '2020-04-28 07:59:49', '2020-04-28 07:59:49', NULL),
(467, 14, 'K-K-SBY-2004-211', 'KAS KELUAR SURABAYA TGL 15 April 2020', NULL, '2020-04-15', 2020, '1588060825_K-K-SBY-2004-211 TGL 15.04.pdf', 'pdf', '4,51 MB', 0, 1, 46, 46, '2020-04-28 08:00:25', '2020-04-28 08:00:25', NULL),
(468, 14, 'K-K-SBY-2004-212', 'KAS KELUAR SURABAYA TGL 15 April 2020', NULL, '2020-04-15', 2020, '1588060852_K-K-SBY-2004-212 TGL 15.04.pdf', 'pdf', '6,91 MB', 0, 1, 46, 46, '2020-04-28 08:00:52', '2020-04-28 08:00:52', NULL),
(469, 14, 'K-K-SBY-2004-213', 'KAS KELUAR SURABAYA TGL 15 April 2020', NULL, '2020-04-15', 2020, '1588060879_K-K-SBY-2004-213 TGL15.04.pdf', 'pdf', '1,8 MB', 0, 1, 46, 46, '2020-04-28 08:01:19', '2020-04-28 08:01:19', NULL),
(470, 14, 'K-K-SBY-2004-214', 'KAS KELUAR SURABAYA TGL 15 April 2020', NULL, '2020-04-15', 2020, '1588060965_K-K-SBY-2004-214 TGL15.04.pdf', 'pdf', '979,22 KB', 0, 1, 46, 46, '2020-04-28 08:02:45', '2020-04-28 08:02:45', NULL),
(471, 14, 'K-K-SBY-2004-215', 'KAS KELUAR SURABAYA TGL 15 April 2020', NULL, '2020-04-15', 2020, '1588060995_K-K-SBY-2004-215 TGL15.04.pdf', 'pdf', '3,16 MB', 0, 1, 46, 46, '2020-04-28 08:03:15', '2020-04-28 08:03:15', NULL),
(472, 14, 'K-K-SBY-2004-216', 'KAS KELUAR SURABAYA TGL 15 April 2020', NULL, '2020-04-15', 2020, '1588061032_K-K-SBY-2004-216 TGL15.04.pdf', 'pdf', '245,03 KB', 0, 1, 46, 46, '2020-04-28 08:03:52', '2020-04-28 08:03:52', NULL),
(473, 14, 'K-K-SBY-2004-217', 'KAS KELUAR SURABAYA TGL 16 April 2020', NULL, '2020-04-15', 2020, '1588061075_K-K-SBY-2004-217 TGL 16.04.pdf', 'pdf', '204,6 KB', 0, 1, 46, 46, '2020-04-28 08:04:35', '2020-04-28 08:04:35', NULL);
INSERT INTO `arsip` (`id`, `jenis_id`, `nomor`, `nama_arsip`, `deskripsi`, `tgl_arsip`, `tahun`, `upload_file`, `format_file`, `file_size`, `jumlah_download`, `delete_status`, `created_by`, `updated_by`, `created_at`, `updated_at`, `deleted_by`) VALUES
(474, 14, 'K-K-SBY-2004-218', 'KAS KELUAR SURABAYA TGL 16 April 2020', NULL, '2020-04-16', 2020, '1588061111_K-K-SBY-2004-218 TGL 16.04.pdf', 'pdf', '539,6 KB', 0, 1, 46, 46, '2020-04-28 08:05:11', '2020-04-28 08:05:11', NULL),
(475, 14, 'K-K-SBY-2004-219', 'KAS KELUAR SURABAYA TGL 16 April 2020', NULL, '2020-04-16', 2020, '1588061152_K-K-SBY-2004-219 TGL 16.04.pdf', 'pdf', '6,5 MB', 0, 1, 46, 46, '2020-04-28 08:05:52', '2020-04-28 08:05:52', NULL),
(476, 14, 'K-K-SBY-2004-220', 'KAS KELUAR SURABAYA TGL 16 April 2020', NULL, '2020-04-16', 2020, '1588061237_K-K-SBY-2004-220 TGL 16.04.pdf', 'pdf', '2,9 MB', 0, 1, 46, 46, '2020-04-28 08:07:17', '2020-04-28 08:07:17', NULL),
(477, 14, 'K-K-SBY-2004-221', 'KAS KELUAR SURABAYA TGL 16 April 2020', NULL, '2020-04-16', 2020, '1588061266_K-K-SBY-2004-221 TGL 16.04.pdf', 'pdf', '1,03 MB', 0, 1, 46, 46, '2020-04-28 08:07:46', '2020-04-28 08:07:46', NULL),
(478, 14, 'K-K-SBY-2004-222', 'KAS KELUAR SURABAYA TGL 16 April 2020', NULL, '2020-04-16', 2020, '1588061289_K-K-SBY-2004-222 TGL 16.04.pdf', 'pdf', '2,04 MB', 0, 1, 46, 46, '2020-04-28 08:08:09', '2020-04-28 08:08:09', NULL),
(479, 14, 'K-K-SBY-2004-223', 'KAS KELUAR SURABAYA TGL 16 April 2020', NULL, '2020-04-16', 2020, '1588061333_K-K-SBY-2004-223 TGL 16.04.pdf', 'pdf', '10,91 MB', 0, 1, 46, 46, '2020-04-28 08:08:53', '2020-04-28 08:08:53', NULL),
(480, 14, 'K-K-SBY-2004-224', 'KAS KELUAR SURABAYA TGL 16 April 2020', NULL, '2020-04-16', 2020, '1588061383_K-K-SBY-2004-224 TGL 16.04.pdf', 'pdf', '3,86 MB', 0, 1, 46, 46, '2020-04-28 08:09:43', '2020-04-28 08:09:43', NULL),
(481, 14, 'K-K-SBY-2004-225', 'KAS KELUAR SURABAYA TGL 16 April 2020', NULL, '2020-04-16', 2020, '1588061410_K-K-SBY-2004-225 TGL 16.04.pdf', 'pdf', '6,48 MB', 0, 1, 46, 46, '2020-04-28 08:10:10', '2020-04-28 08:10:10', NULL),
(482, 14, 'K-K-SBY-2004-226', 'KAS KELUAR SURABAYA TGL 16 April 2020', NULL, '2020-04-16', 2020, '1588061430_K-K-SBY-2004-226 TGL 16.04.pdf', 'pdf', '322,94 KB', 0, 1, 46, 46, '2020-04-28 08:10:30', '2020-04-28 08:10:30', NULL),
(483, 14, 'K-K-SBY-2004-227', 'KAS KELUAR SURABAYA TGL 16 April 2020', NULL, '2020-04-16', 2020, '1588061454_K-K-SBY-2004-227 TGL 16.04.pdf', 'pdf', '1,48 MB', 0, 1, 46, 46, '2020-04-28 08:10:54', '2020-04-28 08:10:54', NULL),
(484, 14, 'K-K-SBY-2004-228', 'KAS KELUAR SURABAYA TGL 16 April 2020', NULL, '2020-04-16', 2020, '1588061482_K-K-SBY-2004-228 TGL 16.04.pdf', 'pdf', '2,19 MB', 0, 1, 46, 46, '2020-04-28 08:11:22', '2020-04-28 08:11:22', NULL),
(485, 14, 'K-K-SBY-2004-229', 'KAS KELUAR SURABAYA TGL 16 April 2020', NULL, '2020-04-16', 2020, '1588061512_K-K-SBY-2004-229 TGL 16.04.pdf', 'pdf', '230,48 KB', 0, 1, 46, 46, '2020-04-28 08:11:52', '2020-04-28 08:11:52', NULL),
(486, 14, 'K-K-SBY-2004-230', 'KAS KELUAR SURABAYA TGL 17 April 2020', NULL, '2020-04-17', 2020, '1588061566_K-K-SBY-2004-230 TGL 17.04.pdf', 'pdf', '10,57 MB', 0, 1, 46, 46, '2020-04-28 08:12:46', '2020-04-28 08:12:46', NULL),
(487, 14, 'K-K-SBY-2004-231', 'KAS KELUAR SURABAYA TGL 17 April 2020', NULL, '2020-04-17', 2020, '1588061590_K-K-SBY-2004-231 TGL 17.04.pdf', 'pdf', '914,3 KB', 0, 1, 46, 46, '2020-04-28 08:13:10', '2020-04-28 08:13:10', NULL),
(488, 14, 'K-K-SBY-2004-232', 'KAS KELUAR SURABAYA TGL 17 April 2020', NULL, '2020-04-17', 2020, '1588061620_K-K-SBY-2004-232 TGL 17.04.pdf', 'pdf', '3,4 MB', 0, 1, 46, 46, '2020-04-28 08:13:40', '2020-04-28 08:13:40', NULL),
(489, 14, 'K-K-SBY-2004-233', 'KAS KELUAR SURABAYA TGL 17 April 2020', NULL, '2020-04-17', 2020, '1588061655_K-K-SBY-2004-233 TGL 17.04.pdf', 'pdf', '5 MB', 0, 1, 46, 46, '2020-04-28 08:14:15', '2020-04-28 08:14:15', NULL),
(490, 14, 'K-K-SBY-2004-234', 'KAS KELUAR SURABAYA TGL 17 April 2020', NULL, '2020-04-17', 2020, '1588062945_K-K-SBY-2004-234 TGL 17.04.pdf', 'pdf', '5,07 MB', 0, 1, 46, 46, '2020-04-28 08:35:45', '2020-04-28 08:35:45', NULL),
(491, 14, 'K-K-SBY-2004-235', 'KAS KELUAR SURABAYA TGL 17 April 2020', NULL, '2020-04-17', 2020, '1588062982_K-K-SBY-2004-235 TGL 17.04.pdf', 'pdf', '2,45 MB', 0, 1, 46, 46, '2020-04-28 08:36:22', '2020-04-28 08:36:22', NULL),
(492, 14, 'K-K-SBY-2004-236', 'KAS KELUAR SURABAYA TGL 17 April 2020', NULL, '2020-04-17', 2020, '1588063011_K-K-SBY-2004-236 TGL 17.04.pdf', 'pdf', '2,5 MB', 0, 1, 46, 46, '2020-04-28 08:36:51', '2020-04-28 08:36:51', NULL),
(493, 14, 'K-K-SBY-2004-237', 'KAS KELUAR SURABAYA TGL 17 April 2020', NULL, '2020-04-17', 2020, '1588063051_K-K-SBY-2004-237 TGL 17.04.pdf', 'pdf', '4,74 MB', 0, 1, 46, 46, '2020-04-28 08:37:31', '2020-04-28 08:37:31', NULL),
(494, 14, 'K-K-SBY-2004-238', 'KAS KELUAR SURABAYA TGL 17 April 2020', NULL, '2020-04-17', 2020, '1588063106_K-K-SBY-2004-238 TGL 17.04.pdf', 'pdf', '15,04 MB', 0, 1, 46, 46, '2020-04-28 08:38:26', '2020-04-28 08:38:26', NULL),
(495, 14, 'K-K-SBY-2004-239', 'KAS KELUAR SURABAYA TGL 17 April 2020', NULL, '2020-04-17', 2020, '1588063889_K-K-SBY-2004-239 TGL 17.04.pdf', 'pdf', '436,06 KB', 0, 1, 46, 46, '2020-04-28 08:51:29', '2020-04-28 08:51:29', NULL),
(496, 14, 'K-K-SBY-2004-240', 'KAS KELUAR SURABAYA TGL 17 April 2020', NULL, '2020-04-17', 2020, '1588063936_K-K-SBY-2004-240 TGL 17.04.pdf', 'pdf', '8,04 MB', 0, 1, 46, 46, '2020-04-28 08:52:16', '2020-04-28 08:52:16', NULL),
(497, 14, 'K-K-SBY-2004-241', 'KAS KELUAR SURABAYA TGL 17 April 2020', NULL, '2020-04-17', 2020, '1588063997_K-K-SBY-2004-241 TGL 17.04.pdf', 'pdf', '3,91 MB', 0, 1, 46, 46, '2020-04-28 08:53:17', '2020-04-28 08:53:17', NULL),
(498, 14, 'K-K-SBY-2004-242', 'KAS KELUAR SURABAYA TGL 17 April 2020', NULL, '2020-04-17', 2020, '1588064038_K-K-SBY-2004-242 TGL 17.04.pdf', 'pdf', '2,81 MB', 0, 1, 46, 46, '2020-04-28 08:53:58', '2020-04-28 08:53:58', NULL),
(499, 14, 'K-K-SBY-2004-243', 'KAS KELUAR SURABAYA TGL 17 April 2020', NULL, '2020-04-17', 2020, '1588064095_K-K-SBY-2004-243 TGL 17.04.pdf', 'pdf', '342,02 KB', 0, 1, 46, 46, '2020-04-28 08:54:55', '2020-04-28 08:54:55', NULL),
(500, 14, 'K-K-SBY-2004-244', 'KAS KELUAR SURABAYA TGL 17 April 2020', NULL, '2020-04-17', 2020, '1588064131_K-K-SBY-2004-244 TGL 17.04.pdf', 'pdf', '1012,56 KB', 0, 1, 46, 46, '2020-04-28 08:55:31', '2020-04-28 08:55:31', NULL),
(501, 14, 'K-K-SBY-2004-245', 'KAS KELUAR SURABAYA TGL 17 April 2020', NULL, '2020-04-17', 2020, '1588128794_K-K-SBY-2004-245 TGL 17.04.pdf', 'pdf', '3,53 MB', 0, 1, 46, 46, '2020-04-29 02:53:14', '2020-04-29 02:53:14', NULL),
(502, 14, 'K-K-SBY-2004-246', 'KAS KELUAR SURABAYA TGL 17 April 2020', NULL, '2020-04-17', 2020, '1588128828_K-K-SBY-2004-246 TGL 17.04.pdf', 'pdf', '662,1 KB', 0, 1, 46, 46, '2020-04-29 02:53:48', '2020-04-29 02:53:48', NULL),
(503, 14, 'K-K-SBY-2004-247', 'KAS KELUAR SURABAYA TGL 17 April 2020', NULL, '2020-04-17', 2020, '1588128853_K-K-SBY-2004-247 TGL 17.04.pdf', 'pdf', '1,56 MB', 0, 1, 46, 46, '2020-04-29 02:54:13', '2020-04-29 02:54:13', NULL),
(504, 14, 'K-K-SBY-2004-248', 'KAS KELUAR SURABAYA TGL 17 April 2020', NULL, '2020-04-17', 2020, '1588128888_K-K-SBY-2004-248 TGL 17.04.pdf', 'pdf', '2,73 MB', 0, 1, 46, 46, '2020-04-29 02:54:48', '2020-04-29 02:54:48', NULL),
(505, 14, 'K-K-SBY-2004-249', 'KAS KELUAR SURABAYA TGL 17 April 2020', NULL, '2020-04-17', 2020, '1588128954_K-K-SBY-2004-249 TGL 17.04.pdf', 'pdf', '287,64 KB', 0, 1, 46, 46, '2020-04-29 02:55:54', '2020-04-29 02:55:54', NULL),
(506, 14, 'K-K-SBY-2004-250', 'KAS KELUAR SURABAYA TGL 17 April 2020', NULL, '2020-04-17', 2020, '1588128996_K-K-SBY-2004-250 TGL 17.04.pdf', 'pdf', '1,59 MB', 1, 1, 46, 46, '2020-04-29 02:56:36', '2020-05-08 02:41:48', NULL),
(507, 14, 'K-K-SBY-2004-251', 'KAS KELUAR SURABAYA TGL 17 April 2020', NULL, '2020-04-17', 2020, '1588129044_K-K-SBY-2004-251 TGL 17.04.pdf', 'pdf', '4,65 MB', 0, 1, 46, 46, '2020-04-29 02:57:24', '2020-04-29 02:57:24', NULL),
(508, 14, 'K-K-SBY-2004-252', 'KAS KELUAR SURABAYA TGL 17 April 2020', NULL, '2020-04-17', 2020, '1588129085_K-K-SBY-2004-252 TGL 17.04.pdf', 'pdf', '7,47 MB', 0, 1, 46, 46, '2020-04-29 02:58:05', '2020-04-29 02:58:05', NULL),
(509, 15, 'KV-BNI-SBY-2004-001', 'VA BNI SBY KELUAR', NULL, '2020-04-16', 2020, '1588151224_KV-BNI-SBY-2004-001.pdf', 'pdf', '361,5 KB', 0, 1, 60, 60, '2020-04-29 09:07:04', '2020-04-29 09:07:04', NULL),
(510, 15, 'KV-BNI-SBY-2004-002', 'VA BNI SBY KELUAR', NULL, '2020-04-16', 2020, '1588151255_KV-BNI-SBY-2004-002.pdf', 'pdf', '409,58 KB', 0, 1, 60, 60, '2020-04-29 09:07:35', '2020-04-29 09:07:35', NULL),
(511, 15, 'KV-BNI-SBY-2004-003', 'VA BNI SBY KELUAR', NULL, '2020-04-16', 2020, '1588151277_KV-BNI-SBY-2004-003.pdf', 'pdf', '359,51 KB', 0, 1, 60, 60, '2020-04-29 09:07:57', '2020-04-29 09:07:57', NULL),
(512, 15, 'MV-BNI-SBY-2004-007', 'VA BNI SBY MASUK', NULL, '2020-04-16', 2020, '1588151304_MV-BNI-SBY-2004-007.pdf', 'pdf', '1,13 MB', 0, 1, 60, 60, '2020-04-29 09:08:24', '2020-04-29 09:08:24', NULL),
(513, 15, 'MV-BNI-SBY-2004-008', 'VA BNI SBY MASUK', NULL, '2020-04-16', 2020, '1588151334_MV-BNI-SBY-2004-008.pdf', 'pdf', '1,12 MB', 0, 1, 60, 60, '2020-04-29 09:08:54', '2020-04-29 09:08:54', NULL),
(514, 15, 'MV-BNI-SBY-2004-009', 'VA BNI SBY MASUK', NULL, '2020-04-16', 2020, '1588151365_MV-BNI-SBY-2004-009.pdf', 'pdf', '3,28 MB', 0, 1, 60, 60, '2020-04-29 09:09:25', '2020-04-29 09:09:25', NULL),
(515, 15, 'KV-MAN-SBY-2004-013', 'VA MAN SBY KELUAR', NULL, '2020-04-16', 2020, '1588151409_KV-MAN-SBY-2004-013.pdf', 'pdf', '445,04 KB', 0, 1, 60, 60, '2020-04-29 09:10:09', '2020-04-29 09:10:09', NULL),
(516, 15, 'KV-MAN-SBY-2004-014,015', 'VA MAN SBY KELUAR', NULL, '2020-04-16', 2020, '1588151433_KV-MAN-SBY-2004-014,015.pdf', 'pdf', '896,09 KB', 0, 1, 60, 60, '2020-04-29 09:10:33', '2020-04-29 09:10:33', NULL),
(517, 15, 'MV-MAN-SBY-2004-026', 'VA MAN SBY MASUK', NULL, '2020-04-16', 2020, '1588151467_MV-MAN-SBY-2004-026.pdf', 'pdf', '1,57 MB', 0, 1, 60, 60, '2020-04-29 09:11:07', '2020-04-29 09:11:07', NULL),
(518, 15, 'MV-MAN-SBY-2004-027', 'VA MAN SBY MASUK', NULL, '2020-04-16', 2020, '1588151519_MV-MAN-SBY-2004-027.pdf', 'pdf', '1,94 MB', 0, 1, 60, 60, '2020-04-29 09:11:59', '2020-04-29 09:11:59', NULL),
(519, 15, 'MV-MAN-SBY-2004-028', 'VA MAN SBY MASUK', NULL, '2020-04-16', 2020, '1588211374_MV-MAN-SBY-2004-028.pdf', 'pdf', '1,52 MB', 0, 1, 60, 60, '2020-04-30 01:49:34', '2020-04-30 01:49:34', NULL),
(520, 15, 'MV-MAN-SBY-2004-029', 'VA MAN SBY MASUK', NULL, '2020-04-16', 2020, '1588211408_MV-MAN-SBY-2004-029.pdf', 'pdf', '835,17 KB', 0, 1, 60, 60, '2020-04-30 01:50:08', '2020-04-30 01:50:08', NULL),
(521, 15, 'MV-MAN-SBY-2004-030', 'VA MAN SBY MASUK', NULL, '2020-04-16', 2020, '1588211435_MV-MAN-SBY-2004-030.pdf', 'pdf', '1,06 MB', 0, 1, 60, 60, '2020-04-30 01:50:35', '2020-04-30 01:50:35', NULL),
(522, 15, 'KV-JTM-SBY-2004-007', 'BANK JATIM KELUAR', NULL, '2020-04-20', 2020, '1588211513_KV-JTM-SBY-2004-007.pdf', 'pdf', '390,33 KB', 0, 1, 60, 60, '2020-04-30 01:51:53', '2020-04-30 01:51:53', NULL),
(523, 15, 'M-JTM-SBY-2004-061', 'BANK JATIM MASUK', NULL, '2020-04-20', 2020, '1588211541_M-JTM-SBY-2004-061.pdf', 'pdf', '1,46 MB', 0, 1, 60, 60, '2020-04-30 01:52:21', '2020-04-30 01:52:21', NULL),
(524, 15, 'M-JTM-SBY-2004-062', 'BANK JATIM MASUK', NULL, '2020-04-20', 2020, '1588211583_M-JTM-SBY-2004-062.pdf', 'pdf', '1,94 MB', 0, 1, 60, 60, '2020-04-30 01:53:03', '2020-04-30 01:53:03', NULL),
(525, 15, 'M-JTM-SBY-2004-063', 'BANK JATIM MASUK', NULL, '2020-04-20', 2020, '1588211637_M-JTM-SBY-2004-063.pdf', 'pdf', '2,1 MB', 0, 1, 60, 60, '2020-04-30 01:53:57', '2020-04-30 01:53:57', NULL),
(526, 15, 'M-JTM-SBY-2004-064', 'BANK JATIM MASUK', NULL, '2020-04-20', 2020, '1588211683_M-JTM-SBY-2004-064.pdf', 'pdf', '7,12 MB', 0, 1, 60, 60, '2020-04-30 01:54:43', '2020-04-30 01:54:43', NULL),
(527, 15, 'M-JTM-SBY-2004-065', 'BANK JATIM MASUK', NULL, '2020-04-20', 2020, '1588211721_M-JTM-SBY-2004-065.pdf', 'pdf', '1,19 MB', 0, 1, 60, 60, '2020-04-30 01:55:21', '2020-04-30 01:55:21', NULL),
(528, 15, 'M-JTM-SBY-2004-066', 'BANK JATIM MASUK', NULL, '2020-04-20', 2020, '1588211739_M-JTM-SBY-2004-066.pdf', 'pdf', '709,93 KB', 0, 1, 60, 60, '2020-04-30 01:55:39', '2020-04-30 01:55:39', NULL),
(529, 15, 'M-JTM-SBY-2004-067', 'BANK JATIM MASUK', NULL, '2020-04-20', 2020, '1588211767_M-JTM-SBY-2004-067.pdf', 'pdf', '2,06 MB', 0, 1, 60, 60, '2020-04-30 01:56:07', '2020-04-30 01:56:07', NULL),
(530, 15, 'M-JTM-SBY-2004-068', 'BANK JATIM MASUK', NULL, '2020-04-20', 2020, '1588211791_M-JTM-SBY-2004-068.pdf', 'pdf', '1,18 MB', 0, 1, 60, 60, '2020-04-30 01:56:31', '2020-04-30 01:56:31', NULL),
(531, 15, 'M-JTM-SBY-2004-069', 'BANK JATIM MASUK', NULL, '2020-04-20', 2020, '1588211815_M-JTM-SBY-2004-069.pdf', 'pdf', '2,1 MB', 0, 1, 60, 60, '2020-04-30 01:56:55', '2020-04-30 01:56:55', NULL),
(532, 15, 'M-JTM-SBY-2004-070', 'BANK JATIM MASUK', NULL, '2020-04-20', 2020, '1588211835_M-JTM-SBY-2004-070.pdf', 'pdf', '1,05 MB', 0, 1, 60, 60, '2020-04-30 01:57:15', '2020-04-30 01:57:15', NULL),
(533, 15, 'M-JTM-SBY-2004-071', 'BANK JATIM MASUK', NULL, '2020-04-20', 2020, '1588211868_M-JTM-SBY-2004-071.pdf', 'pdf', '1,88 MB', 0, 1, 60, 60, '2020-04-30 01:57:48', '2020-04-30 01:57:48', NULL),
(534, 14, 'K-K-SBY-2004-253', 'KAS KELUAR SURABAYA TGL 17 April 2020', NULL, '2020-04-17', 2020, '1588215969_K-K-SBY-2004-253 TGL 17.04.pdf', 'pdf', '2,95 MB', 0, 1, 46, 46, '2020-04-30 03:06:09', '2020-04-30 03:06:09', NULL),
(535, 14, 'K-K-SBY-2004-254', 'KAS KELUAR SURABAYA TGL 20 April 2020', NULL, '2020-04-20', 2020, '1588216018_K-K-DPS-2004-054 TGL 20.04.pdf', 'pdf', '4,67 MB', 0, 2, 46, 46, '2020-04-30 03:06:58', '2020-04-30 03:10:35', 46),
(536, 14, 'K-K-SBY-2004-255', 'KAS KELUAR SURABAYA TGL 20 April 2020', NULL, '2020-04-20', 2020, '1588216227_K-K-SBY-2004-255 TGL 20.04.pdf', 'pdf', '59,38 MB', 0, 1, 46, 46, '2020-04-30 03:10:27', '2020-04-30 03:10:27', NULL),
(537, 14, 'K-K-SBY-2004-254', 'KAS KELUAR SURABAYA TGL 20 April 2020', NULL, '2020-04-20', 2020, '1588216270_K-K-SBY-2004-254 TGL 20.04.pdf', 'pdf', '454 KB', 0, 1, 46, 46, '2020-04-30 03:11:10', '2020-04-30 03:11:10', NULL),
(538, 14, 'K-K-SBY-2004-256', 'KAS KELUAR SURABAYA TGL 20 April 2020', NULL, '2020-04-20', 2020, '1588216323_K-K-SBY-2004-256 TGL 20.04.pdf', 'pdf', '6,05 MB', 0, 1, 46, 46, '2020-04-30 03:12:03', '2020-04-30 03:12:03', NULL),
(539, 14, 'K-K-SBY-2004-257', 'KAS KELUAR SURABAYA TGL 20 April 2020', NULL, '2020-04-20', 2020, '1588216353_K-K-SBY-2004-257 TGL 20.04.pdf', 'pdf', '3,16 MB', 0, 1, 46, 46, '2020-04-30 03:12:33', '2020-04-30 03:12:33', NULL),
(540, 14, 'K-K-SBY-2004-258', 'KAS KELUAR SURABAYA TGL 20 April 2020', NULL, '2020-04-20', 2020, '1588216406_K-K-SBY-2004-258 TGL 20.04.pdf', 'pdf', '541,48 KB', 0, 1, 46, 46, '2020-04-30 03:13:26', '2020-04-30 03:13:26', NULL),
(541, 14, 'K-K-SBY-2004-259', 'KAS KELUAR SURABAYA TGL 20 April 2020', NULL, '2020-04-20', 2020, '1588216442_K-K-SBY-2004-259 TGL 20.04.pdf', 'pdf', '404,63 KB', 0, 1, 46, 46, '2020-04-30 03:14:02', '2020-04-30 03:14:02', NULL),
(542, 14, 'K-K-SBY-2004-260', 'KAS KELUAR SURABAYA TGL 20 April 2020', NULL, '2020-04-20', 2020, '1588216470_K-K-SBY-2004-260 TGL 20.04.pdf', 'pdf', '871,16 KB', 0, 1, 46, 46, '2020-04-30 03:14:30', '2020-04-30 03:14:30', NULL),
(543, 14, 'K-K-SBY-2004-261', 'KAS KELUAR SURABAYA TGL 20 April 2020', NULL, '2020-04-20', 2020, '1588216517_K-K-SBY-2004-261 TGL 20.04.pdf', 'pdf', '8 MB', 0, 1, 46, 46, '2020-04-30 03:15:17', '2020-04-30 03:15:17', NULL),
(544, 14, 'K-K-SBY-2004-262', 'KAS KELUAR SURABAYA TGL 20 April 2020', NULL, '2020-04-20', 2020, '1588216562_K-K-SBY-2004-262 TGL 20.04 .pdf', 'pdf', '4,98 MB', 1, 1, 46, 46, '2020-04-30 03:16:02', '2020-04-30 03:54:15', NULL),
(545, 15, 'M-JTM-SBY-2004-072', 'BANK JATIM MASUK', NULL, '2020-05-22', 2020, '1588557197_M-JTM-SBY-2004-072.pdf', 'pdf', '1,29 MB', 0, 1, 60, 60, '2020-05-04 01:53:17', '2020-05-04 01:53:17', NULL),
(546, 15, 'M-JTM-SBY-2004-073', 'BANK JATIM MASUK', NULL, '2020-05-22', 2020, '1588557222_M-JTM-SBY-2004-073.pdf', 'pdf', '1,3 MB', 0, 1, 60, 60, '2020-05-04 01:53:42', '2020-05-04 01:53:53', NULL),
(547, 15, 'M-JTM-SBY-2004-074', 'BANK JATIM MASUK', NULL, '2020-05-22', 2020, '1588557269_M-JTM-SBY-2004-074.pdf', 'pdf', '1,67 MB', 0, 1, 60, 60, '2020-05-04 01:54:29', '2020-05-04 01:54:29', NULL),
(548, 15, 'M-JTM-SBY-2004-075', 'BANK JATIM MASUK', NULL, '2020-05-22', 2020, '1588557292_M-JTM-SBY-2004-075.pdf', 'pdf', '1,06 MB', 0, 1, 60, 60, '2020-05-04 01:54:52', '2020-05-04 01:54:52', NULL),
(549, 15, 'M-JTM-SBY-2004-076', 'BANK JATIM MASUK', NULL, '2020-05-22', 2020, '1588557315_M-JTM-SBY-2004-076.pdf', 'pdf', '1,58 MB', 0, 1, 60, 60, '2020-05-04 01:55:15', '2020-05-04 01:55:15', NULL),
(550, 15, 'M-JTM-SBY-2004-077', 'BANK JATIM MASUK', NULL, '2020-05-22', 2020, '1588557336_M-JTM-SBY-2004-077.pdf', 'pdf', '1,32 MB', 0, 1, 60, 60, '2020-05-04 01:55:36', '2020-05-04 01:55:36', NULL),
(551, 15, 'M-JTM-SBY-2004-079', 'BANK JATIM MASUK', NULL, '2020-05-22', 2020, '1588557353_M-JTM-SBY-2004-079.pdf', 'pdf', '1,26 MB', 0, 1, 60, 60, '2020-05-04 01:55:53', '2020-05-04 01:56:24', NULL),
(552, 15, 'M-JTM-SBY-2004-078', 'BANK JATIM MASUK', NULL, '2020-05-22', 2020, '1588557409_M-JTM-SBY-2004-078.pdf', 'pdf', '804,5 KB', 0, 1, 60, 60, '2020-05-04 01:56:49', '2020-05-04 01:56:49', NULL),
(553, 15, 'M-JTM-SBY-2004-080', 'BANK JATIM MASUK', NULL, '2020-05-22', 2020, '1588557482_M-JTM-SBY-2004-080.pdf', 'pdf', '864,44 KB', 0, 1, 60, 60, '2020-05-04 01:58:02', '2020-05-04 01:58:02', NULL),
(554, 15, 'M-JTM-SBY-2004-081', 'BANK JATIM MASUK', NULL, '2020-05-22', 2020, '1588557502_M-JTM-SBY-2004-081.pdf', 'pdf', '1,85 MB', 0, 1, 60, 60, '2020-05-04 01:58:22', '2020-05-04 01:58:22', NULL),
(555, 15, 'M-JTM-SBY-2004-082', 'BANK JATIM MASUK', NULL, '2020-05-22', 2020, '1588557523_M-JTM-SBY-2004-082.pdf', 'pdf', '1,47 MB', 0, 1, 60, 60, '2020-05-04 01:58:43', '2020-05-04 01:58:43', NULL),
(556, 15, 'M-JTM-SBY-2004-083', 'BANK JATIM MASUK', NULL, '2020-05-22', 2020, '1588557543_M-JTM-SBY-2004-083.pdf', 'pdf', '1,23 MB', 0, 1, 60, 60, '2020-05-04 01:59:03', '2020-05-04 01:59:03', NULL),
(557, 15, 'M-JTM-SBY-2004-085', 'BANK JATIM MASUK', NULL, '2020-05-22', 2020, '1588557563_M-JTM-SBY-2004-085.pdf', 'pdf', '2,99 MB', 0, 1, 60, 60, '2020-05-04 01:59:23', '2020-05-04 01:59:32', NULL),
(558, 15, 'M-JTM-SBY-2004-084', 'BANK JATIM MASUK', NULL, '2020-05-22', 2020, '1588557599_M-JTM-SBY-2004-084.pdf', 'pdf', '1,2 MB', 0, 1, 60, 60, '2020-05-04 01:59:59', '2020-05-04 01:59:59', NULL),
(559, 15, 'M-JTM-SBY-2004-086', 'BANK JATIM MASUK', NULL, '2020-05-22', 2020, '1588557883_M-JTM-SBY-2004-086.pdf', 'pdf', '1,83 MB', 0, 1, 60, 60, '2020-05-04 02:04:43', '2020-05-04 02:04:43', NULL),
(560, 15, 'M-JTM-SBY-2004-087', 'BANK JATIM MASUK', NULL, '2020-05-22', 2020, '1588557907_M-JTM-SBY-2004-087.pdf', 'pdf', '1,8 MB', 0, 1, 60, 60, '2020-05-04 02:05:07', '2020-05-04 02:05:07', NULL),
(561, 15, 'M-JTM-SBY-2004-088', 'BANK JATIM MASUK', NULL, '2020-05-22', 2020, '1588557927_M-JTM-SBY-2004-088.pdf', 'pdf', '1,19 MB', 0, 1, 60, 60, '2020-05-04 02:05:27', '2020-05-04 02:05:27', NULL),
(562, 15, 'M-JTM-SBY-2004-089', 'BANK JATIM MASUK', NULL, '2020-05-22', 2020, '1588557947_M-JTM-SBY-2004-089.pdf', 'pdf', '2,18 MB', 0, 1, 60, 60, '2020-05-04 02:05:47', '2020-05-04 02:05:47', NULL),
(563, 15, 'M-JTM-SBY-2004-090', 'BANK JATIM MASUK', NULL, '2020-05-22', 2020, '1588557976_M-JTM-SBY-2004-090.pdf', 'pdf', '1,48 MB', 0, 1, 60, 60, '2020-05-04 02:06:16', '2020-05-04 02:06:16', NULL),
(564, 15, 'M-JTM-SBY-2004-091', 'BANK JATIM MASUK', NULL, '2020-05-22', 2020, '1588558008_M-JTM-SBY-2004-091 tgl 22.pdf', 'pdf', '806,78 KB', 0, 1, 60, 60, '2020-05-04 02:06:48', '2020-05-04 02:06:48', NULL),
(565, 15, 'K-JTM-SBY-2004-008', 'BANK JATIM KELUAR', NULL, '2020-05-22', 2020, '1588558036_K-JTM-SBY-2004-008.pdf', 'pdf', '482,64 KB', 0, 1, 60, 60, '2020-05-04 02:07:16', '2020-05-04 02:07:16', NULL),
(566, 15, 'K-PMT-SBY-2004-004', 'BANK PERMATA KELUAR', NULL, '2020-05-22', 2020, '1588558124_K-PMT-SBY-2004-004.pdf', 'pdf', '467,45 KB', 0, 1, 60, 60, '2020-05-04 02:08:44', '2020-05-04 02:08:44', NULL),
(567, 15, 'M-PMT-SBY-2004-008', 'BANK PERMATA MASUK', NULL, '2020-05-22', 2020, '1588558253_M-PMT-SBY-2004-008.pdf', 'pdf', '1,4 MB', 0, 1, 60, 60, '2020-05-04 02:10:53', '2020-05-04 02:10:53', NULL),
(568, 15, 'M-PMT-SBY-2004-009', 'BANK PERMATA MASUK', NULL, '2020-05-22', 2020, '1588558279_M-PMT-SBY-2004-009.pdf', 'pdf', '1,73 MB', 0, 1, 60, 60, '2020-05-04 02:11:19', '2020-05-04 02:11:19', NULL),
(569, 15, 'M-PMT-SBY-2004-010', 'BANK PERMATA MASUK', NULL, '2020-05-22', 2020, '1588558299_M-PMT-SBY-2004-010.pdf', 'pdf', '939,68 KB', 0, 1, 60, 60, '2020-05-04 02:11:39', '2020-05-04 02:11:39', NULL),
(570, 15, 'M-PMT-SBY-2004-011', 'BANK PERMATA MASUK', NULL, '2020-05-22', 2020, '1588558317_M-PMT-SBY-2004-011.pdf', 'pdf', '1,43 MB', 0, 1, 60, 60, '2020-05-04 02:11:57', '2020-05-04 02:11:57', NULL),
(571, 15, 'M-PMT-SBY-2004-012', 'BANK PERMATA MASUK', NULL, '2020-05-22', 2020, '1588558339_M-PMT-SBY-2004-012 tgl 22.pdf', 'pdf', '790,07 KB', 0, 1, 60, 60, '2020-05-04 02:12:19', '2020-05-04 02:12:19', NULL),
(572, 15, 'KV-BCA-SBY-2004-018.19', 'VA BCA SBY KELUAR', NULL, '2020-05-22', 2020, '1588558433_KV-BCA-SBY-2004-018.19.pdf', 'pdf', '670,58 KB', 0, 1, 60, 60, '2020-05-04 02:13:53', '2020-05-04 02:13:53', NULL),
(573, 15, 'KV-BCA-SBY-2004-020.21.22.23.24.25', 'VA BCA SBY KELUAR', NULL, '2020-05-22', 2020, '1588558462_KV-BCA-SBY-2004-020.21.22.23.24.25.pdf', 'pdf', '1,62 MB', 0, 1, 60, 60, '2020-05-04 02:14:22', '2020-05-04 02:14:22', NULL),
(574, 15, 'KV-BCA-SBY-2004-026.27', 'VA BCA SBY KELUAR', NULL, '2020-05-22', 2020, '1588558491_KV-BCA-SBY-2004-026.27.pdf', 'pdf', '814,9 KB', 0, 1, 60, 60, '2020-05-04 02:14:51', '2020-05-04 02:14:51', NULL),
(575, 15, 'MV-BCA-SBY-2004-019', 'VA BCA SBY MASUK', NULL, '2020-05-25', 2020, '1588558520_MV-BCA-SBY-2004-019.pdf', 'pdf', '1,05 MB', 0, 1, 60, 60, '2020-05-04 02:15:20', '2020-05-04 02:15:20', NULL),
(576, 15, 'MV-BCA-SBY-2004-020', 'VA BCA SBY MASUK', NULL, '2020-04-24', 2020, '1588558603_MV-BCA-SBY-2004-020.pdf', 'pdf', '661,33 KB', 0, 1, 60, 60, '2020-05-04 02:16:43', '2020-05-04 02:16:43', NULL),
(577, 15, 'MV-BCA-SBY-2004-021', 'VA BCA SBY MASUK', NULL, '2020-04-24', 2020, '1588558636_MV-BCA-SBY-2004-021.pdf', 'pdf', '1,24 MB', 0, 1, 60, 60, '2020-05-04 02:17:16', '2020-05-04 02:17:16', NULL),
(578, 15, 'MV-BCA-SBY-2004-022', 'VA BCA SBY MASUK', NULL, '2020-04-24', 2020, '1588558659_MV-BCA-SBY-2004-022.pdf', 'pdf', '1,41 MB', 0, 1, 60, 60, '2020-05-04 02:17:39', '2020-05-04 02:17:39', NULL),
(579, 15, 'MV-BCA-SBY-2004-023', 'VA BCA SBY MASUK', NULL, '2020-04-24', 2020, '1588558742_MV-BCA-SBY-2004-023.pdf', 'pdf', '1,45 MB', 0, 1, 60, 60, '2020-05-04 02:19:02', '2020-05-04 02:19:02', NULL),
(580, 15, 'MV-BCA-SBY-2004-024', 'VA BCA SBY MASUK', NULL, '2020-04-24', 2020, '1588558772_MV-BCA-SBY-2004-024.pdf', 'pdf', '2,14 MB', 0, 1, 60, 60, '2020-05-04 02:19:32', '2020-05-04 02:19:32', NULL),
(581, 15, 'MV-BCA-SBY-2004-025', 'VA BCA SBY MASUK', NULL, '2020-04-24', 2020, '1588558795_MV-BCA-SBY-2004-025.pdf', 'pdf', '1,04 MB', 0, 1, 60, 60, '2020-05-04 02:19:55', '2020-05-04 02:19:55', NULL),
(582, 15, 'MV-BCA-SBY-2004-026', 'VA BCA SBY MASUK', NULL, '2020-04-24', 2020, '1588558817_MV-BCA-SBY-2004-026.pdf', 'pdf', '1,26 MB', 0, 1, 60, 60, '2020-05-04 02:20:17', '2020-05-04 02:20:17', NULL),
(583, 15, 'MV-BCA-SBY-2004-027', 'VA BCA SBY MASUK', NULL, '2020-04-24', 2020, '1588558854_MV-BCA-SBY-2004-027.pdf', 'pdf', '1,18 MB', 0, 1, 60, 60, '2020-05-04 02:20:54', '2020-05-04 02:20:54', NULL),
(584, 15, 'MV-BCA-SBY-2004-028', 'VA BCA SBY MASUK', NULL, '2020-04-24', 2020, '1588558890_MV-BCA-SBY-2004-028 tgl 24.pdf', 'pdf', '2,36 MB', 0, 1, 60, 60, '2020-05-04 02:21:30', '2020-05-04 02:21:30', NULL),
(585, 15, 'MV-BNI-SBY-2004-010', 'VA BNI SBY MASUK', NULL, '2020-04-24', 2020, '1588558924_MV-BNI-SBY-2004-010.pdf', 'pdf', '1,19 MB', 0, 1, 60, 60, '2020-05-04 02:22:04', '2020-05-04 02:22:04', NULL),
(586, 15, 'MV-BNI-SBY-2004-011', 'VA BNI SBY MASUK', NULL, '2020-04-24', 2020, '1588558952_MV-BNI-SBY-2004-011.pdf', 'pdf', '1,51 MB', 0, 1, 60, 60, '2020-05-04 02:22:32', '2020-05-04 02:22:32', NULL),
(587, 15, 'MV-BNI-SBY-2004-012', 'VA BNI SBY MASUK', NULL, '2020-04-24', 2020, '1588558978_MV-BNI-SBY-2004-012.pdf', 'pdf', '727,35 KB', 0, 1, 60, 60, '2020-05-04 02:22:58', '2020-05-04 02:22:58', NULL),
(588, 15, 'MV-BNI-SBY-2004-013', 'VA BNI SBY MASUK', NULL, '2020-04-24', 2020, '1588559001_MV-BNI-SBY-2004-013.pdf', 'pdf', '2,86 MB', 0, 1, 60, 60, '2020-05-04 02:23:21', '2020-05-04 02:23:21', NULL),
(589, 15, 'MV-BNI-SBY-2004-014', 'VA BNI SBY MASUK', NULL, '2020-04-24', 2020, '1588559022_MV-BNI-SBY-2004-014 tgl 24.pdf', 'pdf', '1,91 MB', 0, 1, 60, 60, '2020-05-04 02:23:42', '2020-05-04 02:23:42', NULL),
(590, 15, 'KV-BNI-SBY-2004-004', 'VA BNI SBY KELUAR', NULL, '2020-04-24', 2020, '1588559050_KV-BNI-SBY-2004-004.pdf', 'pdf', '396,17 KB', 0, 1, 60, 60, '2020-05-04 02:24:10', '2020-05-04 02:24:10', NULL),
(591, 15, 'KV-BNI-SBY-2004-005', 'VA BNI SBY KELUAR', NULL, '2020-04-24', 2020, '1588559070_KV-BNI-SBY-2004-005.pdf', 'pdf', '447,05 KB', 0, 1, 60, 60, '2020-05-04 02:24:30', '2020-05-04 02:24:30', NULL),
(592, 15, 'K-JTM-SBY-2004-007', 'BANK JATIM KELUAR', NULL, '2020-04-17', 2020, '1588559127_KV-JTM-SBY-2004-007.pdf', 'pdf', '390,33 KB', 0, 1, 60, 60, '2020-05-04 02:25:27', '2020-05-04 02:25:56', NULL),
(593, 6, 'F-SRI-ITS-04', 'Pengajuan perbaikan printer septiana', 'Pengajuan perbaikan printer septiana printer dot matrix epson LQ2180 314-ITS-V-2020', '2020-05-12', 2020, '1589856184_314-ITS-V-2020 Surabaya.pdf', 'pdf', '341,54 KB', 2, 2, 62, 62, '2020-05-19 02:43:04', '2020-05-19 02:44:59', 62),
(594, 6, 'F-SRU-ITS-04', 'Pengajuan perbaikan printer septiana', 'Pengajuan perbaikan printer septiana printer dot matrix epson LQ2180 314-ITS-V-2020', '2020-05-12', 2020, '1589856294_314-ITS-V-2020 Surabaya.pdf', 'pdf', '341,54 KB', 0, 1, 62, 62, '2020-05-19 02:44:54', '2020-05-19 02:44:54', NULL),
(595, 6, 'F-SRU-ITS-04', 'PENGAJUAN PERBAIKAN RAM SERVER', 'FORMULIR PERBAIKAN RAM SERVER PEMOHON : LIZTRIANTO HARDHIKO (ITS) NO PENGAJUAN : 331-ITS-V-2020 Surabaya', '2020-05-27', 2020, '1590557524_331-ITS-V-2020 Surabaya.pdf', 'pdf', '606,72 KB', 0, 1, 62, 62, '2020-05-27 05:32:04', '2020-06-04 04:06:48', 40),
(596, 15, 'K-JTM-SBY-2005-001 SD 011, M-JTM-SBY-2005-001 SD 020', 'BANK JATIM MASUK & BANK JATIM KELUAR', NULL, '2020-05-13', 2020, '1591689428_K-JTM-SBY-2005-001 SD 011, M-JTM-SBY-2005-001 SD 020.pdf', 'pdf', '45,91 MB', 0, 1, 60, 60, '2020-06-09 07:57:08', '2020-06-09 07:57:08', NULL),
(597, 15, 'K-PMT-SBY-2005-001 SD 005, M-PMT-SBY-2005-001 SD 014', 'BANK PERMATA MASUK & BANK PERMATA KELUAR', NULL, '2020-05-27', 2020, '1591689505_K-PMT-SBY-2005-001 SD 005, M-PMT-SBY-2005-001 SD 014.pdf', 'pdf', '36,23 MB', 0, 1, 60, 60, '2020-06-09 07:58:25', '2020-06-09 07:58:25', NULL),
(600, 10, 'FIN-SBY/2020/VI/0014', 'PENGAJUAN DANA KAS SURABAYA TGL 03 JUNI 2020', NULL, '2020-06-12', 2020, '1591955501_FIN-SBY-2020-VI-0014 PD KAS KRM TGL 12 JUN.pdf', 'pdf', '2,31 MB', 0, 1, 43, 43, '2020-06-12 09:51:41', '2020-06-12 09:51:41', NULL),
(601, 15, 'K-JTM-SBY-2006-001 & M-JTM-SBY-2006-009 SD M-JTM-SBY-2006-0014', 'BANK JATIM MASUK & BANK JATIM KELUAR', NULL, '2020-06-09', 2020, '1592205238_K-JTM-SBY-2006-001 & M-JTM-SBY-2006-009 SD M-JTM-SBY-2006-0014.pdf', 'pdf', '13,15 MB', 0, 1, 60, 60, '2020-06-15 07:13:58', '2020-06-15 07:13:58', NULL),
(602, 15, 'KV-BNI-SBY-2006-001 SD KV-BNI-SBY-2006-003', 'VA BNI SBY KELUAR', NULL, '2020-06-10', 2020, '1592205608_KV-BNI-SBY-2006-001 SD KV-BNI-SBY-2006-003.pdf', 'pdf', '1 MB', 0, 1, 60, 60, '2020-06-15 07:20:08', '2020-06-15 07:20:08', NULL),
(603, 15, 'KV-BNI-DPS-2006-001 SD KV-BNI-DPS-2006-003', 'VA BNI DPS KELUAR', NULL, '2020-06-10', 2020, '1592205845_KV-BNI-DPS-2006-001 SD KV-BNI-DPS-2006-003.pdf', 'pdf', '1,23 MB', 0, 1, 60, 60, '2020-06-15 07:24:05', '2020-06-15 07:24:05', NULL),
(604, 15, 'M-JTM-SBY-2006-001 SD M-JTM-SBY-2006-008', 'BANK JATIM MASUK', NULL, '2020-06-09', 2020, '1592205884_M-JTM-SBY-2006-001 SD M-JTM-SBY-2006-008.pdf', 'pdf', '14,38 MB', 0, 1, 60, 60, '2020-06-15 07:24:44', '2020-06-15 07:24:44', NULL),
(605, 14, 'M-PMT-SBY-2006-001 SD M-PMT-SBY-2006-003 & K-PMT-SBY-2006-001, K-PMT-SBY-2006-002', 'BANK PERMATA MASUK & BANK PERMATA KELUAR', NULL, '2020-06-08', 2020, '1592205927_M-PMT-SBY-2006-001 SD M-PMT-SBY-2006-003 & K-PMT-SBY-2006-001, K-PMT-SBY-2006-002.pdf', 'pdf', '6,85 MB', 0, 1, 60, 60, '2020-06-15 07:25:27', '2020-06-15 07:25:27', NULL),
(606, 15, 'MV-BCA-DPS-2006-001 & KV-BCA-DPS-2006-001,  KV-BCA-DPS-2006-002', 'VA BCA DPS MASUK &VA BCA DPS KELUAR', NULL, '2020-06-09', 2020, '1592205976_MV-BCA-DPS-2006-001 & KV-BCA-DPS-2006-001,  KV-BCA-DPS-2006-002.pdf', 'pdf', '3,85 MB', 0, 1, 60, 60, '2020-06-15 07:26:16', '2020-06-15 07:26:16', NULL),
(607, 15, 'MV-BCA-SBY-2006-001 & MV-BCA-SBY-2006-002', 'VA BCA SBY MASUK', NULL, '2020-06-10', 2020, '1592206031_MV-BCA-SBY-2006-001 & MV-BCA-SBY-2006-002.pdf', 'pdf', '4,34 MB', 0, 1, 60, 60, '2020-06-15 07:27:11', '2020-06-15 07:27:11', NULL),
(608, 15, 'MV-BCA-SBY-2006-003 & MV-BCA-SBY-2006-004', 'VA BCA SBY MASUK', NULL, '2020-06-11', 2020, '1592206066_MV-BCA-SBY-2006-003 & MV-BCA-SBY-2006-004.pdf', 'pdf', '5,3 MB', 0, 1, 60, 60, '2020-06-15 07:27:46', '2020-06-15 07:27:46', NULL),
(609, 15, 'MV-BCA-SBY-2006-005 SD  MV-BCA-SBY-2006-007', 'VA BCA SBY MASUK', NULL, '2020-06-11', 2020, '1592206099_MV-BCA-SBY-2006-005 SD  MV-BCA-SBY-2006-007.pdf', 'pdf', '4,95 MB', 0, 1, 60, 60, '2020-06-15 07:28:19', '2020-06-15 07:28:19', NULL),
(610, 15, 'MV-BNI-DPS-2006-001 SD MV-BNI-DPS-SBY-2006-003', 'VA BNI DPS MASUK', NULL, '2020-06-10', 2020, '1592206178_MV-BNI-DPS-2006-001 SD MV-BNI-DPS-SBY-2006-003.pdf', 'pdf', '4,15 MB', 0, 1, 60, 60, '2020-06-15 07:29:38', '2020-06-15 07:29:38', NULL),
(611, 15, 'MV-BNI-SBY-2006-001 & MV-BNI-SBY-2006-002', 'VA BNI SBY MASUK', NULL, '2020-06-11', 2020, '1592206220_MV-BNI-SBY-2006-001 & MV-BNI-SBY-2006-002.pdf', 'pdf', '6,49 MB', 0, 1, 60, 60, '2020-06-15 07:30:20', '2020-06-15 07:30:20', NULL),
(612, 15, 'MV-BNI-SBY-2006-003 & MV-BNI-SBY-2006-004', 'VA BNI SBY MASUK', NULL, '2020-06-11', 2020, '1592206249_MV-BNI-SBY-2006-003 & MV-BNI-SBY-2006-004.pdf', 'pdf', '4,77 MB', 0, 1, 60, 60, '2020-06-15 07:30:49', '2020-06-15 07:30:49', NULL),
(613, 15, 'MV-MAND-SBY-2006-001 SD MV-MAND-SBY-2006-003', 'VA MAN SBY MASUK', NULL, '2020-06-11', 2020, '1592206282_MV-MAND-SBY-2006-001 SD MV-MAND-SBY-2006-003.pdf', 'pdf', '6,41 MB', 0, 1, 60, 60, '2020-06-15 07:31:22', '2020-06-15 07:31:22', NULL),
(614, 15, 'MV-MAND-SBY-2006-004 SD MV-MAND-SBY-2006-006', 'VA MAN SBY MASUK', NULL, '2020-06-11', 2020, '1592206334_MV-MAND-SBY-2006-004 SD MV-MAND-SBY-2006-006.pdf', 'pdf', '7,71 MB', 0, 1, 60, 60, '2020-06-15 07:32:14', '2020-06-15 07:32:14', NULL),
(616, 15, 'K-PMT-SBY-2006-003', 'BANK PERMATA KELUAR', NULL, '2020-06-11', 2020, '1592300611_K-PMT-SBY-2006-003.pdf', 'pdf', '686,78 KB', 0, 1, 60, 60, '2020-06-16 09:43:31', '2020-06-16 09:43:31', NULL),
(617, 15, 'M-PMT-SBY-2006-004 SD M-PMT-SBY-2006-007', 'BANK PERMATA MASUK', NULL, '2020-06-11', 2020, '1592300638_M-PMT-SBY-2006-004 SD M-PMT-SBY-2006-007.pdf', 'pdf', '7,12 MB', 0, 1, 60, 60, '2020-06-16 09:43:58', '2020-06-16 09:43:58', NULL),
(618, 15, 'K-JTM-SBY-2006-002 SD K-JTM-SBY-2006-008', 'BANK JATIM KELUAR', NULL, '2020-06-11', 2020, '1592301052_K-JTM-SBY-2006-002 SD K-JTM-SBY-2006-008.pdf', 'pdf', '3,43 MB', 0, 1, 60, 60, '2020-06-16 09:50:52', '2020-06-16 09:50:52', NULL),
(619, 15, 'M-JTM-SBY-2006-0015 SD M-JTM-SBY-2006-0019', 'BANK JATIM MASUK', NULL, '2020-06-11', 2020, '1592368685_M-JTM-SBY-2006-0015 SD M-JTM-SBY-2006-0019.pdf', 'pdf', '35,67 MB', 0, 1, 60, 60, '2020-06-17 04:38:05', '2020-06-17 04:38:05', NULL),
(620, 15, 'M-JTM-SBY-2006-0020 SD M-JTM-SBY-2006-0024', 'BANK JATIM MASUK', NULL, '2020-06-11', 2020, '1592368715_M-JTM-SBY-2006-0020 SD M-JTM-SBY-2006-0024.pdf', 'pdf', '39,06 MB', 0, 1, 60, 60, '2020-06-17 04:38:35', '2020-06-17 04:38:35', NULL),
(621, 15, 'M-JTM-SBY-2006-0025 SD M-JTM-SBY-2006-0029', 'BANK JATIM MASUK', NULL, '2020-06-12', 2020, '1592368749_M-JTM-SBY-2006-0025 SD M-JTM-SBY-2006-0029.pdf', 'pdf', '69,75 MB', 0, 1, 60, 60, '2020-06-17 04:39:09', '2020-06-17 04:39:09', NULL),
(622, 15, 'M-JTM-SBY-2006-0030 SD M-JTM-SBY-2006-0032', 'BANK JATIM MASUK', NULL, '2020-06-13', 2020, '1592368808_M-JTM-SBY-2006-0030 SD M-JTM-SBY-2006-0032.pdf', 'pdf', '42,83 MB', 0, 1, 60, 60, '2020-06-17 04:40:08', '2020-06-17 04:40:08', NULL),
(623, 15, 'KV-BCA-SBY-2006-001 SD KV-BCA-SBY-2006-009', 'VA BCA SBY KELUAR', NULL, '2020-06-12', 2020, '1592368854_KV-BCA-SBY-2006-001 SD KV-BCA-SBY-2006-009.pdf', 'pdf', '12,18 MB', 0, 1, 60, 60, '2020-06-17 04:40:54', '2020-06-17 04:40:54', NULL),
(624, 15, 'MV-BCA-SBY-2006-008 SD MV-BCA-SBY-2006-012', 'VA BCA SBY MASUK', NULL, '2020-06-12', 2020, '1592368884_MV-BCA-SBY-2006-008 SD MV-BCA-SBY-2006-012.pdf', 'pdf', '39,72 MB', 0, 1, 60, 60, '2020-06-17 04:41:24', '2020-06-17 04:41:24', NULL),
(625, 14, 'K-K-SBY-2006-024', 'KAS KELUAR SURABAYA 03-06-20', NULL, '2020-06-03', 2020, '1592384115_K-K-SBY-2006-024.pdf', 'pdf', '1,77 MB', 0, 1, 43, 43, '2020-06-17 08:55:15', '2020-06-17 08:55:15', NULL),
(626, 14, 'K-K-SBY-2006-025', 'KAS KELUAR SURABAYA TGL 03-06-20', NULL, '2020-06-03', 2020, '1592384175_K-K-SBY-2006-025.pdf', 'pdf', '1,1 MB', 0, 1, 43, 43, '2020-06-17 08:56:15', '2020-06-17 08:56:15', NULL),
(627, 14, 'K-K-SBY-2006-026', 'KAS KELUAR SURABAYA TGL 03-06-20', NULL, '2020-06-03', 2020, '1592384200_K-K-SBY-2006-026.pdf', 'pdf', '1017,93 KB', 0, 1, 43, 43, '2020-06-17 08:56:40', '2020-06-17 08:56:40', NULL),
(628, 14, 'K-K-SBY-2006-027', 'KAS KELUAR SURABAYA TGL 03-06-20', NULL, '2020-06-03', 2020, '1592384248_K-K-SBY-2006-027.pdf', 'pdf', '3,81 MB', 0, 1, 43, 43, '2020-06-17 08:57:28', '2020-06-17 08:57:28', NULL),
(629, 14, 'K-K-SBY-2006-028', 'KAS KELUAR SURABAYA TGL 03-06-20', NULL, '2020-06-03', 2020, '1592384298_K-K-SBY-2006-028.pdf', 'pdf', '3,42 MB', 0, 1, 43, 43, '2020-06-17 08:58:18', '2020-06-17 08:58:18', NULL),
(630, 14, 'K-K-SBY-2006-029', 'KAS KELUAR SURABAYA TGL 03-06-20', NULL, '2020-06-03', 2020, '1592384319_K-K-SBY-2006-029.pdf', 'pdf', '925,64 KB', 0, 1, 43, 43, '2020-06-17 08:58:39', '2020-06-17 08:58:39', NULL),
(631, 14, 'K-K-SBY-2006-030', 'KAS KELUAR SURABAYA TGL 03-06-20', NULL, '2020-06-03', 2020, '1592384346_K-K-SBY-2006-030.pdf', 'pdf', '606,63 KB', 0, 1, 43, 43, '2020-06-17 08:59:06', '2020-06-17 08:59:06', NULL),
(632, 14, 'K-K-SBY-2006-031', 'KAS KELUAR SURABAYA TGL 03-06-20', NULL, '2020-06-03', 2020, '1592384387_K-K-SBY-2006-031.pdf', 'pdf', '3,34 MB', 0, 1, 43, 43, '2020-06-17 08:59:47', '2020-06-17 08:59:47', NULL),
(633, 14, 'K-K-SBY-2006-032', 'KAS KELUAR SURABAYA TGL 03-06-20', NULL, '2020-06-03', 2020, '1592384408_K-K-SBY-2006-032.pdf', 'pdf', '6,22 MB', 0, 1, 43, 43, '2020-06-17 09:00:08', '2020-06-17 09:00:08', NULL),
(634, 14, 'K-K-SBY-2006-032', 'KAS KELUAR SURABAYA TGL 03-06-20', NULL, '2020-06-03', 2020, '1592384445_K-K-SBY-2006-032.pdf', 'pdf', '6,22 MB', 0, 2, 43, 43, '2020-06-17 09:00:45', '2020-06-17 09:01:12', 43),
(635, 14, 'K-K-SBY-2006-033', 'KAS KELUAR SURABAYA TGL 03-06-20', NULL, '2020-06-03', 2020, '1592384494_K-K-SBY-2006-033.pdf', 'pdf', '30,99 MB', 0, 1, 43, 43, '2020-06-17 09:01:34', '2020-06-17 09:01:34', NULL),
(636, 14, 'K-K-SBY-2006-034', 'KAS KELUAR SURABAYA TGL 03-06-20', NULL, '2020-06-03', 2020, '1592384520_K-K-SBY-2006-034.pdf', 'pdf', '2,16 MB', 0, 1, 43, 43, '2020-06-17 09:02:00', '2020-06-17 09:02:00', NULL),
(637, 14, 'K-K-SBY-2006-035', 'KAS KELUAR SURABAYA TGL 03-06-20', NULL, '2020-06-03', 2020, '1592384554_K-K-SBY-2006-035.pdf', 'pdf', '799,31 KB', 0, 1, 43, 43, '2020-06-17 09:02:34', '2020-06-17 09:02:34', NULL),
(638, 14, 'K-K-SBY-2006-036', 'KAS KELUAR SURABAYA TGL 03-06-20', NULL, '2020-06-03', 2020, '1592385010_K-K-SBY-2006-036.pdf', 'pdf', '1,29 MB', 0, 1, 43, 43, '2020-06-17 09:10:10', '2020-06-17 09:10:10', NULL),
(639, 14, 'K-K-SBY-2006-037', 'KAS KELUAR SURABAYA TGL 03-06-20', NULL, '2020-06-03', 2020, '1592385061_K-K-SBY-2006-037.pdf', 'pdf', '22,28 MB', 0, 1, 43, 43, '2020-06-17 09:11:01', '2020-06-17 09:11:01', NULL),
(640, 14, 'K-K-SBY-2006-038', 'KAS KELUAR SURABAYA TGL 03-06-20', NULL, '2020-06-03', 2020, '1592385085_K-K-SBY-2006-038.pdf', 'pdf', '9,29 MB', 0, 1, 43, 43, '2020-06-17 09:11:25', '2020-06-17 09:11:25', NULL),
(641, 14, 'K-K-SBY-2006-039', 'KAS KELUAR SURABAYA TGL 03-06-20', NULL, '2020-06-03', 2020, '1592385109_K-K-SBY-2006-039.pdf', 'pdf', '1,05 MB', 0, 1, 43, 43, '2020-06-17 09:11:49', '2020-06-17 09:11:49', NULL),
(642, 14, 'K-K-SBY-2006-040', 'KAS KELUAR SURABAYA TGL 03-06-20', NULL, '2020-06-03', 2020, '1592385128_K-K-SBY-2006-040.pdf', 'pdf', '5,23 MB', 0, 1, 43, 43, '2020-06-17 09:12:08', '2020-06-17 09:12:08', NULL),
(643, 14, 'K-K-SBY-2006-041', 'KAS KELUAR SURABAYA TGL 03-06-20', NULL, '2020-06-03', 2020, '1592385148_K-K-SBY-2006-041.pdf', 'pdf', '455,18 KB', 0, 1, 43, 43, '2020-06-17 09:12:28', '2020-06-17 09:12:28', NULL),
(644, 14, 'K-K-SBY-2006-042', 'KAS KELUAR SURABAYA TGL 03-06-20', NULL, '2020-06-03', 2020, '1592385167_K-K-SBY-2006-042.pdf', 'pdf', '420,94 KB', 0, 1, 43, 43, '2020-06-17 09:12:47', '2020-06-17 09:12:47', NULL),
(645, 14, 'K-K-SBY-2006-043', 'KAS KELUAR SURABAYA TGL 03-06-20', NULL, '2020-06-03', 2020, '1592385185_K-K-SBY-2006-043.pdf', 'pdf', '503,98 KB', 0, 1, 43, 43, '2020-06-17 09:13:05', '2020-06-17 09:13:05', NULL),
(646, 14, 'K-K-SBY-2006-044', 'KAS KELUAR SURABAYA TGL 03-06-20', NULL, '2020-06-03', 2020, '1592385202_K-K-SBY-2006-044.pdf', 'pdf', '1,23 MB', 0, 1, 43, 43, '2020-06-17 09:13:22', '2020-06-17 09:13:22', NULL),
(647, 14, 'K-K-SBY-2006-045', 'KAS KELUAR SURABAYA TGL 03-06-20', NULL, '2020-06-03', 2020, '1592385221_K-K-SBY-2006-045.pdf', 'pdf', '610,69 KB', 0, 1, 43, 43, '2020-06-17 09:13:41', '2020-06-17 09:13:41', NULL),
(648, 14, 'K-K-SBY-2006-046', 'KAS KELUAR SURABAYA TGL 03-06-20', NULL, '2020-06-03', 2020, '1592385243_K-K-SBY-2006-046.pdf', 'pdf', '6,27 MB', 0, 1, 43, 43, '2020-06-17 09:14:03', '2020-06-17 09:14:03', NULL),
(649, 14, 'K-K-SBY-2006-047', 'KAS KELUAR SURABAYA TGL 03-06-20', NULL, '2020-06-03', 2020, '1592385260_K-K-SBY-2006-047.pdf', 'pdf', '3,46 MB', 0, 1, 43, 43, '2020-06-17 09:14:20', '2020-06-17 09:14:20', NULL),
(650, 14, 'K-K-SBY-2006-048', 'KAS KELUAR SURABAYA TGL 03-06-20', NULL, '2020-06-03', 2020, '1592385282_K-K-SBY-2006-048.pdf', 'pdf', '5,46 MB', 0, 1, 43, 43, '2020-06-17 09:14:42', '2020-06-17 09:14:42', NULL),
(651, 14, 'K-K-SBY-2006-049', 'KAS KELUAR SURABAYA TGL 03-06-20', NULL, '2020-06-03', 2020, '1592385318_K-K-SBY-2006-049.pdf', 'pdf', '27,62 MB', 0, 1, 43, 43, '2020-06-17 09:15:18', '2020-06-17 09:15:18', NULL),
(652, 14, 'K-K-SBY-2006-050', 'KAS KELUAR SURABAYA TGL 03-06-20', NULL, '2020-06-03', 2020, '1592385341_K-K-SBY-2006-050.pdf', 'pdf', '1,68 MB', 0, 1, 43, 43, '2020-06-17 09:15:41', '2020-06-17 09:15:41', NULL),
(653, 15, 'MV-BCA-SBY-2006-013 & MV-BCA-SBY-2006-015', 'VA BCA SBY MASUK', NULL, '2020-06-18', 2020, '1592560612_MV-BCA-SBY-2006-013 & MV-BCA-SBY-2006-015.pdf', 'pdf', '3,05 MB', 0, 1, 60, 60, '2020-06-19 09:56:52', '2020-06-19 09:56:52', NULL),
(654, 15, 'MV-BCA-SBY-2006-016 SD MV-BCA-SBY-2006-017', 'VA BCA SBY MASUK', NULL, '2020-06-18', 2020, '1592560641_MV-BCA-SBY-2006-016 SD MV-BCA-SBY-2006-017.pdf', 'pdf', '4,25 MB', 0, 1, 60, 60, '2020-06-19 09:57:21', '2020-06-19 09:57:21', NULL),
(655, 15, 'KV-BCA-SBY-2006-010  SD KV-BCA-SBY-2006-015', 'VA BCA SBY KELUAR', NULL, '2020-06-18', 2020, '1592560681_KV-BCA-SBY-2006-010  SD KV-BCA-SBY-2006-015.pdf', 'pdf', '1,56 MB', 0, 1, 60, 60, '2020-06-19 09:58:01', '2020-06-19 09:58:01', NULL),
(656, 15, 'MV-BNI-DPS-2006-004 SD MV-BNI-DPS-2006-005', 'VA BNI DPS MASUK', NULL, '2020-06-16', 2020, '1592560719_MV-BNI-DPS-2006-004 SD MV-BNI-DPS-2006-005.pdf', 'pdf', '1,57 MB', 0, 1, 60, 60, '2020-06-19 09:58:39', '2020-06-19 09:58:39', NULL),
(657, 15, 'KV-BNI-DPS-2006-004', 'VA BNI DPS KELUAR', NULL, '2020-06-16', 2020, '1592560745_KV-BNI-DPS-2006-004.pdf', 'pdf', '206,42 KB', 0, 1, 60, 60, '2020-06-19 09:59:05', '2020-06-19 09:59:05', NULL),
(658, 38, 'F-SRU-MIS-05', 'Pengajuan Hak Akses NAV - Ukhtia', 'Pengajuan Hak Akses NAV untuk pengganti user maharani.f yang sudah dinon-aktifkan', '2020-06-22', 2020, '1592814602_Pengajuan Hak Akses NAV Ukhtia.pdf', 'pdf', '2,46 MB', 0, 1, 84, 84, '2020-06-22 08:30:02', '2020-06-22 08:30:02', NULL),
(659, 15, 'KV-BNI-SBY-2006-004 SD KV-BNI-SBY-2006-005', 'VA BNI SBY KELUAR', NULL, '2020-06-09', 2020, '1592901642_KV-BNI-SBY-2006-004 SD KV-BNI-SBY-2006-005.pdf', 'pdf', '3,85 MB', 0, 1, 60, 60, '2020-06-23 08:40:42', '2020-06-23 08:40:42', NULL),
(660, 15, 'KV-BNI-SBY-2006-006 SD KV-BNI-SBY-2006-009', 'VA BNI SBY KELUAR', NULL, '2020-06-18', 2020, '1592901685_KV-BNI-SBY-2006-006 SD KV-BNI-SBY-2006-009.pdf', 'pdf', '9,25 MB', 0, 1, 60, 60, '2020-06-23 08:41:25', '2020-06-23 08:41:25', NULL),
(661, 15, 'MV-BNI-SBY-2006-005 SD MV-BNI-SBY-2006-007', 'VA BNI SBY MASUK', NULL, '2020-06-12', 2020, '1592901755_MV-BNI-SBY-2006-005 SD MV-BNI-SBY-2006-007.pdf', 'pdf', '19,33 MB', 0, 1, 60, 60, '2020-06-23 08:42:35', '2020-06-23 08:42:35', NULL),
(662, 15, 'MV-BNI-SBY-2006-008 SD MV-BNI-SBY-2006-011', 'VA BNI SBY MASUK', NULL, '2020-06-17', 2020, '1592901788_MV-BNI-SBY-2006-008 SD MV-BNI-SBY-2006-011.pdf', 'pdf', '90,74 MB', 0, 1, 60, 60, '2020-06-23 08:43:08', '2020-06-23 08:43:08', NULL),
(663, 15, 'M-JTM-SBY-2006-0040 SD M-JTM-SBY-2006-0044', 'BANK JATIM MASUK', NULL, '2020-06-18', 2020, '1592901846_M-JTM-SBY-2006-0040 SD M-JTM-SBY-2006-0044.pdf', 'pdf', '43,49 MB', 0, 2, 60, 60, '2020-06-23 08:44:06', '2020-06-23 08:44:18', 60),
(664, 15, 'M-JTM-SBY-2006-0033 SD M-JTM-SBY-2006-0034', 'BANK JATIM MASUK', NULL, '2020-06-15', 2020, '1592901883_M-JTM-SBY-2006-0033 SD M-JTM-SBY-2006-0034.pdf', 'pdf', '10,91 MB', 0, 1, 60, 60, '2020-06-23 08:44:43', '2020-06-23 08:44:43', NULL),
(665, 15, 'M-JTM-SBY-2006-0035 SD M-JTM-SBY-2006-0039', 'BANK JATIM MASUK', NULL, '2020-06-17', 2020, '1592901910_M-JTM-SBY-2006-0035 SD M-JTM-SBY-2006-0039.pdf', 'pdf', '43,77 MB', 0, 1, 60, 60, '2020-06-23 08:45:10', '2020-06-23 08:45:10', NULL),
(666, 15, 'M-JTM-SBY-2006-0040 SD M-JTM-SBY-2006-0044', 'BANK JATIM MASUK', NULL, '2020-06-18', 2020, '1592901944_M-JTM-SBY-2006-0040 SD M-JTM-SBY-2006-0044.pdf', 'pdf', '43,49 MB', 0, 1, 60, 60, '2020-06-23 08:45:44', '2020-06-23 08:45:44', NULL),
(667, 15, 'M-BNI-JKT-2006-018', 'BANK  BNI JKT', NULL, '2020-06-03', 2020, '1592987818_M-BNI-JKT-2006-018.pdf', 'pdf', '2,37 MB', 0, 1, 60, 60, '2020-06-24 08:36:58', '2020-06-24 08:36:58', NULL),
(668, 15, 'M-BNI-JKT-2006-019', 'BANK  BNI JKT', NULL, '2020-06-03', 2020, '1592987870_M-BNI-JKT-2006-019.pdf', 'pdf', '1,49 MB', 0, 1, 60, 60, '2020-06-24 08:37:50', '2020-06-24 08:37:50', NULL),
(669, 15, 'M-BNI-JKT-2006-035', 'BANK  BNI JKT', NULL, '2020-06-08', 2020, '1592987901_M-BNI-JKT-2006-035.pdf', 'pdf', '1,04 MB', 0, 1, 60, 60, '2020-06-24 08:38:21', '2020-06-24 08:38:21', NULL),
(670, 15, 'M-BNI-JKT-2006-036', 'BANK  BNI JKT', NULL, '2020-06-08', 2020, '1592987926_M-BNI-JKT-2006-036.pdf', 'pdf', '1,26 MB', 0, 1, 60, 60, '2020-06-24 08:38:46', '2020-06-24 08:38:46', NULL),
(671, 15, 'M-BNI-JKT-2006-037', 'BANK  BNI JKT', NULL, '2020-06-08', 2020, '1592987951_M-BNI-JKT-2006-037.pdf', 'pdf', '1,49 MB', 0, 1, 60, 60, '2020-06-24 08:39:11', '2020-06-24 08:39:11', NULL),
(672, 15, 'M-BNI-JKT-2006-038', 'BANK  BNI JKT', NULL, '2020-06-08', 2020, '1592987975_M-BNI-JKT-2006-038.pdf', 'pdf', '794,59 KB', 0, 1, 60, 60, '2020-06-24 08:39:35', '2020-06-24 08:39:35', NULL),
(673, 15, 'M-BNI-JKT-2006-043', 'BANK  BNI JKT', NULL, '2020-06-09', 2020, '1592988004_M-BNI-JKT-2006-043.pdf', 'pdf', '4,66 MB', 0, 1, 60, 60, '2020-06-24 08:40:04', '2020-06-24 08:40:04', NULL),
(674, 15, 'M-BNI-JKT-2006-044', 'BANK  BNI JKT', NULL, '2020-06-09', 2020, '1592988027_M-BNI-JKT-2006-044.pdf', 'pdf', '1,22 MB', 0, 1, 60, 60, '2020-06-24 08:40:27', '2020-06-24 08:40:27', NULL),
(675, 15, 'M-BNI-JKT-2006-064', 'BANK  BNI JKT', NULL, '2020-06-10', 2020, '1592988049_M-BNI-JKT-2006-064.pdf', 'pdf', '835,79 KB', 0, 1, 60, 60, '2020-06-24 08:40:49', '2020-06-24 08:40:49', NULL),
(676, 15, 'M-BNI-JKT-2006-078', 'BANK  BNI JKT', NULL, '2020-06-11', 2020, '1592988100_M-BNI-JKT-2006-078.pdf', 'pdf', '971,42 KB', 0, 1, 60, 60, '2020-06-24 08:41:40', '2020-06-24 08:41:40', NULL),
(677, 15, 'M-BNI-JKT-2006-079', 'BANK  BNI JKT', NULL, '2020-06-11', 2020, '1592988128_M-BNI-JKT-2006-079.pdf', 'pdf', '1,12 MB', 0, 1, 60, 60, '2020-06-24 08:42:08', '2020-06-24 08:42:08', NULL),
(678, 15, 'M-MAN-JKT-2006-021', 'BANK MAN JKT', NULL, '2020-06-03', 2020, '1592988178_M-MAN-JKT-2006-021.pdf', 'pdf', '1,54 MB', 0, 1, 60, 60, '2020-06-24 08:42:58', '2020-06-24 08:42:58', NULL),
(679, 15, 'M-MAN-JKT-2006-022', 'BANK MAN JKT', NULL, '2020-06-04', 2020, '1592988203_M-MAN-JKT-2006-022.pdf', 'pdf', '1,46 MB', 0, 1, 60, 60, '2020-06-24 08:43:23', '2020-06-24 08:43:23', NULL),
(680, 15, 'M-MAN-JKT-2006-023', 'BANK MAN JKT', NULL, '2020-06-04', 2020, '1592988227_M-MAN-JKT-2006-023.pdf', 'pdf', '926,27 KB', 0, 1, 60, 60, '2020-06-24 08:43:47', '2020-06-24 08:43:47', NULL),
(681, 15, 'M-MAN-JKT-2006-024', 'BANK MAN JKT', NULL, '2020-06-04', 2020, '1592988258_M-MAN-JKT-2006-024.pdf', 'pdf', '1,47 MB', 0, 1, 60, 60, '2020-06-24 08:44:18', '2020-06-24 08:44:18', NULL),
(682, 15, 'M-MAN-JKT-2006-025', 'BANK MAN JKT', NULL, '2020-06-04', 2020, '1592988284_M-MAN-JKT-2006-025.pdf', 'pdf', '1,48 MB', 0, 1, 60, 60, '2020-06-24 08:44:44', '2020-06-24 08:44:44', NULL),
(683, 15, 'M-MAN-JKT-2006-026', 'BANK MAN JKT', NULL, '2020-06-04', 2020, '1592988309_M-MAN-JKT-2006-026.pdf', 'pdf', '2,03 MB', 0, 1, 60, 60, '2020-06-24 08:45:09', '2020-06-24 08:45:09', NULL),
(684, 15, 'M-MAN-JKT-2006-027', 'BANK MAN JKT', NULL, '2020-06-04', 2020, '1592988330_M-MAN-JKT-2006-027.pdf', 'pdf', '1,02 MB', 0, 1, 60, 60, '2020-06-24 08:45:30', '2020-06-24 08:45:30', NULL),
(685, 15, 'M-MAN-JKT-2006-028', 'BANK MAN JKT', NULL, '2020-06-05', 2020, '1592988353_M-MAN-JKT-2006-028.pdf', 'pdf', '1,75 MB', 0, 1, 60, 60, '2020-06-24 08:45:53', '2020-06-24 08:45:53', NULL),
(686, 15, 'M-MAN-JKT-2006-039', 'BANK MAN JKT', NULL, '2020-06-08', 2020, '1592988371_M-MAN-JKT-2006-039.pdf', 'pdf', '1,3 MB', 0, 1, 60, 60, '2020-06-24 08:46:11', '2020-06-24 08:46:11', NULL),
(687, 15, 'M-MAN-JKT-2006-040', 'BANK MAN JKT', NULL, '2020-06-08', 2020, '1592988391_M-MAN-JKT-2006-040.pdf', 'pdf', '1,61 MB', 0, 1, 60, 60, '2020-06-24 08:46:31', '2020-06-24 08:46:31', NULL),
(688, 15, 'M-MAN-JKT-2006-063', 'BANK MAN JKT', NULL, '2020-06-09', 2020, '1592988435_M-MAN-JKT-2006-063.pdf', 'pdf', '1,47 MB', 0, 1, 60, 60, '2020-06-24 08:47:15', '2020-06-24 08:47:15', NULL),
(689, 15, 'M-MAN-JKT-2006-072', 'BANK MAN JKT', NULL, '2020-06-10', 2020, '1593073259_M-MAN-JKT-2006-072.pdf', 'pdf', '604,51 KB', 0, 1, 60, 60, '2020-06-25 08:20:59', '2020-06-25 08:20:59', NULL),
(690, 15, 'M-MAN-JKT-2006-073', 'BANK MAN JKT', NULL, '2020-06-10', 2020, '1593073283_M-MAN-JKT-2006-073.pdf', 'pdf', '610,53 KB', 0, 1, 60, 60, '2020-06-25 08:21:23', '2020-06-25 08:21:23', NULL),
(691, 15, 'M-BNI-JKT-2006-030', 'BANK  BNI JKT', NULL, '2020-06-12', 2020, '1593073444_M-BNI-JKT-2006-030.pdf', 'pdf', '617,2 KB', 0, 1, 60, 60, '2020-06-25 08:24:04', '2020-06-25 08:24:04', NULL),
(692, 15, 'M-BNI-JKT-2006-065', 'BANK  BNI JKT', NULL, '2020-06-09', 2020, '1593073502_M-BNI-JKT-2006-065.pdf', 'pdf', '1,99 MB', 0, 1, 60, 60, '2020-06-25 08:25:02', '2020-06-25 08:25:02', NULL),
(693, 15, 'M-BNI-JKT-2006-066', 'BANK  BNI JKT', NULL, '2020-06-09', 2020, '1593073539_M-BNI-JKT-2006-066.pdf', 'pdf', '970,68 KB', 0, 1, 60, 60, '2020-06-25 08:25:39', '2020-06-25 08:25:39', NULL),
(694, 15, 'M-BNI-JKT-2006-068', 'BANK  BNI JKT', NULL, '2020-06-09', 2020, '1593073571_M-BNI-JKT-2006-068.pdf', 'pdf', '958,56 KB', 0, 1, 60, 60, '2020-06-25 08:26:11', '2020-06-25 08:26:11', NULL),
(695, 15, 'M-BNI-JKT-2006-067', 'BANK  BNI JKT', NULL, '2020-06-09', 2020, '1593073608_M-BNI-JKT-2006-067.pdf', 'pdf', '1,21 MB', 0, 1, 60, 60, '2020-06-25 08:26:48', '2020-06-25 08:26:48', NULL),
(696, 15, 'M-BNI-JKT-2006-083', 'BANK  BNI JKT', NULL, '2020-06-12', 2020, '1593073637_M-BNI-JKT-2006-083.pdf', 'pdf', '882,96 KB', 0, 1, 60, 60, '2020-06-25 08:27:17', '2020-06-25 08:27:17', NULL),
(697, 15, 'M-BCA-JKT-2006-022', 'BANK  BCA JKT', NULL, '2020-06-03', 2020, '1593073874_M-BCA-JKT-2006-022.pdf', 'pdf', '1,39 MB', 0, 1, 60, 60, '2020-06-25 08:31:14', '2020-06-25 08:31:14', NULL),
(698, 15, 'M-BCA-JKT-2006-023', 'BANK  BCA JKT', NULL, '2020-06-04', 2020, '1593073897_M-BCA-JKT-2006-023.pdf', 'pdf', '968,22 KB', 0, 1, 60, 60, '2020-06-25 08:31:37', '2020-06-25 08:31:37', NULL),
(699, 15, 'M-BCA-JKT-2006-028', 'BANK  BCA JKT', NULL, '2020-06-02', 2020, '1593073923_M-BCA-JKT-2006-028.pdf', 'pdf', '785,31 KB', 0, 1, 60, 60, '2020-06-25 08:32:03', '2020-06-25 08:32:03', NULL),
(700, 15, 'M-BCA-JKT-2006-029', 'BANK  BCA JKT', NULL, '2020-06-05', 2020, '1593073948_M-BCA-JKT-2006-029.pdf', 'pdf', '663,87 KB', 0, 1, 60, 60, '2020-06-25 08:32:28', '2020-06-25 08:32:28', NULL),
(701, 15, 'M-BCA-JKT-2006-037', 'BANK  BCA JKT', NULL, '2020-06-05', 2020, '1593073972_M-BCA-JKT-2006-037.pdf', 'pdf', '3,93 MB', 0, 1, 60, 60, '2020-06-25 08:32:52', '2020-06-25 08:32:52', NULL),
(702, 15, 'M-BCA-JKT-2006-038', 'BANK  BCA JKT', NULL, '2020-06-09', 2020, '1593073995_M-BCA-JKT-2006-038.pdf', 'pdf', '788,05 KB', 0, 1, 60, 60, '2020-06-25 08:33:15', '2020-06-25 08:33:15', NULL),
(703, 15, 'M-BCA-JKT-2006-039', 'BANK  BCA JKT', NULL, '2020-06-09', 2020, '1593074017_M-BCA-JKT-2006-039.pdf', 'pdf', '554,23 KB', 0, 1, 60, 60, '2020-06-25 08:33:37', '2020-06-25 08:33:37', NULL),
(704, 15, 'M-BCA-JKT-2006-052', 'BANK  BCA JKT', NULL, '2020-06-10', 2020, '1593074038_M-BCA-JKT-2006-052.pdf', 'pdf', '1007,75 KB', 0, 1, 60, 60, '2020-06-25 08:33:58', '2020-06-25 08:33:58', NULL),
(705, 15, 'M-BCA-JKT-2006-055', 'BANK  BCA JKT', NULL, '2020-06-11', 2020, '1593074060_M-BCA-JKT-2006-055.pdf', 'pdf', '759,52 KB', 0, 1, 60, 60, '2020-06-25 08:34:20', '2020-06-25 08:34:20', NULL);
INSERT INTO `arsip` (`id`, `jenis_id`, `nomor`, `nama_arsip`, `deskripsi`, `tgl_arsip`, `tahun`, `upload_file`, `format_file`, `file_size`, `jumlah_download`, `delete_status`, `created_by`, `updated_by`, `created_at`, `updated_at`, `deleted_by`) VALUES
(707, 15, 'M-JTM-SBY-2006-0045', 'BANK JATIM MASUK', NULL, '2020-06-19', 2020, '1593576321_M-JTM-SBY-2006-0045.pdf', 'pdf', '1,91 MB', 0, 1, 60, 60, '2020-07-01 04:05:21', '2020-07-01 04:05:21', NULL),
(708, 15, 'M-JTM-SBY-2006-0046', 'BANK JATIM MASUK', NULL, '2020-06-19', 2020, '1593576352_M-JTM-SBY-2006-0046.pdf', 'pdf', '5,06 MB', 0, 1, 60, 60, '2020-07-01 04:05:52', '2020-07-01 04:05:52', NULL),
(709, 15, 'M-JTM-SBY-2006-0047', 'BANK JATIM MASUK', NULL, '2020-06-19', 2020, '1593576386_M-JTM-SBY-2006-0047.pdf', 'pdf', '753,63 KB', 0, 1, 60, 60, '2020-07-01 04:06:26', '2020-07-01 04:06:26', NULL),
(710, 15, 'M-JTM-SBY-2006-0048', 'BANK JATIM MASUK', NULL, '2020-06-19', 2020, '1593576423_M-JTM-SBY-2006-0048.pdf', 'pdf', '2,18 MB', 0, 1, 60, 60, '2020-07-01 04:07:03', '2020-07-01 04:07:03', NULL),
(711, 15, 'M-JTM-SBY-2006-0049', 'BANK JATIM MASUK', NULL, '2020-06-19', 2020, '1593576451_M-JTM-SBY-2006-0049.pdf', 'pdf', '817,49 KB', 0, 1, 60, 60, '2020-07-01 04:07:31', '2020-07-01 04:07:31', NULL),
(712, 15, 'M-JTM-SBY-2006-0050', 'BANK JATIM MASUK', NULL, '2020-06-19', 2020, '1593576480_M-JTM-SBY-2006-0050.pdf', 'pdf', '777,01 KB', 0, 1, 60, 60, '2020-07-01 04:08:00', '2020-07-01 04:08:00', NULL),
(713, 15, 'M-JTM-SBY-2006-0051', 'BANK JATIM MASUK', NULL, '2020-06-19', 2020, '1593576502_M-JTM-SBY-2006-0051.pdf', 'pdf', '2,8 MB', 0, 1, 60, 60, '2020-07-01 04:08:22', '2020-07-01 04:08:22', NULL),
(714, 15, 'M-JTM-SBY-2006-0052', 'BANK JATIM MASUK', NULL, '2020-06-22', 2020, '1593576526_M-JTM-SBY-2006-0052.pdf', 'pdf', '1,56 MB', 0, 1, 60, 60, '2020-07-01 04:08:46', '2020-07-01 04:08:46', NULL),
(715, 15, 'M-JTM-SBY-2006-0053', 'BANK JATIM MASUK', NULL, '2020-06-22', 2020, '1593576548_M-JTM-SBY-2006-0053.pdf', 'pdf', '1,28 MB', 0, 1, 60, 60, '2020-07-01 04:09:08', '2020-07-01 04:09:08', NULL),
(716, 15, 'M-JTM-SBY-2006-0054', 'BANK JATIM MASUK', NULL, '2020-06-22', 2020, '1593576573_M-JTM-SBY-2006-0054.pdf', 'pdf', '1,3 MB', 0, 1, 60, 60, '2020-07-01 04:09:33', '2020-07-01 04:09:33', NULL),
(717, 15, 'M-JTM-SBY-2006-0055', 'BANK JATIM MASUK', NULL, '2020-06-22', 2020, '1593576596_M-JTM-SBY-2006-0055.pdf', 'pdf', '1,33 MB', 0, 1, 60, 60, '2020-07-01 04:09:56', '2020-07-01 04:09:56', NULL),
(718, 15, 'M-JTM-SBY-2006-0056', 'BANK JATIM MASUK', NULL, '2020-06-22', 2020, '1593576638_M-JTM-SBY-2006-0056.pdf', 'pdf', '2,99 MB', 0, 1, 60, 60, '2020-07-01 04:10:38', '2020-07-01 04:10:38', NULL),
(719, 15, 'M-JTM-SBY-2006-0057', 'BANK JATIM MASUK', NULL, '2020-06-22', 2020, '1593576664_M-JTM-SBY-2006-0057.pdf', 'pdf', '2,49 MB', 0, 1, 60, 60, '2020-07-01 04:11:04', '2020-07-01 04:11:04', NULL),
(720, 15, 'M-JTM-SBY-2006-0058', 'BANK JATIM MASUK', NULL, '2020-06-22', 2020, '1593576690_M-JTM-SBY-2006-0058.pdf', 'pdf', '1,35 MB', 0, 1, 60, 60, '2020-07-01 04:11:30', '2020-07-01 04:11:30', NULL),
(721, 15, 'M-JTM-SBY-2006-0059', 'BANK JATIM MASUK', NULL, '2020-06-22', 2020, '1593576727_M-JTM-SBY-2006-0059.pdf', 'pdf', '1,28 MB', 0, 1, 60, 60, '2020-07-01 04:12:07', '2020-07-01 04:12:07', NULL),
(722, 15, 'M-JTM-SBY-2006-0060', 'BANK JATIM MASUK', NULL, '2020-06-23', 2020, '1593576750_M-JTM-SBY-2006-0060.pdf', 'pdf', '1,23 MB', 0, 1, 60, 60, '2020-07-01 04:12:30', '2020-07-01 04:12:30', NULL),
(723, 15, 'M-JTM-SBY-2006-0061', 'BANK JATIM MASUK', NULL, '2020-06-23', 2020, '1593576771_M-JTM-SBY-2006-0061.pdf', 'pdf', '1,18 MB', 0, 1, 60, 60, '2020-07-01 04:12:51', '2020-07-01 04:12:51', NULL),
(724, 15, 'M-JTM-SBY-2006-0062', 'BANK JATIM MASUK', NULL, '2020-06-23', 2020, '1593576794_M-JTM-SBY-2006-0062.pdf', 'pdf', '1,01 MB', 0, 1, 60, 60, '2020-07-01 04:13:14', '2020-07-01 04:13:14', NULL),
(725, 15, 'K-JTM-SBY-2006-010', 'BANK JATIM KELUAR', NULL, '2020-06-23', 2020, '1593576821_K-JTM-SBY-2006-010.pdf', 'pdf', '551,26 KB', 0, 1, 60, 60, '2020-07-01 04:13:41', '2020-07-01 04:13:41', NULL),
(726, 15, 'M-PMT-SBY-2006-0008', 'BANK PERMATA MASUK', NULL, '2020-06-20', 2020, '1593576922_M-PMT-SBY-2006-0008.pdf', 'pdf', '1,68 MB', 0, 1, 60, 60, '2020-07-01 04:15:22', '2020-07-01 04:15:22', NULL),
(727, 15, 'M-PMT-SBY-2006-0009', 'BANK PERMATA MASUK', NULL, '2020-06-19', 2020, '1593576951_M-PMT-SBY-2006-0009.pdf', 'pdf', '1,12 MB', 0, 1, 60, 60, '2020-07-01 04:15:51', '2020-07-01 04:15:51', NULL),
(728, 15, 'M-PMT-SBY-2006-0010', 'BANK PERMATA MASUK', NULL, '2020-06-19', 2020, '1593576986_M-PMT-SBY-2006-0010.pdf', 'pdf', '1,97 MB', 0, 1, 60, 60, '2020-07-01 04:16:26', '2020-07-01 04:16:26', NULL),
(729, 15, 'M-PMT-SBY-2006-0011', 'BANK PERMATA MASUK', NULL, '2020-06-19', 2020, '1593577022_M-PMT-SBY-2006-0011.pdf', 'pdf', '1,41 MB', 0, 1, 60, 60, '2020-07-01 04:17:02', '2020-07-01 04:17:02', NULL),
(730, 15, 'M-PMT-SBY-2006-0012', 'BANK PERMATA MASUK', NULL, '2020-06-19', 2020, '1593577046_M-PMT-SBY-2006-0012.pdf', 'pdf', '1,37 MB', 0, 1, 60, 60, '2020-07-01 04:17:26', '2020-07-01 04:17:26', NULL),
(731, 15, 'M-PMT-SBY-2006-0013', 'BANK PERMATA MASUK', NULL, '2020-06-19', 2020, '1593577065_M-PMT-SBY-2006-0013.pdf', 'pdf', '1,17 MB', 0, 1, 60, 60, '2020-07-01 04:17:45', '2020-07-01 04:17:45', NULL),
(732, 15, 'M-PMT-SBY-2006-0014', 'BANK PERMATA MASUK', NULL, '2020-06-19', 2020, '1593577092_M-PMT-SBY-2006-0014.pdf', 'pdf', '1,17 MB', 0, 1, 60, 60, '2020-07-01 04:18:12', '2020-07-01 04:18:12', NULL),
(733, 39, 'STNK', 'W1156SC', 'MOBIL AVANZA', '2020-07-02', 2020, '1593662794_STNK L9070BG567.pdf', 'pdf', '594,78 KB', 0, 2, 100, 100, '2020-07-02 04:06:34', '2020-07-02 04:12:14', 100),
(734, 40, 'pest control', 'pest control rayap gudang kedinding', 'pest control rayap gudang kedinding  (sembilan jati gading)', '2020-07-03', 2020, '1593746773_SERTIFIKAT PEST CONTROL.pdf', 'pdf', '999,73 KB', 0, 1, 100, 100, '2020-07-03 03:26:13', '2020-07-03 03:26:13', NULL),
(735, 15, 'M-PMT-SBY-2006-015', 'BANK PERMATA MASUK', NULL, '2020-06-24', 2020, '1593770129_M-PMT-SBY-2006-015.pdf', 'pdf', '872,36 KB', 0, 1, 60, 60, '2020-07-03 09:55:29', '2020-07-03 09:55:29', NULL),
(736, 15, 'M-PMT-SBY-2006-016', 'BANK PERMATA MASUK', NULL, '2020-06-24', 2020, '1593770153_M-PMT-SBY-2006-016.pdf', 'pdf', '1,25 MB', 0, 1, 60, 60, '2020-07-03 09:55:53', '2020-07-03 09:55:53', NULL),
(737, 15, 'M-PMT-SBY-2006-016', 'BANK PERMATA MASUK', 'LRRPP', '2020-06-24', 2020, '1593770203_M-PMT-SBY-2006-016 1.pdf', 'pdf', '464,27 KB', 0, 1, 60, 60, '2020-07-03 09:56:43', '2020-07-03 09:56:43', NULL),
(738, 15, 'KV-PMT-SBY-2006-004', 'BANK PERMATA KELUAR', NULL, '2020-06-24', 2020, '1593770245_KV-PMT-SBY-2006-004.pdf', 'pdf', '493,3 KB', 0, 1, 60, 60, '2020-07-03 09:57:25', '2020-07-03 09:57:25', NULL),
(739, 15, 'KV-BCA-SBY-2006-016 SD  KV-BCA-SBY-2006-019', 'VA BCA SBY KELUAR', NULL, '2020-06-22', 2020, '1593770310_KV-BCA-SBY-2006-016 SD  KV-BCA-SBY-2006-019.pdf', 'pdf', '1,18 MB', 0, 1, 60, 60, '2020-07-03 09:58:30', '2020-07-03 09:58:30', NULL),
(740, 15, 'KV-BCA-SBY-2006-020  &  KV-BCA-SBY-2006-021', 'VA BCA SBY KELUAR', NULL, '2020-06-24', 2020, '1593770345_KV-BCA-SBY-2006-020  &  KV-BCA-SBY-2006-021.pdf', 'pdf', '834,75 KB', 0, 1, 60, 60, '2020-07-03 09:59:05', '2020-07-03 09:59:05', NULL),
(741, 15, 'MV-BCA-SBY-2006-018', 'VA BCA SBY MASUK', NULL, '2020-06-22', 2020, '1593770412_MV-BCA-SBY-2006-018.pdf', 'pdf', '1,44 MB', 0, 1, 60, 60, '2020-07-03 10:00:12', '2020-07-03 10:00:12', NULL),
(742, 15, 'MV-BCA-SBY-2006-019', 'VA BCA SBY MASUK', NULL, '2020-06-22', 2020, '1593835923_MV-BCA-SBY-2006-019.pdf', 'pdf', '1,14 MB', 0, 1, 60, 60, '2020-07-04 04:12:03', '2020-07-04 04:12:03', NULL),
(743, 15, 'MV-BCA-SBY-2006-020', 'VA BCA SBY MASUK', NULL, '2020-06-22', 2020, '1593836431_MV-BCA-SBY-2006-020.pdf', 'pdf', '1,29 MB', 0, 1, 60, 60, '2020-07-04 04:20:31', '2020-07-04 04:20:31', NULL),
(744, 15, 'MV-BCA-SBY-2006-021', 'VA BCA SBY MASUK', NULL, '2020-06-22', 2020, '1593836480_MV-BCA-SBY-2006-021.pdf', 'pdf', '1,12 MB', 0, 1, 60, 60, '2020-07-04 04:21:20', '2020-07-04 04:21:20', NULL),
(745, 15, 'MV-BCA-SBY-2006-022', 'VA BCA SBY MASUK', NULL, '2020-06-22', 2020, '1593836816_MV-BCA-SBY-2006-022.pdf', 'pdf', '1,26 MB', 0, 1, 60, 60, '2020-07-04 04:26:56', '2020-07-04 04:26:56', NULL),
(746, 15, 'MV-BCA-SBY-2006-023', 'VA BCA SBY MASUK', NULL, '2020-06-22', 2020, '1593836844_MV-BCA-SBY-2006-023.pdf', 'pdf', '2,6 MB', 0, 1, 60, 60, '2020-07-04 04:27:24', '2020-07-04 04:27:24', NULL),
(747, 15, 'MV-BCA-SBY-2006-024', 'VA BCA SBY MASUK', NULL, '2020-06-24', 2020, '1593836876_MV-BCA-SBY-2006-024.pdf', 'pdf', '1,16 MB', 0, 1, 60, 60, '2020-07-04 04:27:56', '2020-07-04 04:27:56', NULL),
(748, 15, 'KV-MAND-SBY-2006-004', 'VA MAN SBY KELUAR', NULL, '2020-06-24', 2020, '1593837262_KV-MAND-SBY-2006-004.pdf', 'pdf', '463,43 KB', 0, 1, 60, 60, '2020-07-04 04:34:22', '2020-07-04 04:34:22', NULL),
(749, 15, 'KV-MAND-SBY-2006-005  SD  KV-MAND-SBY-2006-008', 'VA MAN SBY KELUAR', NULL, '2020-06-15', 2020, '1593837295_KV-MAND-SBY-2006-005  SD  KV-MAND-SBY-2006-008.pdf', 'pdf', '1,28 MB', 0, 1, 60, 60, '2020-07-04 04:34:56', '2020-07-04 04:34:56', NULL),
(750, 15, 'KV-MAND-SBY-2006-009  SD  KV-MAND-SBY-2006-011', 'VA MAN SBY KELUAR', NULL, '2020-06-18', 2020, '1593837344_KV-MAND-SBY-2006-009  SD  KV-MAND-SBY-2006-011.pdf', 'pdf', '1,03 MB', 0, 1, 60, 60, '2020-07-04 04:35:44', '2020-07-04 04:35:44', NULL),
(751, 15, 'KV-MAND-SBY-2006-012  SD  KV-MAND-SBY-2006-017', 'VA MAN SBY KELUAR', NULL, '2020-06-23', 2020, '1593837377_KV-MAND-SBY-2006-012  SD  KV-MAND-SBY-2006-017.pdf', 'pdf', '1,58 MB', 0, 1, 60, 60, '2020-07-04 04:36:17', '2020-07-04 04:36:17', NULL),
(752, 15, 'MV-MAN-SBY-2006-007', 'VA MAN SBY MASUK', NULL, '2020-06-12', 2020, '1593837437_MV-MAN-SBY-2006-007.pdf', 'pdf', '1,54 MB', 0, 1, 60, 60, '2020-07-04 04:37:17', '2020-07-04 04:37:17', NULL),
(753, 15, 'MV-MAN-SBY-2006-008', 'VA MAN SBY MASUK', NULL, '2020-06-12', 2020, '1593837478_MV-MAN-SBY-2006-008.pdf', 'pdf', '1,53 MB', 0, 1, 60, 60, '2020-07-04 04:37:58', '2020-07-04 04:37:58', NULL),
(754, 15, 'MV-MAN-SBY-2006-009', 'VA MAN SBY MASUK', NULL, '2020-06-15', 2020, '1593837586_MV-MAN-SBY-2006-009.pdf', 'pdf', '2,65 MB', 0, 1, 60, 60, '2020-07-04 04:39:46', '2020-07-04 04:39:46', NULL),
(755, 15, 'MV-MAN-SBY-2006-010', 'VA MAN SBY MASUK', NULL, '2020-06-15', 2020, '1593837614_MV-MAN-SBY-2006-010.pdf', 'pdf', '1,4 MB', 0, 1, 60, 60, '2020-07-04 04:40:14', '2020-07-04 04:40:14', NULL),
(756, 15, 'MV-MAN-SBY-2006-011', 'VA MAN SBY MASUK', NULL, '2020-06-15', 2020, '1593837638_MV-MAN-SBY-2006-011.pdf', 'pdf', '1,14 MB', 0, 1, 60, 60, '2020-07-04 04:40:38', '2020-07-04 04:40:38', NULL),
(757, 15, 'MV-MAN-SBY-2006-012', 'VA MAN SBY MASUK', NULL, '2020-06-15', 2020, '1593837673_MV-MAN-SBY-2006-012.pdf', 'pdf', '1,23 MB', 0, 1, 60, 60, '2020-07-04 04:41:13', '2020-07-04 04:41:13', NULL),
(758, 15, 'MV-MAN-SBY-2006-013', 'VA MAN SBY MASUK', NULL, '2020-06-18', 2020, '1593837698_MV-MAN-SBY-2006-013.pdf', 'pdf', '1,11 MB', 0, 1, 60, 60, '2020-07-04 04:41:38', '2020-07-04 04:41:38', NULL),
(759, 15, 'MV-MAN-SBY-2006-014', 'VA MAN SBY MASUK', NULL, '2020-06-18', 2020, '1593837725_MV-MAN-SBY-2006-014.pdf', 'pdf', '1,73 MB', 0, 1, 60, 60, '2020-07-04 04:42:05', '2020-07-04 04:42:05', NULL),
(760, 15, 'MV-MAN-SBY-2006-015', 'VA MAN SBY MASUK', NULL, '2020-06-18', 2020, '1593837751_MV-MAN-SBY-2006-015.pdf', 'pdf', '1,58 MB', 0, 1, 60, 60, '2020-07-04 04:42:31', '2020-07-04 04:42:31', NULL),
(761, 15, 'MV-MAN-SBY-2006-016', 'VA MAN SBY MASUK', NULL, '2020-06-18', 2020, '1593837774_MV-MAN-SBY-2006-016.pdf', 'pdf', '2,14 MB', 0, 1, 60, 60, '2020-07-04 04:42:54', '2020-07-04 04:42:54', NULL),
(762, 15, 'MV-MAN-SBY-2006-017', 'VA MAN SBY MASUK', NULL, '2020-06-18', 2020, '1593837804_MV-MAN-SBY-2006-017.pdf', 'pdf', '2,1 MB', 0, 1, 60, 60, '2020-07-04 04:43:24', '2020-07-04 04:43:24', NULL),
(763, 15, 'MV-MAN-SBY-2006-018', 'VA MAN SBY MASUK', NULL, '2020-06-23', 2020, '1593837831_MV-MAN-SBY-2006-018.pdf', 'pdf', '1,15 MB', 0, 1, 60, 60, '2020-07-04 04:43:51', '2020-07-04 04:43:51', NULL),
(764, 15, 'MV-MAN-SBY-2006-019', 'VA MAN SBY MASUK', NULL, '2020-06-19', 2020, '1593837858_MV-MAN-SBY-2006-019.pdf', 'pdf', '1,17 MB', 0, 1, 60, 60, '2020-07-04 04:44:18', '2020-07-04 04:44:18', NULL),
(765, 15, 'MV-MAN-SBY-2006-020', 'VA MAN SBY MASUK', NULL, '2020-06-23', 2020, '1593837888_MV-MAN-SBY-2006-020.pdf', 'pdf', '1,27 MB', 0, 1, 60, 60, '2020-07-04 04:44:48', '2020-07-04 04:44:48', NULL),
(766, 15, 'MV-MAN-SBY-2006-021', 'VA MAN SBY MASUK', NULL, '2020-06-24', 2020, '1593837912_MV-MAN-SBY-2006-021.pdf', 'pdf', '2,72 MB', 0, 1, 60, 60, '2020-07-04 04:45:12', '2020-07-04 04:45:12', NULL),
(767, 15, 'MV-MAN-SBY-2006-022', 'VA MAN SBY MASUK', NULL, '2020-06-24', 2020, '1593837939_MV-MAN-SBY-2006-022.pdf', 'pdf', '1,48 MB', 0, 1, 60, 60, '2020-07-04 04:45:39', '2020-07-04 04:45:39', NULL),
(768, 15, 'MV-MAN-SBY-2006-023', 'VA MAN SBY MASUK', NULL, '2020-06-24', 2020, '1593837963_MV-MAN-SBY-2006-023.pdf', 'pdf', '1,05 MB', 0, 1, 60, 60, '2020-07-04 04:46:03', '2020-07-04 04:46:03', NULL),
(769, 15, 'MV-MAN-SBY-2006-024', 'VA MAN SBY MASUK', NULL, '2020-06-24', 2020, '1593837990_MV-MAN-SBY-2006-024.pdf', 'pdf', '1,74 MB', 0, 1, 60, 60, '2020-07-04 04:46:30', '2020-07-04 04:46:30', NULL),
(770, 15, 'KV-BNI-SBY-2006-010 SD KV-BNI-SBY-2006-011', 'VA BNI SBY KELUAR', NULL, '2020-06-22', 2020, '1593838239_KV-BNI-SBY-2006-010 SD KV-BNI-SBY-2006-011.pdf', 'pdf', '454,5 KB', 0, 1, 60, 60, '2020-07-04 04:50:39', '2020-07-04 04:50:39', NULL),
(771, 15, 'KV-BNI-SBY-2006-012', 'VA BNI DPS KELUAR', NULL, '2020-06-23', 2020, '1593838267_KV-BNI-SBY-2006-012.pdf', 'pdf', '451,85 KB', 0, 1, 60, 60, '2020-07-04 04:51:07', '2020-07-04 04:51:07', NULL),
(772, 15, 'MV-BNI-SBY-2006-012', 'VA BNI SBY MASUK', NULL, '2020-06-22', 2020, '1593838343_MV-BNI-SBY-2006-012.pdf', 'pdf', '1,41 MB', 0, 1, 60, 60, '2020-07-04 04:52:23', '2020-07-04 04:52:23', NULL),
(773, 15, 'MV-BNI-SBY-2006-013', 'VA BNI SBY MASUK', NULL, '2020-06-22', 2020, '1593838386_MV-BNI-SBY-2006-013.pdf', 'pdf', '4,78 MB', 0, 1, 60, 60, '2020-07-04 04:53:06', '2020-07-04 04:53:06', NULL),
(774, 15, 'MV-BNI-SBY-2006-014', 'VA BNI SBY MASUK', NULL, '2020-06-23', 2020, '1593838428_MV-BNI-SBY-2006-014.pdf', 'pdf', '1,15 MB', 0, 1, 60, 60, '2020-07-04 04:53:48', '2020-07-04 04:53:48', NULL),
(775, 15, 'M-JTM-SBY-2006-0063', 'BANK JATIM MASUK', NULL, '2020-06-24', 2020, '1593838671_M-JTM-SBY-2006-0063.pdf', 'pdf', '1,13 MB', 0, 1, 60, 60, '2020-07-04 04:57:51', '2020-07-04 04:57:51', NULL),
(776, 15, 'M-JTM-SBY-2006-0064', 'BANK JATIM MASUK', NULL, '2020-06-24', 2020, '1593838692_M-JTM-SBY-2006-0064.pdf', 'pdf', '1,11 MB', 0, 1, 60, 60, '2020-07-04 04:58:12', '2020-07-04 04:58:12', NULL),
(777, 15, 'M-JTM-SBY-2006-0065', 'BANK JATIM MASUK', NULL, '2020-06-24', 2020, '1593838714_M-JTM-SBY-2006-0065.pdf', 'pdf', '1,12 MB', 0, 1, 60, 60, '2020-07-04 04:58:34', '2020-07-04 04:58:34', NULL),
(778, 15, 'M-JTM-SBY-2006-0066', 'BANK JATIM MASUK', NULL, '2020-06-24', 2020, '1593838741_M-JTM-SBY-2006-0066.pdf', 'pdf', '2,09 MB', 0, 1, 60, 60, '2020-07-04 04:59:01', '2020-07-04 04:59:01', NULL),
(779, 15, 'M-JTM-SBY-2006-0067', 'BANK JATIM MASUK', NULL, '2020-06-24', 2020, '1593838773_M-JTM-SBY-2006-0067.pdf', 'pdf', '652,1 KB', 0, 1, 60, 60, '2020-07-04 04:59:33', '2020-07-04 04:59:33', NULL),
(780, 15, 'M-JTM-SBY-2006-0068', 'BANK JATIM MASUK', NULL, '2020-06-25', 2020, '1593838796_M-JTM-SBY-2006-0068.pdf', 'pdf', '1,33 MB', 0, 1, 60, 60, '2020-07-04 04:59:56', '2020-07-04 04:59:56', NULL),
(781, 15, 'M-JTM-SBY-2006-0069', 'BANK JATIM MASUK', NULL, '2020-06-25', 2020, '1593838816_M-JTM-SBY-2006-0069.pdf', 'pdf', '1,33 MB', 0, 1, 60, 60, '2020-07-04 05:00:16', '2020-07-04 05:00:16', NULL),
(782, 15, 'M-JTM-SBY-2006-0070', 'BANK JATIM MASUK', NULL, '2020-06-25', 2020, '1593838839_M-JTM-SBY-2006-0070.pdf', 'pdf', '1,33 MB', 0, 1, 60, 60, '2020-07-04 05:00:39', '2020-07-04 05:00:39', NULL),
(783, 15, 'M-JTM-SBY-2006-0071', 'BANK JATIM MASUK', NULL, '2020-06-25', 2020, '1593838863_M-JTM-SBY-2006-0071.pdf', 'pdf', '1,62 MB', 0, 1, 60, 60, '2020-07-04 05:01:03', '2020-07-04 05:01:03', NULL),
(784, 15, 'M-JTM-SBY-2006-0072', 'BANK JATIM MASUK', NULL, '2020-06-25', 2020, '1593838887_M-JTM-SBY-2006-0072.pdf', 'pdf', '2,3 MB', 0, 1, 60, 60, '2020-07-04 05:01:27', '2020-07-04 05:01:27', NULL),
(785, 15, 'M-JTM-SBY-2006-0073', 'BANK JATIM MASUK', NULL, '2020-06-25', 2020, '1593838907_M-JTM-SBY-2006-0073.pdf', 'pdf', '1,36 MB', 0, 1, 60, 60, '2020-07-04 05:01:47', '2020-07-04 05:01:47', NULL),
(786, 15, 'M-JTM-SBY-2006-0074', 'BANK JATIM MASUK', NULL, '2020-06-25', 2020, '1593838981_M-JTM-SBY-2006-0074.pdf', 'pdf', '1,98 MB', 0, 1, 60, 60, '2020-07-04 05:03:01', '2020-07-04 05:03:01', NULL),
(787, 15, 'M-JTM-SBY-2006-0075', 'BANK JATIM MASUK', NULL, '2020-06-25', 2020, '1593839018_M-JTM-SBY-2006-0075.pdf', 'pdf', '1,39 MB', 0, 1, 60, 60, '2020-07-04 05:03:38', '2020-07-04 05:03:38', NULL),
(788, 15, 'M-JTM-SBY-2006-0076', 'BANK JATIM MASUK', NULL, '2020-06-25', 2020, '1593839043_M-JTM-SBY-2006-0076.pdf', 'pdf', '1,71 MB', 0, 1, 60, 60, '2020-07-04 05:04:03', '2020-07-04 05:04:03', NULL),
(789, 15, 'MV-BCA-DPS-2006-002', 'VA BCA DPS MASUK', NULL, '2020-06-22', 2020, '1593839087_MV-BCA-DPS-2006-002.pdf', 'pdf', '847 KB', 0, 1, 60, 60, '2020-07-04 05:04:47', '2020-07-04 05:04:47', NULL),
(790, 15, 'KV-BCA-DPS-2006-003 SD KV-BCA-DPS-2006-005', 'VA BCA DPS KELUAR', NULL, '2020-06-23', 2020, '1593839109_KV-BCA-DPS-2006-003 SD KV-BCA-DPS-2006-005.pdf', 'pdf', '829,8 KB', 0, 1, 60, 60, '2020-07-04 05:05:09', '2020-07-04 05:05:09', NULL),
(791, 15, 'M-JTM-SBY-2007-001', 'BANK JATIM MASUK', NULL, '2020-07-09', 2020, '1595401065_M-JTM-SBY-2007-001.pdf', 'pdf', '489,6 KB', 0, 1, 60, 60, '2020-07-22 06:57:45', '2020-07-22 06:57:45', NULL),
(792, 15, 'M-JTM-SBY-2007-002', 'BANK JATIM MASUK', NULL, '2020-07-02', 2020, '1595401091_M-JTM-SBY-2007-002.pdf', 'pdf', '1,35 MB', 0, 1, 60, 60, '2020-07-22 06:58:11', '2020-07-22 06:58:11', NULL),
(793, 15, 'M-JTM-SBY-2007-003', 'BANK JATIM MASUK', NULL, '2020-07-09', 2020, '1595401108_M-JTM-SBY-2007-003.pdf', 'pdf', '1,32 MB', 0, 1, 60, 60, '2020-07-22 06:58:28', '2020-07-22 06:58:28', NULL),
(794, 15, 'M-JTM-SBY-2007-004', 'BANK JATIM MASUK', NULL, '2020-07-09', 2020, '1595401139_M-JTM-SBY-2007-004.pdf', 'pdf', '2,16 MB', 0, 1, 60, 60, '2020-07-22 06:58:59', '2020-07-22 06:58:59', NULL),
(795, 15, 'M-JTM-SBY-2007-005', 'BANK JATIM MASUK', NULL, '2020-07-09', 2020, '1595401158_M-JTM-SBY-2007-005.pdf', 'pdf', '4,31 MB', 0, 1, 60, 60, '2020-07-22 06:59:18', '2020-07-22 06:59:18', NULL),
(796, 15, 'M-JTM-SBY-2007-006', 'BANK JATIM MASUK', NULL, '2020-07-09', 2020, '1595401175_M-JTM-SBY-2007-006.pdf', 'pdf', '1,29 MB', 0, 1, 60, 60, '2020-07-22 06:59:35', '2020-07-22 06:59:35', NULL),
(797, 15, 'M-JTM-SBY-2007-007', 'BANK JATIM MASUK', NULL, '2020-07-09', 2020, '1595401192_M-JTM-SBY-2007-007.pdf', 'pdf', '1,92 MB', 0, 1, 60, 60, '2020-07-22 06:59:52', '2020-07-22 06:59:52', NULL),
(798, 15, 'M-JTM-SBY-2007-008', 'BANK JATIM MASUK', NULL, '2020-07-09', 2020, '1595401206_M-JTM-SBY-2007-008.pdf', 'pdf', '1,33 MB', 0, 1, 60, 60, '2020-07-22 07:00:06', '2020-07-22 07:00:06', NULL),
(799, 15, 'M-JTM-SBY-2007-009', 'BANK JATIM MASUK', NULL, '2020-07-09', 2020, '1595401222_M-JTM-SBY-2007-009.pdf', 'pdf', '4 MB', 0, 1, 60, 60, '2020-07-22 07:00:22', '2020-07-22 07:00:22', NULL),
(800, 15, 'M-JTM-SBY-2007-010', 'BANK JATIM MASUK', NULL, '2020-07-09', 2020, '1595401236_M-JTM-SBY-2007-010.pdf', 'pdf', '2 MB', 0, 1, 60, 60, '2020-07-22 07:00:36', '2020-07-22 07:00:36', NULL),
(801, 15, 'M-JTM-SBY-2007-011', 'BANK JATIM MASUK', NULL, '2020-07-09', 2020, '1595401268_M-JTM-SBY-2007-011.pdf', 'pdf', '1,36 MB', 0, 1, 60, 60, '2020-07-22 07:01:08', '2020-07-22 07:01:08', NULL),
(802, 15, 'M-JTM-SBY-2007-012', 'BANK JATIM MASUK', NULL, '2020-07-09', 2020, '1595401287_M-JTM-SBY-2007-012.pdf', 'pdf', '1,38 MB', 0, 1, 60, 60, '2020-07-22 07:01:27', '2020-07-22 07:01:27', NULL),
(803, 15, 'M-JTM-SBY-2007-013', 'BANK JATIM MASUK', NULL, '2020-07-10', 2020, '1595401303_M-JTM-SBY-2007-013.pdf', 'pdf', '1,4 MB', 0, 1, 60, 60, '2020-07-22 07:01:43', '2020-07-22 07:01:43', NULL),
(804, 15, 'M-JTM-SBY-2007-014', 'BANK JATIM MASUK', NULL, '2020-07-09', 2020, '1595401333_M-JTM-SBY-2007-014.pdf', 'pdf', '1,38 MB', 0, 1, 60, 60, '2020-07-22 07:02:13', '2020-07-22 07:02:13', NULL),
(805, 15, 'M-JTM-SBY-2007-015', 'BANK JATIM MASUK', NULL, '2020-07-09', 2020, '1595401350_M-JTM-SBY-2007-015.pdf', 'pdf', '1,4 MB', 0, 1, 60, 60, '2020-07-22 07:02:30', '2020-07-22 07:02:30', NULL),
(806, 15, 'M-JTM-SBY-2007-016', 'BANK JATIM MASUK', NULL, '2020-07-09', 2020, '1595401367_M-JTM-SBY-2007-016.pdf', 'pdf', '1,34 MB', 0, 1, 60, 60, '2020-07-22 07:02:47', '2020-07-22 07:02:47', NULL),
(807, 15, 'M-JTM-SBY-2007-016', 'BANK JATIM MASUK', NULL, '2020-07-09', 2020, '1595401393_M-JTM-SBY-2007-016.pdf', 'pdf', '1,34 MB', 0, 2, 60, 60, '2020-07-22 07:03:13', '2020-07-22 07:03:37', 60),
(808, 15, 'M-JTM-SBY-2007-017', 'BANK JATIM MASUK', NULL, '2020-07-09', 2020, '1595401413_M-JTM-SBY-2007-017.pdf', 'pdf', '1,38 MB', 0, 1, 60, 60, '2020-07-22 07:03:33', '2020-07-22 07:03:33', NULL),
(809, 15, 'M-JTM-SBY-2007-018', 'BANK JATIM MASUK', NULL, '2020-07-10', 2020, '1595401446_M-JTM-SBY-2007-018.pdf', 'pdf', '1,28 MB', 0, 1, 60, 60, '2020-07-22 07:04:06', '2020-07-22 07:04:06', NULL),
(810, 15, 'M-JTM-SBY-2007-019', 'BANK JATIM MASUK', NULL, '2020-07-10', 2020, '1595401469_M-JTM-SBY-2007-019.pdf', 'pdf', '1,84 MB', 0, 1, 60, 60, '2020-07-22 07:04:29', '2020-07-22 07:04:29', NULL),
(811, 15, 'M-JTM-SBY-2007-020', 'BANK JATIM MASUK', NULL, '2020-07-10', 2020, '1595401488_M-JTM-SBY-2007-020.pdf', 'pdf', '1,28 MB', 0, 1, 60, 60, '2020-07-22 07:04:48', '2020-07-22 07:04:48', NULL),
(812, 15, 'M-JTM-SBY-2007-021', 'BANK JATIM MASUK', NULL, '2020-07-10', 2020, '1595401510_M-JTM-SBY-2007-021.pdf', 'pdf', '1,22 MB', 0, 1, 60, 60, '2020-07-22 07:05:10', '2020-07-22 07:05:10', NULL),
(813, 15, 'M-JTM-SBY-2007-022', 'BANK JATIM MASUK', NULL, '2020-07-10', 2020, '1595401531_M-JTM-SBY-2007-022.pdf', 'pdf', '2,17 MB', 0, 1, 60, 60, '2020-07-22 07:05:31', '2020-07-22 07:05:31', NULL),
(814, 15, 'M-JTM-SBY-2007-023', 'BANK JATIM MASUK', NULL, '2020-07-10', 2020, '1595401561_M-JTM-SBY-2007-023.pdf', 'pdf', '1,53 MB', 0, 1, 60, 60, '2020-07-22 07:06:01', '2020-07-22 07:06:01', NULL),
(815, 15, 'M-JTM-SBY-2007-024', 'BANK JATIM MASUK', NULL, '2020-07-10', 2020, '1595401579_M-JTM-SBY-2007-024.pdf', 'pdf', '1,6 MB', 0, 1, 60, 60, '2020-07-22 07:06:19', '2020-07-22 07:06:19', NULL),
(816, 15, 'M-JTM-SBY-2007-025', 'BANK JATIM MASUK', NULL, '2020-07-10', 2020, '1595401601_M-JTM-SBY-2007-025.pdf', 'pdf', '1,26 MB', 0, 1, 60, 60, '2020-07-22 07:06:41', '2020-07-22 07:06:41', NULL),
(817, 15, 'M-JTM-SBY-2007-026', 'BANK JATIM MASUK', NULL, '2020-07-11', 2020, '1595401650_M-JTM-SBY-2007-026.pdf', 'pdf', '1,34 MB', 0, 1, 60, 60, '2020-07-22 07:07:30', '2020-07-22 07:07:30', NULL),
(818, 15, 'M-JTM-SBY-2007-027', 'BANK JATIM MASUK', NULL, '2020-07-11', 2020, '1595401667_M-JTM-SBY-2007-027.pdf', 'pdf', '1,22 MB', 0, 1, 60, 60, '2020-07-22 07:07:47', '2020-07-22 07:07:47', NULL),
(819, 15, 'M-JTM-SBY-2007-028', 'BANK JATIM MASUK', NULL, '2020-07-11', 2020, '1595401691_M-JTM-SBY-2007-028.pdf', 'pdf', '2,82 MB', 0, 1, 60, 60, '2020-07-22 07:08:11', '2020-07-22 07:08:11', NULL),
(820, 15, 'M-JTM-SBY-2007-029', 'BANK JATIM MASUK', NULL, '2020-07-13', 2020, '1595401731_M-JTM-SBY-2007-029.pdf', 'pdf', '1,28 MB', 0, 1, 60, 60, '2020-07-22 07:08:51', '2020-07-22 07:08:51', NULL),
(821, 15, 'M-JTM-SBY-2007-030', 'BANK JATIM MASUK', NULL, '2020-07-11', 2020, '1595401752_M-JTM-SBY-2007-030.pdf', 'pdf', '1,26 MB', 0, 1, 60, 60, '2020-07-22 07:09:12', '2020-07-22 07:09:12', NULL),
(822, 15, 'M-JTM-SBY-2007-031', 'BANK JATIM MASUK', NULL, '2020-07-13', 2020, '1595401786_M-JTM-SBY-2007-031.pdf', 'pdf', '1,24 MB', 0, 1, 60, 60, '2020-07-22 07:09:46', '2020-07-22 07:09:46', NULL),
(823, 15, 'M-JTM-SBY-2007-032', 'BANK JATIM MASUK', NULL, '2020-07-13', 2020, '1595401807_M-JTM-SBY-2007-032.pdf', 'pdf', '1,27 MB', 0, 1, 60, 60, '2020-07-22 07:10:07', '2020-07-22 07:10:07', NULL),
(824, 15, 'M-JTM-SBY-2007-033', 'BANK JATIM MASUK', NULL, '2020-07-13', 2020, '1595401827_M-JTM-SBY-2007-033.pdf', 'pdf', '1,28 MB', 0, 1, 60, 60, '2020-07-22 07:10:27', '2020-07-22 07:10:27', NULL),
(825, 15, 'M-JTM-SBY-2007-034', 'BANK JATIM MASUK', NULL, '2020-07-13', 2020, '1595401847_M-JTM-SBY-2007-034.pdf', 'pdf', '1,27 MB', 0, 1, 60, 60, '2020-07-22 07:10:47', '2020-07-22 07:10:47', NULL),
(826, 15, 'M-JTM-SBY-2007-035', 'BANK JATIM MASUK', NULL, '2020-07-13', 2020, '1595401866_M-JTM-SBY-2007-035.pdf', 'pdf', '1,29 MB', 0, 1, 60, 60, '2020-07-22 07:11:06', '2020-07-22 07:11:06', NULL),
(827, 15, 'M-JTM-SBY-2007-036', NULL, NULL, '2020-07-13', 2020, '1595401898_M-JTM-SBY-2007-035.pdf', 'pdf', '1,29 MB', 0, 2, 60, 60, '2020-07-22 07:11:38', '2020-07-22 07:11:44', 60),
(828, 15, 'M-JTM-SBY-2007-037', 'BANK JATIM MASUK', NULL, '2020-07-13', 2020, '1595401954_M-JTM-SBY-2007-037.pdf', 'pdf', '3,19 MB', 0, 1, 60, 60, '2020-07-22 07:12:34', '2020-07-22 07:12:34', NULL),
(829, 15, 'M-JTM-SBY-2007-036', 'BANK JATIM MASUK', NULL, '2020-07-13', 2020, '1595401975_M-JTM-SBY-2007-036.pdf', 'pdf', '1,29 MB', 0, 1, 60, 60, '2020-07-22 07:12:55', '2020-07-22 07:12:55', NULL),
(830, 15, 'M-JTM-SBY-2007-038', 'BANK JATIM MASUK', NULL, '2020-07-13', 2020, '1595401998_M-JTM-SBY-2007-038.pdf', 'pdf', '1,34 MB', 0, 1, 60, 60, '2020-07-22 07:13:18', '2020-07-22 07:13:18', NULL),
(831, 15, 'M-JTM-SBY-2007-039', 'BANK JATIM MASUK', NULL, '2020-07-13', 2020, '1595402060_M-JTM-SBY-2007-039.pdf', 'pdf', '1,96 MB', 0, 1, 60, 60, '2020-07-22 07:14:20', '2020-07-22 07:14:20', NULL),
(832, 15, 'M-JTM-SBY-2007-040', 'BANK JATIM MASUK', NULL, '2020-07-13', 2020, '1595407324_M-JTM-SBY-2007-040.pdf', 'pdf', '3,57 MB', 0, 1, 60, 60, '2020-07-22 08:42:04', '2020-07-22 08:42:04', NULL),
(833, 15, 'K-JTM-SBY-2007-004 &K-JTM-SBY-2007-005', 'BANK JATIM KELUAR', NULL, '2020-07-10', 2020, '1595407350_K-JTM-SBY-2007-004 &K-JTM-SBY-2007-005.pdf', 'pdf', '941,58 KB', 0, 1, 60, 60, '2020-07-22 08:42:30', '2020-07-22 08:42:30', NULL),
(834, 15, 'K-JTM-SBY-2007-0001 SD K-JTM-SBY-2007-003', 'BANK JATIM KELUAR', NULL, '2020-07-10', 2020, '1595407383_K-JTM-SBY-2007-0041 SD K-JTM-SBY-2007-003.pdf', 'pdf', '940,71 KB', 0, 1, 60, 60, '2020-07-22 08:43:03', '2020-07-22 08:43:03', NULL),
(835, 14, 'K-K-SBY-2007-332', 'KAS KELUAR SURABAYA TGL 17 JULI 2020', NULL, '2020-07-17', 2020, '1595411463_K-K-SBY-2007-332 KAS TGL 17-07-20.pdf', 'pdf', '5,71 MB', 0, 1, 43, 43, '2020-07-22 09:51:03', '2020-07-22 09:51:03', NULL),
(836, 14, 'K-K-SBY-2007-321', 'KAS KELUAR SURABAYA TGL 17 JULI 2020', NULL, '2020-07-17', 2020, '1595411501_K-K-SBY-2007-321 KAS TGL 17-07-20.pdf', 'pdf', '15,59 MB', 0, 1, 43, 43, '2020-07-22 09:51:41', '2020-07-22 09:51:41', NULL),
(837, 14, 'K-K-SBY-2007-328', 'KAS KELUAR SURABAYA TGL 17 JULI 2020', NULL, '2020-07-17', 2020, '1595411560_K-K-SBY-2007-328 KAS TGL 17-07-20.pdf', 'pdf', '17,99 MB', 0, 1, 43, 43, '2020-07-22 09:52:41', '2020-07-22 09:52:41', NULL),
(838, 14, 'K-K-SBY-2007-324', 'KAS KELUAR SURABAYA TGL 17 JULI 2020', NULL, '2020-07-17', 2020, '1595411586_K-K-SBY-2007-324 KAS TGL 17-07-20.pdf', 'pdf', '2,3 MB', 0, 1, 43, 43, '2020-07-22 09:53:06', '2020-07-22 09:53:06', NULL),
(839, 14, 'K-K-SBY-2007-323', 'KAS KELUAR SURABAYA TGL 17 JULI 2020', NULL, '2020-07-17', 2020, '1595411614_K-K-SBY-2007-323 KAS TGL 17-07-20.pdf', 'pdf', '6,34 MB', 0, 1, 43, 43, '2020-07-22 09:53:34', '2020-07-22 09:53:34', NULL),
(840, 14, 'K-K-SBY-2007-322', 'KAS KELUAR SURABAYA TGL 17 JULI 2020', NULL, '2020-07-17', 2020, '1595411639_K-K-SBY-2007-322 KAS TGL 17-07-20.pdf', 'pdf', '6,72 MB', 0, 1, 43, 43, '2020-07-22 09:53:59', '2020-07-22 09:53:59', NULL),
(841, 14, 'K-K-SBY-2007-320', 'KAS KELUAR SURABAYA TGL 17 JULI 2020', NULL, '2020-07-17', 2020, '1595411669_K-K-SBY-2007-320 KAS TGL 17-07-20.pdf', 'pdf', '3,91 MB', 0, 1, 43, 43, '2020-07-22 09:54:29', '2020-07-22 09:54:29', NULL),
(842, 14, 'K-K-SBY-2007-319', 'KAS KELUAR SURABAYA TGL 17 JULI 2020', NULL, '2020-07-17', 2020, '1595411698_K-K-SBY-2007-319 KAS TGL 17-07-20.pdf', 'pdf', '2,27 MB', 0, 1, 43, 43, '2020-07-22 09:54:58', '2020-07-22 09:54:58', NULL),
(843, 14, 'K-K-SBY-2007-318', 'KAS KELUAR SURABAYA TGL 17 JULI 2020', NULL, '2020-07-17', 2020, '1595411719_K-K-SBY-2007-318 KAS TGL 17-07-20.pdf', 'pdf', '2,36 MB', 0, 1, 43, 43, '2020-07-22 09:55:19', '2020-07-22 09:55:19', NULL),
(844, 14, 'K-K-SBY-2007-317', 'KAS KELUAR SURABAYA TGL 17 JULI 2020', NULL, '2020-07-17', 2020, '1595411742_K-K-SBY-2007-317 KAS TGL 17-07-20.pdf', 'pdf', '2,44 MB', 0, 1, 43, 43, '2020-07-22 09:55:42', '2020-07-22 09:55:42', NULL),
(845, 14, 'K-K-SBY-2007-316', 'KAS KELUAR SURABAYA TGL 17 JULI 2020', NULL, '2020-07-17', 2020, '1595411793_K-K-SBY-2007-316 KAS TGL 17-07-20.pdf', 'pdf', '2,43 MB', 0, 1, 43, 43, '2020-07-22 09:56:33', '2020-07-22 09:56:33', NULL),
(846, 14, 'K-K-SBY-2007-315', 'KAS KELUAR SURABAYA TGL 17 JULI 2020', NULL, '2020-07-17', 2020, '1595411813_K-K-SBY-2007-315 KAS TGL 17-07-20.pdf', 'pdf', '2,37 MB', 0, 1, 43, 43, '2020-07-22 09:56:53', '2020-07-22 09:56:53', NULL),
(847, 14, 'K-K-SBY-2007-314', 'KAS KELUAR SURABAYA TGL 17 JULI 2020', NULL, '2020-07-17', 2020, '1595411839_K-K-SBY-2007-314 KAS TGL 17-07-20.pdf', 'pdf', '931,2 KB', 0, 1, 43, 43, '2020-07-22 09:57:19', '2020-07-22 09:57:19', NULL),
(848, 14, 'K-K-SBY-2007-313', 'KAS KELUAR SURABAYA TGL 17 JULI 2020', NULL, '2020-07-17', 2020, '1595411860_K-K-SBY-2007-313 KAS TGL 17-07-20.pdf', 'pdf', '20,02 MB', 0, 1, 43, 43, '2020-07-22 09:57:40', '2020-07-22 09:57:40', NULL),
(849, 14, 'K-K-SBY-2007-312', 'KAS KELUAR SURABAYA TGL 17 JULI 2020', NULL, '2020-07-17', 2020, '1595411883_K-K-SBY-2007-312 KAS TGL 17-07-20.pdf', 'pdf', '5,47 MB', 0, 1, 43, 43, '2020-07-22 09:58:03', '2020-07-22 09:58:03', NULL),
(850, 14, 'K-K-SBY-2007-308', 'KAS KELUAR SURABAYA TGL 17 JULI 2020', NULL, '2020-07-17', 2020, '1595411904_K-K-SBY-2007-308 KAS TGL 17-07-20.pdf', 'pdf', '1,57 MB', 0, 1, 43, 43, '2020-07-22 09:58:24', '2020-07-22 09:58:24', NULL),
(851, 16, 'K-K-SBY-2007-311', 'KAS KELUAR SURABAYA TGL 17 JULI 2020', NULL, '2020-07-17', 2020, '1595411928_K-K-SBY-2007-311 KAS TGL 17-07-20.pdf', 'pdf', '7,48 MB', 0, 1, 43, 43, '2020-07-22 09:58:48', '2020-07-22 09:58:48', NULL),
(852, 14, 'K-K-SBY-2007-299', 'KAS KELUAR SURABAYA TGL 17 JULI 2020', NULL, '2020-07-17', 2020, '1595411964_K-K-SBY-2007-299 KAS TGL 17-07-20.pdf', 'pdf', '6,31 MB', 0, 1, 43, 43, '2020-07-22 09:59:24', '2020-07-22 09:59:24', NULL),
(853, 14, 'K-K-SBY-200-298', 'KAS KELUAR SURABAYA TGL 17 JULI 2020', NULL, '2020-07-17', 2020, '1595411986_K-K-SBY-2007-298 KAS TGL 17-07-20.pdf', 'pdf', '2,54 MB', 0, 1, 43, 43, '2020-07-22 09:59:46', '2020-07-22 09:59:46', NULL),
(854, 14, 'K-K-SBY-2007-297', 'KAS KELUAR SURABAYA TGL 16 JULI 2020', NULL, '2020-07-16', 2020, '1595412011_K-K-SBY-2007-297 KAS TGL 16-07-20.pdf', 'pdf', '479,69 KB', 0, 1, 43, 43, '2020-07-22 10:00:11', '2020-07-22 10:00:11', NULL),
(855, 14, 'K-K-SBY-2007-296', 'KAS KELUAR SURABAYA TGL 16 JULI 2020', NULL, '2020-07-16', 2020, '1595412051_K-K-SBY-2007-296 KAS TGL 16-07-20.pdf', 'pdf', '4,11 MB', 0, 1, 43, 43, '2020-07-22 10:00:51', '2020-07-22 10:00:51', NULL),
(856, 14, 'K-K-SBY-2007-295', 'KAS KELUAR SURABAYA TGL 16 JULI 2020', NULL, '2020-07-16', 2020, '1595412249_K-K-SBY-2007-295 KAS TGL 16-07-20.pdf', 'pdf', '1,33 MB', 0, 1, 43, 43, '2020-07-22 10:04:09', '2020-07-22 10:04:09', NULL),
(857, 14, 'K-K-SBY-2007-294', 'KAS KELUAR SURABAYA TGL 16 JULI 2020', NULL, '2020-07-16', 2020, '1595412283_K-K-SBY-2007-294 KAS TGL 16-07-20.pdf', 'pdf', '8,52 MB', 0, 1, 43, 43, '2020-07-22 10:04:43', '2020-07-22 10:04:43', NULL),
(858, 14, 'K-K-SBY-2007-293', 'KAS KELUAR SURABAYA TGL 16 JULI 2020', NULL, '2020-07-16', 2020, '1595412309_K-K-SBY-2007-293 KAS TGL 16-07-20.pdf', 'pdf', '1,42 MB', 0, 1, 43, 43, '2020-07-22 10:05:09', '2020-07-22 10:05:09', NULL),
(859, 14, 'K-K-SBY-2007-292', 'KAS KELUAR SURABAYA TGL 16 JULI 2020', NULL, '2020-07-16', 2020, '1595412336_K-K-SBY-2007-292 KAS TGL 16-07-20.pdf', 'pdf', '1,11 MB', 0, 1, 43, 43, '2020-07-22 10:05:36', '2020-07-22 10:05:36', NULL),
(860, 14, 'K-K-SBY-2007-291', 'KAS KELUAR SURABAYA TGL 16 JULI 2020', NULL, '2020-07-16', 2020, '1595412360_K-K-SBY-2007-291 KAS TGL 16-07-20.pdf', 'pdf', '11,91 MB', 0, 1, 43, 43, '2020-07-22 10:06:00', '2020-07-22 10:06:00', NULL),
(861, 14, 'K-K-SBY-2007-290', 'KAS KELUAR SURABAYA TGL 16 JULI 2020', NULL, '2020-07-16', 2020, '1595412405_K-K-SBY-2007-290 KAS TGL 16-07-20.pdf', 'pdf', '5,08 MB', 0, 1, 43, 43, '2020-07-22 10:06:45', '2020-07-22 10:06:45', NULL),
(862, 14, 'K-K-SBY-2007-289', 'KAS KELUAR SURABAYA TGL 16 JULI 2020', NULL, '2020-07-16', 2020, '1595412435_K-K-SBY-2007-289 KAS TGL 16-07-20.pdf', 'pdf', '2,88 MB', 0, 1, 43, 43, '2020-07-22 10:07:15', '2020-07-22 10:07:15', NULL),
(863, 14, 'K-K-SBY-2007-288', 'KAS KELUAR SURABAYA TGL 16 JULI 2020', NULL, '2020-07-16', 2020, '1595412463_K-K-SBY-2007-288 KAS TGL 16-07-20.pdf', 'pdf', '2,78 MB', 0, 1, 43, 43, '2020-07-22 10:07:43', '2020-07-22 10:07:43', NULL),
(864, 14, 'K-K-SBY-2007-287', 'KAS KELUAR SURABAYA TGL 16 JULI 2020', NULL, '2020-07-16', 2020, '1595412485_K-K-SBY-2007-287 KAS TGL 16-07-20.pdf', 'pdf', '36,97 MB', 0, 1, 43, 43, '2020-07-22 10:08:05', '2020-07-22 10:08:05', NULL),
(865, 14, 'M-K-SBY-2007-011', 'KAS MASUK SURABAYA TGL 16 JULI 2020', NULL, '2020-07-16', 2020, '1595412524_M-K-SBY-2007-011 KAS TGL 16-07-20.pdf', 'pdf', '1,74 MB', 0, 1, 43, 43, '2020-07-22 10:08:44', '2020-07-23 03:39:32', NULL),
(866, 14, 'K-K-DPS-2007-052', 'KAS KELUAR DPS TGL 20Juli  2020', NULL, '2020-07-20', 2020, '1595481416_K-K-DPS-2007-052 TGL 20.07.pdf', 'pdf', '23,98 MB', 0, 1, 46, 46, '2020-07-23 05:16:56', '2020-07-23 05:16:56', NULL),
(867, 14, 'K-K-DPS-2007-053', 'KAS KELUAR DPS TGL 20Juli  2020', NULL, '2020-07-20', 2020, '1595481448_K-K-DPS-2007-053 TGL 20.07.pdf', 'pdf', '5,91 MB', 0, 1, 46, 46, '2020-07-23 05:17:28', '2020-07-23 05:17:28', NULL),
(868, 14, 'K-K-DPS-2007-054', 'KAS KELUAR DPS TGL 20Juli  2020', NULL, '2020-07-20', 2020, '1595481590_K-K-DPS-2007-054 TGL 20.07.pdf', 'pdf', '6 MB', 0, 1, 46, 46, '2020-07-23 05:19:50', '2020-07-23 05:19:50', NULL),
(869, 14, 'K-K-DPS-2007-055', 'KAS KELUAR DPS TGL 20Juli  2020', NULL, '2020-07-20', 2020, '1595481618_K-K-DPS-2007-055 TGL 20.07.pdf', 'pdf', '4,89 MB', 0, 1, 46, 46, '2020-07-23 05:20:18', '2020-07-23 05:20:18', NULL),
(870, 15, 'K-MAN-BAL-2007-009', 'BANK KELUAR DPS TGL 20Juli  2020', NULL, '2020-07-20', 2020, '1595481745_K-MAN-BAL-2007-009 TGL 20.07.pdf', 'pdf', '1,88 MB', 0, 1, 46, 46, '2020-07-23 05:22:26', '2020-07-23 05:22:26', NULL),
(871, 15, 'K-MAN-BAL-2007-010', 'BANK KELUAR DPS TGL 20Juli  2020', NULL, '2020-07-20', 2020, '1595481782_K-MAN-BAL-2007-010 TGL 20.07.pdf', 'pdf', '1,83 MB', 0, 1, 46, 46, '2020-07-23 05:23:02', '2020-07-23 05:23:02', NULL),
(872, 14, 'K-K-SBY-2007-333', 'KAS KELUAR SURABAYA TGL 20 April 2020', NULL, '2020-07-20', 2020, '1595481838_K-K-SBY-2007-333 TGL 20.07.pdf', 'pdf', '7,92 MB', 0, 1, 46, 46, '2020-07-23 05:23:58', '2020-07-23 05:23:58', NULL),
(873, 14, 'K-K-SBY-2007-334', 'KAS KELUAR SURABAYA TGL 20Juli  2020', NULL, '2020-07-20', 2020, '1595481936_K-K-SBY-2007-334 TGL 20.07.pdf', 'pdf', '1,35 MB', 0, 1, 46, 46, '2020-07-23 05:25:36', '2020-07-23 05:25:36', NULL),
(874, 14, 'K-K-SBY-2007-335', 'KAS KELUAR SURABAYA TGL 20Juli  2020', NULL, '2020-07-20', 2020, '1595482065_K-K-SBY-2007-335 TGL 20.07.pdf', 'pdf', '6,33 MB', 0, 1, 46, 46, '2020-07-23 05:27:45', '2020-07-23 05:27:45', NULL),
(875, 14, 'K-K-SBY-2007-336', 'KAS KELUAR SURABAYA TGL 20Juli  2020', NULL, '2020-07-20', 2020, '1595482096_K-K-SBY-2007-336 TGL 20.07.pdf', 'pdf', '7,3 MB', 0, 1, 46, 46, '2020-07-23 05:28:16', '2020-07-23 05:28:16', NULL),
(876, 14, 'K-K-SBY-2007-337', 'KAS KELUAR SURABAYA TGL 20Juli  2020', NULL, '2020-07-20', 2020, '1595482137_K-K-SBY-2007-337 TGL 20.07.pdf', 'pdf', '139,1 MB', 0, 1, 46, 46, '2020-07-23 05:28:57', '2020-07-23 05:28:57', NULL),
(877, 14, 'K-K-SBY-2007-337', 'KAS KELUAR SURABAYA TGL 20Juli  2020', NULL, '2020-07-20', 2020, '1595482192_K-K-SBY-2007-337 TGL 20.07.pdf', 'pdf', '139,1 MB', 0, 2, 46, 46, '2020-07-23 05:29:53', '2020-07-23 05:30:05', 46),
(878, 14, 'K-K-SBY-2007-338', 'KAS KELUAR SURABAYA TGL 20Juli  2020', NULL, '2020-07-20', 2020, '1595482237_K-K-SBY-2007-338 TGL 20.07.pdf', 'pdf', '10,91 MB', 0, 1, 46, 46, '2020-07-23 05:30:37', '2020-07-23 05:30:37', NULL),
(879, 14, 'K-K-SBY-2007-339', 'KAS KELUAR SURABAYA TGL 20Juli  2020', NULL, '2020-07-20', 2020, '1595482284_K-K-SBY-2007-339 TGL 20.07.pdf', 'pdf', '8,6 MB', 0, 1, 46, 46, '2020-07-23 05:31:24', '2020-07-23 05:31:24', NULL),
(880, 14, 'K-K-SBY-2007-340', 'KAS KELUAR SURABAYA TGL 20Juli  2020', NULL, '2020-07-20', 2020, '1595482334_K-K-SBY-2007-340 TGL 20.07.pdf', 'pdf', '11,27 MB', 0, 1, 46, 46, '2020-07-23 05:32:14', '2020-07-23 05:32:14', NULL),
(881, 14, 'K-K-SBY-2007-341', 'KAS KELUAR SURABAYA TGL 20Juli  2020', NULL, '2020-07-20', 2020, '1595482356_K-K-SBY-2007-341 TGL 20.07.pdf', 'pdf', '13,16 MB', 0, 1, 46, 46, '2020-07-23 05:32:36', '2020-07-23 05:32:36', NULL),
(882, 14, 'K-K-SBY-2007-342', 'KAS KELUAR SURABAYA TGL 20Juli  2020', NULL, '2020-07-20', 2020, '1595482381_K-K-SBY-2007-342 TGL 20.07.pdf', 'pdf', '3,39 MB', 0, 1, 46, 46, '2020-07-23 05:33:01', '2020-07-23 05:33:01', NULL),
(883, 14, 'K-K-SBY-2007-343', 'KAS KELUAR SURABAYA TGL 20Juli  2020', NULL, '2020-07-20', 2020, '1595482407_K-K-SBY-2007-343 TGL 20.07.pdf', 'pdf', '7,12 MB', 0, 1, 46, 46, '2020-07-23 05:33:27', '2020-07-23 05:33:27', NULL),
(884, 14, 'K-K-SBY-2007-344', 'KAS KELUAR SURABAYA TGL 20Juli  2020', NULL, '2020-07-20', 2020, '1595482436_K-K-SBY-2007-344 TGL 20.07.pdf', 'pdf', '15,55 MB', 0, 1, 46, 46, '2020-07-23 05:33:56', '2020-07-23 05:33:56', NULL),
(885, 14, 'K-K-SBY-2007-345', 'KAS KELUAR SURABAYA TGL 20Juli  2020', NULL, '2020-07-20', 2020, '1595482462_K-K-SBY-2007-345 TGL 20.07.pdf', 'pdf', '7,22 MB', 0, 1, 46, 46, '2020-07-23 05:34:22', '2020-07-23 05:34:22', NULL),
(886, 14, 'K-K-SBY-2007-346', 'KAS KELUAR SURABAYA TGL 20Juli  2020', NULL, '2020-07-20', 2020, '1595482491_K-K-SBY-2007-346 TGL 20.07.pdf', 'pdf', '6,47 MB', 0, 1, 46, 46, '2020-07-23 05:34:51', '2020-07-23 05:34:51', NULL),
(887, 14, 'K-K-SBY-2007-347', 'KAS KELUAR SURABAYA TGL 20Juli  2020', NULL, '2020-07-20', 2020, '1595482526_K-K-SBY-2007-347 TGL 20.07.pdf', 'pdf', '15,77 MB', 0, 1, 46, 46, '2020-07-23 05:35:26', '2020-07-23 05:35:26', NULL),
(888, 14, 'K-K-SBY-2007-348', 'KAS KELUAR SURABAYA TGL 20Juli  2020', NULL, '2020-07-20', 2020, '1595482554_K-K-SBY-2007-348 TGL 20.07.pdf', 'pdf', '954,63 KB', 0, 1, 46, 46, '2020-07-23 05:35:54', '2020-07-23 05:35:54', NULL),
(889, 14, 'K-K-SBY-2007-349', 'KAS KELUAR SURABAYA TGL 20Juli  2020', NULL, '2020-07-20', 2020, '1595482579_K-K-SBY-2007-349 TGL 20.07.pdf', 'pdf', '7,71 MB', 0, 1, 46, 46, '2020-07-23 05:36:19', '2020-07-23 05:36:19', NULL),
(890, 14, 'K-K-SBY-2007-350', 'KAS KELUAR SURABAYA TGL 20Juli  2020', NULL, '2020-07-20', 2020, '1595482625_K-K-SBY-2007-350 TGL 20.07.pdf', 'pdf', '7,87 MB', 0, 1, 46, 46, '2020-07-23 05:37:05', '2020-07-23 05:37:05', NULL),
(891, 14, 'K-K-SBY-2007-351', 'KAS KELUAR SURABAYA TGL 20Juli  2020', NULL, '2020-07-20', 2020, '1595482741_K-K-SBY-2007-351 TGL 20.07.pdf', 'pdf', '9,31 MB', 0, 1, 46, 46, '2020-07-23 05:39:01', '2020-07-23 05:39:01', NULL),
(892, 14, 'K-K-SBY-2007-352', 'KAS KELUAR SURABAYA TGL 20Juli  2020', NULL, '2020-07-20', 2020, '1595482797_K-K-SBY-2007-352 TGL 20.07.pdf', 'pdf', '2,42 MB', 0, 1, 46, 46, '2020-07-23 05:39:57', '2020-07-23 05:39:57', NULL),
(893, 14, 'K-K-SBY-2007-353', 'KAS KELUAR SURABAYA TGL 20Juli  2020', NULL, '2020-07-20', 2020, '1595482880_K-K-SBY-2007-353 TGL 20.07.pdf', 'pdf', '9,04 MB', 0, 1, 46, 46, '2020-07-23 05:41:20', '2020-07-23 05:41:20', NULL),
(894, 14, 'K-K-SBY-2007-354', 'KAS KELUAR SURABAYA TGL 20Juli  2020', NULL, '2020-07-20', 2020, '1595482905_K-K-SBY-2007-354 TGL 20.07.pdf', 'pdf', '1,37 MB', 0, 1, 46, 46, '2020-07-23 05:41:45', '2020-07-23 05:41:45', NULL),
(895, 16, 'FIN-SBY-2020-VII-0019 & FIN-SBY-2020-VII-0021 BALI', 'PENGAJUAN DANA KAS BALI TGL 20 JULI 2020', NULL, '2020-07-20', 2020, '1595486945_FIN-SBY-2020-VII-0019 & FIN-SBY-2020-VII-0021 BALI.pdf', 'pdf', '261 KB', 0, 1, 46, 46, '2020-07-23 06:49:05', '2020-07-23 06:49:05', NULL),
(896, 14, 'K-K-DPS-2007-056', 'KAS KELUAR DPS TGL 22 JULI  2020', NULL, '2020-07-22', 2020, '1595493243_K-K-DPS-2007-056 TGL 22.07.20.pdf', 'pdf', '8,54 MB', 0, 1, 46, 46, '2020-07-23 08:34:03', '2020-07-23 08:35:23', NULL),
(897, 14, 'K-K-DPS-2007-057', 'KAS KELUAR DPS TGL 22 Juli  2020', NULL, '2020-07-22', 2020, '1595493312_K-K-DPS-2007-057 TGL 22.07.20.pdf', 'pdf', '5,25 MB', 0, 1, 46, 46, '2020-07-23 08:35:12', '2020-07-23 08:35:12', NULL),
(898, 14, 'K-K-DPS-2007-058', 'KAS KELUAR DPS TGL 22 JULI  2020', NULL, '2020-07-22', 2020, '1595493491_K-K-DPS-2007-058 TGL 22.07.20.pdf', 'pdf', '5,35 MB', 0, 1, 46, 46, '2020-07-23 08:38:11', '2020-07-23 08:38:11', NULL),
(899, 14, 'K-K-DPS-2007-059', 'KAS KELUAR DPS TGL 22 JULI  2020', NULL, '2020-07-22', 2020, '1595493587_K-K-DPS-2007-059 TGL 22.07.20.pdf', 'pdf', '4,44 MB', 0, 1, 46, 46, '2020-07-23 08:39:47', '2020-07-23 08:39:47', NULL),
(900, 14, 'K-K-DPS-2007-060', 'KAS KELUAR DPS TGL 22 Juli  2020', NULL, '2020-07-22', 2020, '1595493616_K-K-DPS-2007-060 TGL 22.07.20.pdf', 'pdf', '5,13 MB', 0, 1, 46, 46, '2020-07-23 08:40:16', '2020-07-23 08:40:16', NULL),
(901, 14, 'K-K-DPS-2007-061', 'KAS KELUAR DPS TGL 22 JULI  2020', NULL, '2020-07-22', 2020, '1595493653_K-K-DPS-2007-061 TGL 22.07.20.pdf', 'pdf', '19,08 MB', 0, 1, 46, 46, '2020-07-23 08:40:53', '2020-07-23 08:40:53', NULL),
(902, 14, 'K-K-DPS-2007-062', 'KAS KELUAR DPS TGL 22 JULI  2020', NULL, '2020-07-22', 2020, '1595493682_K-K-DPS-2007-062 TGL 22.07.20.pdf', 'pdf', '11,75 MB', 0, 1, 46, 46, '2020-07-23 08:41:22', '2020-07-23 08:41:22', NULL),
(903, 14, 'K-K-DPS-2007-063', 'KAS KELUAR DPS TGL 22 Juli  2020', NULL, '2020-07-22', 2020, '1595493713_K-K-DPS-2007-063 TGL 22.07.20.pdf', 'pdf', '10,53 MB', 0, 1, 46, 46, '2020-07-23 08:41:53', '2020-07-23 08:41:53', NULL),
(904, 14, 'K-K-SBY-2007-378', 'KAS KELUAR SURABAYA TGL 22 Juli  2020', NULL, '2020-07-22', 2020, '1595494143_K-K-SBY-2007-378 TGL 22.07.20.pdf', 'pdf', '1,15 MB', 0, 1, 46, 46, '2020-07-23 08:49:03', '2020-07-23 08:49:03', NULL),
(905, 14, 'K-K-SBY-2007-379', 'KAS KELUAR SURABAYA TGL 22 JULI  2020', NULL, '2020-07-22', 2020, '1595494203_K-K-SBY-2007-379 TGL 22.07.20.pdf', 'pdf', '1,37 MB', 0, 1, 46, 46, '2020-07-23 08:50:03', '2020-07-23 08:50:03', NULL),
(906, 14, 'K-K-SBY-2007-380', 'KAS KELUAR SURABAYA TGL 22 JULI  2020', NULL, '2020-07-22', 2020, '1595494235_K-K-SBY-2007-380 TGL 22.07.20.pdf', 'pdf', '1,13 MB', 0, 1, 46, 46, '2020-07-23 08:50:35', '2020-07-23 08:50:35', NULL),
(907, 14, 'K-K-SBY-2007-381', 'KAS KELUAR SURABAYA TGL 22 JULI  2020', NULL, '2020-07-22', 2020, '1595494271_K-K-SBY-2007-381 TGL 22.07.20.pdf', 'pdf', '1,12 MB', 0, 1, 46, 46, '2020-07-23 08:51:11', '2020-07-23 08:51:11', NULL),
(908, 14, 'K-K-SBY-2007-382', 'KAS KELUAR SURABAYA TGL 22 JULI  2020', NULL, '2020-07-22', 2020, '1595494297_K-K-SBY-2007-382 TGL 22.07.20.pdf', 'pdf', '949,42 KB', 0, 1, 46, 46, '2020-07-23 08:51:37', '2020-07-23 08:51:37', NULL),
(909, 14, 'K-K-SBY-2007-383', 'KAS KELUAR SURABAYA TGL 22 Juli  2020', NULL, '2020-07-22', 2020, '1595494322_K-K-SBY-2007-383 TGL 22.07.20.pdf', 'pdf', '1,38 MB', 0, 1, 46, 46, '2020-07-23 08:52:02', '2020-07-23 08:52:02', NULL),
(910, 14, 'K-K-SBY-2007-384', 'KAS KELUAR SURABAYA TGL 22 Juli  2020', NULL, '2020-07-22', 2020, '1595494345_K-K-SBY-2007-384 TGL 22.07.20.pdf', 'pdf', '4,87 MB', 0, 1, 46, 46, '2020-07-23 08:52:25', '2020-07-23 08:52:25', NULL),
(911, 14, 'K-K-SBY-2007-385', 'KAS KELUAR SURABAYA TGL 22 Juli  2020', NULL, '2020-07-22', 2020, '1595494379_K-K-SBY-2007-385 TGL 22.07.20.pdf', 'pdf', '16,26 MB', 0, 1, 46, 46, '2020-07-23 08:52:59', '2020-07-23 08:52:59', NULL),
(912, 14, 'K-K-SBY-2007-386', 'KAS KELUAR SURABAYA TGL 22 Juli  2020', NULL, '2020-07-22', 2020, '1595494418_K-K-SBY-2007-386 TGL 22.07.20.pdf', 'pdf', '5,03 MB', 0, 1, 46, 46, '2020-07-23 08:53:38', '2020-07-23 08:53:38', NULL),
(913, 14, 'K-K-SBY-2007-387', 'KAS KELUAR SURABAYA TGL 22 JULI  2020', NULL, '2020-07-22', 2020, '1595494658_K-K-SBY-2007-387 TGL 22.07.20.pdf', 'pdf', '1,88 MB', 0, 1, 46, 46, '2020-07-23 08:57:38', '2020-07-23 08:57:38', NULL),
(914, 14, 'K-K-SBY-2007-388', 'KAS KELUAR SURABAYA TGL 22 JULI  2020', NULL, '2020-07-22', 2020, '1595494683_K-K-SBY-2007-388 TGL 22.07.20.pdf', 'pdf', '7,55 MB', 0, 1, 46, 46, '2020-07-23 08:58:03', '2020-07-23 08:58:03', NULL),
(915, 14, 'K-K-SBY-2007-389', 'KAS KELUAR SURABAYA TGL 22 Juli  2020', NULL, '2020-07-22', 2020, '1595494711_K-K-SBY-2007-389 TGL 22.07.20.pdf', 'pdf', '8,55 MB', 0, 1, 46, 46, '2020-07-23 08:58:31', '2020-07-23 08:58:31', NULL),
(916, 14, 'K-K-SBY-2007-390', 'KAS KELUAR SURABAYA TGL 22 Juli  2020', NULL, '2020-07-22', 2020, '1595494741_K-K-SBY-2007-390 TGL 22.07.20.pdf', 'pdf', '8,48 MB', 0, 1, 46, 46, '2020-07-23 08:59:01', '2020-07-23 08:59:01', NULL),
(917, 14, 'K-K-SBY-2007-391', 'KAS KELUAR SURABAYA TGL 22 JULI  2020', NULL, '2020-07-22', 2020, '1595494770_K-K-SBY-2007-391 TGL 22.07.20.pdf', 'pdf', '1,35 MB', 0, 1, 46, 46, '2020-07-23 08:59:30', '2020-07-23 08:59:30', NULL),
(918, 14, 'K-K-SBY-2007-392', 'KAS KELUAR SURABAYA TGL 22 JULI  2020', NULL, '2020-07-22', 2020, '1595494800_K-K-SBY-2007-392 TGL 22.07.20.pdf', 'pdf', '7,1 MB', 0, 1, 46, 46, '2020-07-23 09:00:00', '2020-07-23 09:00:00', NULL),
(919, 14, 'K-K-SBY-2007-393', 'KAS KELUAR SURABAYA TGL 22 JULI  2020', NULL, '2020-07-22', 2020, '1595494839_K-K-SBY-2007-393 TGL 22.07.20.pdf', 'pdf', '3,34 MB', 0, 1, 46, 46, '2020-07-23 09:00:39', '2020-07-23 09:00:39', NULL),
(920, 14, 'K-K-SBY-2007-394', 'KAS KELUAR SURABAYA TGL 22 Juli  2020', NULL, '2020-07-22', 2020, '1595494881_K-K-SBY-2007-394 TGL 22.07.20.pdf', 'pdf', '7,11 MB', 0, 1, 46, 46, '2020-07-23 09:01:21', '2020-07-23 09:01:21', NULL),
(921, 14, 'K-K-SBY-2007-395', 'KAS KELUAR SURABAYA TGL 22 Juli  2020', NULL, '2020-07-22', 2020, '1595494913_K-K-SBY-2007-395 TGL 22.07.20.pdf', 'pdf', '15,18 MB', 0, 1, 46, 46, '2020-07-23 09:01:53', '2020-07-23 09:01:53', NULL),
(922, 14, 'K-K-SBY-2007-396', 'KAS KELUAR SURABAYA TGL 22 JULI  2020', NULL, '2020-07-22', 2020, '1595494942_K-K-SBY-2007-396 TGL 22.07.20.pdf', 'pdf', '2,53 MB', 0, 1, 46, 46, '2020-07-23 09:02:22', '2020-07-23 09:02:22', NULL),
(923, 14, 'K-K-SBY-2007-397', 'KAS KELUAR SURABAYA TGL 22 Juli  2020', NULL, '2020-07-22', 2020, '1595494970_K-K-SBY-2007-397 TGL 22.07.20.pdf', 'pdf', '2,8 MB', 0, 1, 46, 46, '2020-07-23 09:02:50', '2020-07-23 09:02:50', NULL),
(924, 14, 'K-K-SBY-2007-398', 'KAS KELUAR SURABAYA TGL 22 Juli  2020', NULL, '2020-07-22', 2020, '1595494995_K-K-SBY-2007-398 TGL 22.07.20.pdf', 'pdf', '8,72 MB', 0, 1, 46, 46, '2020-07-23 09:03:15', '2020-07-23 09:03:15', NULL),
(925, 14, 'K-K-SBY-2007-399', 'KAS KELUAR SURABAYA TGL 22 Juli  2020', NULL, '2020-07-22', 2020, '1595495026_K-K-SBY-2007-399 TGL 22.07.20.pdf', 'pdf', '15,2 MB', 0, 1, 46, 46, '2020-07-23 09:03:46', '2020-07-23 09:03:46', NULL),
(926, 14, 'K-K-SBY-2007-400', 'KAS KELUAR SURABAYA TGL 22 JULI  2020', NULL, '2020-07-22', 2020, '1595495058_K-K-SBY-2007-400 TGL 22.07.20.pdf', 'pdf', '8,33 MB', 0, 1, 46, 46, '2020-07-23 09:04:18', '2020-07-23 09:04:18', NULL),
(927, 14, 'K-K-SBY-2007-401', 'KAS KELUAR SURABAYA TGL 22 JULI  2020', NULL, '2020-07-22', 2020, '1595495089_K-K-SBY-2007-401 TGL 22.07.20.pdf', 'pdf', '1,13 MB', 0, 1, 46, 46, '2020-07-23 09:04:49', '2020-07-23 09:04:49', NULL),
(928, 14, 'K-K-SBY-2007-402', 'KAS KELUAR SURABAYA TGL 22 Juli  2020', NULL, '2020-07-22', 2020, '1595495115_K-K-SBY-2007-402 TGL 22.07.20.pdf', 'pdf', '1,13 MB', 0, 1, 46, 46, '2020-07-23 09:05:15', '2020-07-23 09:05:15', NULL),
(929, 14, 'K-K-SBY-2007-403', 'KAS KELUAR SURABAYA TGL 22 JULI  2020', NULL, '2020-07-22', 2020, '1595495140_K-K-SBY-2007-403 TGL 22.07.20.pdf', 'pdf', '2,39 MB', 0, 1, 46, 46, '2020-07-23 09:05:40', '2020-07-23 09:05:40', NULL),
(930, 14, 'K-K-SBY-2007-404', 'KAS KELUAR SURABAYA TGL 22 JULI  2020', NULL, '2020-07-22', 2020, '1595495182_K-K-SBY-2007-404 TGL 22.07.20.pdf', 'pdf', '7,59 MB', 0, 1, 46, 46, '2020-07-23 09:06:22', '2020-07-23 09:06:22', NULL),
(931, 14, 'K-K-SBY-2007-405', 'KAS KELUAR SURABAYA TGL 22 JULI  2020', NULL, '2020-07-22', 2020, '1595495415_K-K-SBY-2007-405 TGL 22.07.20.pdf', 'pdf', '1,57 MB', 0, 1, 46, 46, '2020-07-23 09:10:15', '2020-07-23 09:10:15', NULL),
(932, 15, 'K-MAN-BAL-2007-011', 'BANK KELUAR DPS TGL 22 Juli  2020', NULL, '2020-07-22', 2020, '1595495453_K-MAN-BAL-2007-011 TGL 22.07.20.pdf', 'pdf', '2,78 MB', 0, 1, 46, 46, '2020-07-23 09:10:53', '2020-07-23 09:10:53', NULL),
(933, 14, 'M-K-SBY-2007-015', 'KAS MASUK SURABAYA TGL 22 JULI  2020', NULL, '2020-07-22', 2020, '1595495494_M-K-SBY-2007-015 TGL 22.07.20.pdf', 'pdf', '1,96 MB', 0, 1, 46, 46, '2020-07-23 09:11:34', '2020-07-23 09:11:34', NULL),
(934, 14, 'M-K-SBY-2007-016', 'KAS MASUK SURABAYA TGL 22 JULI  2020', NULL, '2020-07-22', 2020, '1595495526_M-K-SBY-2007-016 TGL 22.07.20.pdf', 'pdf', '2,14 MB', 0, 1, 46, 46, '2020-07-23 09:12:06', '2020-07-23 09:12:06', NULL),
(935, 14, 'K-K-SBY-2007-377', 'KAS KELUAR SURABAYA TGL 21 JULI 2020', NULL, '2020-07-21', 2020, '1595496877_K-K-SBY-2007-377 KAS TGL 21-7-20.pdf', 'pdf', '1,11 MB', 0, 1, 43, 43, '2020-07-23 09:34:37', '2020-07-23 09:34:37', NULL),
(936, 14, 'K-K-SBY-2007-376', 'KAS KELUAR SURABAYA TGL 21 JULI 2020', NULL, '2020-07-21', 2020, '1595496907_K-K-SBY-2007-376 KAS TGL 21-7-20.pdf', 'pdf', '16,36 MB', 0, 1, 43, 43, '2020-07-23 09:35:07', '2020-07-23 09:35:07', NULL),
(937, 14, 'K-K-SBY-2007-375', 'KAS KELUAR SURABAYA TGL 21 JULI 2020', NULL, '2020-07-21', 2020, '1595496934_K-K-SBY-2007-375 KAS TGL 21-7-20.pdf', 'pdf', '1,92 MB', 0, 1, 43, 43, '2020-07-23 09:35:34', '2020-07-23 09:35:34', NULL),
(938, 14, 'K-K-SBY-2007-372', 'KAS KELUAR SURABAYA TGL 21 JULI 2020', NULL, '2020-07-21', 2020, '1595496956_K-K-SBY-2007-372 KAS TGL 21-7-20.pdf', 'pdf', '1,14 MB', 0, 1, 43, 43, '2020-07-23 09:35:56', '2020-07-23 09:35:56', NULL);
INSERT INTO `arsip` (`id`, `jenis_id`, `nomor`, `nama_arsip`, `deskripsi`, `tgl_arsip`, `tahun`, `upload_file`, `format_file`, `file_size`, `jumlah_download`, `delete_status`, `created_by`, `updated_by`, `created_at`, `updated_at`, `deleted_by`) VALUES
(939, 14, 'K-K-SBY-2007-371', 'KAS KELUAR SURABAYA TGL 21 JULI 2020', NULL, '2020-07-21', 2020, '1595496977_K-K-SBY-2007-371 KAS TGL 21-7-20.pdf', 'pdf', '1,09 MB', 0, 1, 43, 43, '2020-07-23 09:36:17', '2020-07-23 09:36:17', NULL),
(940, 14, 'K-K-SBY-2007-369', 'KAS KELUAR SURABAYA TGL 21 JULI 2020', NULL, '2020-07-21', 2020, '1595497004_K-K-SBY-2007-369 KAS TGL 21-7-20.pdf', 'pdf', '7,25 MB', 0, 1, 43, 43, '2020-07-23 09:36:44', '2020-07-23 09:36:44', NULL),
(941, 14, 'K-K-SBY-2007-368', 'KAS KELUAR SURABAYA TGL 21 JULI 2020', NULL, '2020-07-21', 2020, '1595497028_K-K-SBY-2007-368 KAS TGL 21-7-20.pdf', 'pdf', '7,51 MB', 0, 1, 43, 43, '2020-07-23 09:37:08', '2020-07-23 09:37:08', NULL),
(942, 14, 'K-K-SBY-2007-356', 'KAS KELUAR SURABAYA TGL 21 JULI  2020', NULL, '2020-07-21', 2020, '1595497057_K-K-SBY-2007-356 TGL 21.07.pdf', 'pdf', '7,95 MB', 0, 1, 46, 46, '2020-07-23 09:37:37', '2020-07-23 09:37:37', NULL),
(943, 14, 'K-K-SBY-2007-367', 'KAS KELUAR SURABAYA TGL 21 JULI 2020', NULL, '2020-07-21', 2020, '1595497061_K-K-SBY-2007-367 KAS TGL 21-7-20.pdf', 'pdf', '7,5 MB', 0, 1, 43, 43, '2020-07-23 09:37:41', '2020-07-23 09:37:41', NULL),
(944, 14, 'K-K-SBY-2007-357', 'KAS KELUAR SURABAYA TGL 21 JULI  2020', NULL, '2020-07-21', 2020, '1595497086_K-K-SBY-2007-357 TGL 21.07.pdf', 'pdf', '2,12 MB', 0, 1, 46, 46, '2020-07-23 09:38:06', '2020-07-23 09:38:06', NULL),
(945, 14, 'K-K-SBY-2007-366', 'KAS KELUAR SURABAYA TGL 21 JULI 2020', NULL, '2020-07-21', 2020, '1595497096_K-K-SBY-2007-366 KAS TGL 21-7-20.pdf', 'pdf', '6,66 MB', 0, 1, 43, 43, '2020-07-23 09:38:16', '2020-07-23 09:38:16', NULL),
(946, 14, 'K-K-SBY-2007-359', 'KAS KELUAR SURABAYA TGL 21 JULI  2020', NULL, '2020-07-21', 2020, '1595497117_K-K-SBY-2007-359 TGL 21.07.pdf', 'pdf', '5 MB', 0, 1, 46, 46, '2020-07-23 09:38:37', '2020-07-23 09:38:37', NULL),
(947, 14, 'K-K-SBY-2007-365', 'KAS KELUAR SURABAYA TGL 21 JULI 2020', NULL, '2020-07-21', 2020, '1595497119_K-K-SBY-2007-365 KAS TGL 21-7-20.pdf', 'pdf', '10,88 MB', 0, 1, 43, 43, '2020-07-23 09:38:39', '2020-07-23 09:38:39', NULL),
(948, 14, 'K-K-SBY-2007-360', 'KAS KELUAR SURABAYA TGL 21Juli  2020', NULL, '2020-07-21', 2020, '1595497146_K-K-SBY-2007-360 TGL 21.07.pdf', 'pdf', '6,94 MB', 0, 1, 46, 46, '2020-07-23 09:39:06', '2020-07-23 09:39:06', NULL),
(949, 14, 'K-K-SBY-2007-364', 'KAS KELUAR SURABAYA TGL 21 JULI 2020', NULL, '2020-07-21', 2020, '1595497151_K-K-SBY-2007-364 KAS TGL 21-7-20.pdf', 'pdf', '7,72 MB', 0, 1, 43, 43, '2020-07-23 09:39:11', '2020-07-23 09:39:11', NULL),
(950, 14, 'K-K-SBY-2007-361', 'KAS KELUAR SURABAYA TGL 21 JULI  2020', NULL, '2020-07-21', 2020, '1595497173_K-K-SBY-2007-361 TGL 21.07.pdf', 'pdf', '9,15 MB', 0, 1, 46, 46, '2020-07-23 09:39:33', '2020-07-23 09:39:33', NULL),
(951, 14, 'K-K-SBY-2007-363', 'KAS KELUAR SURABAYA TGL 21 JULI 2020', NULL, '2020-07-21', 2020, '1595497176_K-K-SBY-2007-363 KAS TGL 21-7-20.pdf', 'pdf', '8,53 MB', 0, 1, 43, 43, '2020-07-23 09:39:36', '2020-07-23 09:39:36', NULL),
(952, 14, 'K-K-SBY-2007-358', 'KAS KELUAR SURABAYA TGL 21 JULI 2020', NULL, '2020-07-21', 2020, '1595497200_K-K-SBY-2007-358 KAS TGL 21-7-20.pdf', 'pdf', '8,41 MB', 0, 1, 43, 43, '2020-07-23 09:40:00', '2020-07-23 09:40:00', NULL),
(953, 14, 'K-K-SBY-2007-362', 'KAS KELUAR SURABAYA TGL 21 JULI  2020', NULL, '2020-07-21', 2020, '1595497203_K-K-SBY-2007-362 TGL 21.07.pdf', 'pdf', '4,09 MB', 0, 1, 46, 46, '2020-07-23 09:40:03', '2020-07-23 09:40:03', NULL),
(954, 14, 'K-K-SBY-2007-355', 'KAS KELUAR SURABAYA TGL 21 JULI 2020', NULL, '2020-07-21', 2020, '1595497222_K-K-SBY-2007-355 KAS TGL 21-7-20.pdf', 'pdf', '1,14 MB', 0, 1, 43, 43, '2020-07-23 09:40:22', '2020-07-23 09:40:22', NULL),
(955, 14, 'K-K-SBY-2007-370', 'KAS KELUAR SURABAYA TGL 21 JULI  2020', NULL, '2020-07-21', 2020, '1595497232_K-K-SBY-2007-370 TGL 21.07.pdf', 'pdf', '19,95 MB', 0, 1, 46, 46, '2020-07-23 09:40:32', '2020-07-23 09:40:32', NULL),
(956, 14, 'M-K-SBY-2007-014', 'KAS MASUK SURABAYA TGL 21 JULI 2020', NULL, '2020-07-21', 2020, '1595497252_M-K-SBY-2007-014 KAS TGL 21-7-20.pdf', 'pdf', '1,7 MB', 0, 1, 43, 43, '2020-07-23 09:40:52', '2020-07-23 09:40:52', NULL),
(957, 14, 'K-K-SBY-2007-373', 'KAS KELUAR SURABAYA TGL 21 JULI  2020', NULL, '2020-07-21', 2020, '1595497259_K-K-SBY-2007-373 TGL 21.07.pdf', 'pdf', '901,82 KB', 0, 1, 46, 46, '2020-07-23 09:40:59', '2020-07-23 09:40:59', NULL),
(958, 14, 'K-K-SBY-2007-374', 'KAS KELUAR SURABAYA TGL 21 JULI  2020', NULL, '2020-07-21', 2020, '1595497318_K-K-SBY-2007-374 TGL 21.07.pdf', 'pdf', '2,78 MB', 0, 1, 46, 46, '2020-07-23 09:41:58', '2020-07-23 09:41:58', NULL),
(959, 14, 'K-K-SBY-2007-405', 'KAS KELUAR SURABAYA TGL 22 JULI  2020', NULL, '2020-07-24', 2020, '1595584750_K-K-SBY-2007-405 TGL 22.07.20.pdf', 'pdf', '1,57 MB', 0, 1, 46, 46, '2020-07-24 09:59:10', '2020-07-24 09:59:10', NULL),
(960, 41, 'PSI-2006-0358', 'FAKTUR PAJAK TGL 05 JUNI 2020', NULL, '2020-06-05', 2020, '1595832884_PSI-2006-0358.pdf', 'pdf', '1,07 MB', 0, 1, 51, 51, '2020-07-27 06:54:44', '2020-07-27 06:54:44', NULL),
(961, 41, 'PSI-2006-0357', 'FAKTUR PAJAK TGL 05 JUNI 2020', NULL, '2020-06-05', 2020, '1595832949_PSI-2006-0357.pdf', 'pdf', '805,08 KB', 0, 1, 51, 51, '2020-07-27 06:55:49', '2020-07-27 06:55:49', NULL),
(962, 41, 'PSI-2006-0356', 'FAKTUR PAJAK TGL 05 JUNI 2020', NULL, '2020-06-05', 2020, '1595832968_PSI-2006-0356.pdf', 'pdf', '791,83 KB', 0, 1, 51, 51, '2020-07-27 06:56:08', '2020-07-27 06:56:08', NULL),
(963, 41, 'PSI-2006-0355', 'FAKTUR PAJAK TGL 05 JUNI 2020', NULL, '2020-06-05', 2020, '1595832995_PSI-2006-0355.pdf', 'pdf', '521,08 KB', 0, 1, 51, 51, '2020-07-27 06:56:35', '2020-07-27 06:56:35', NULL),
(964, 41, 'PSI-2006-0354', 'FAKTUR PAJAK TGL 05 JUNI 2020', NULL, '2020-06-05', 2020, '1595833016_PSI-2006-0354.pdf', 'pdf', '593,67 KB', 0, 1, 51, 51, '2020-07-27 06:56:56', '2020-07-27 06:56:56', NULL),
(965, 41, 'PSI-2006-0353', 'FAKTUR PAJAK TGL 05 JUNI 2020', NULL, '2020-06-05', 2020, '1595833067_PSI-2006-0353.pdf', 'pdf', '1002,9 KB', 0, 1, 51, 51, '2020-07-27 06:57:47', '2020-07-27 06:57:47', NULL),
(966, 41, 'PSI-2006-0352', 'FAKTUR PAJAK TGL 05 JUNI 2020', NULL, '2020-06-05', 2020, '1595833113_PSI-2006-0352.pdf', 'pdf', '1001,58 KB', 0, 1, 51, 51, '2020-07-27 06:58:33', '2020-07-27 06:58:33', NULL),
(967, 41, 'PSI-2006-0351', 'FAKTUR PAJAK TGL 05 JUNI 2020', NULL, '2020-06-05', 2020, '1595833132_PSI-2006-0351.pdf', 'pdf', '846,3 KB', 0, 1, 51, 51, '2020-07-27 06:58:52', '2020-07-27 06:58:52', NULL),
(968, 41, 'PSI-2006-0350', 'FAKTUR PAJAK TGL 05 JUNI 2020', NULL, '2020-06-05', 2020, '1595833166_PSI-2006-0350.pdf', 'pdf', '818,1 KB', 0, 1, 51, 51, '2020-07-27 06:59:26', '2020-07-27 06:59:26', NULL),
(969, 41, 'PSI-2006-0349', 'FAKTUR PAJAK TGL 05 JUNI 2020', NULL, '2020-06-05', 2020, '1595833195_PSI-2006-0349.pdf', 'pdf', '809,11 KB', 0, 1, 51, 51, '2020-07-27 06:59:55', '2020-07-27 06:59:55', NULL),
(970, 41, 'PSI-2006-0334', 'FAKTUR PAJAK TGL 05 JUNI 2020', NULL, '2020-06-05', 2020, '1595833222_PSI-2006-0334.pdf', 'pdf', '1,25 MB', 0, 1, 51, 51, '2020-07-27 07:00:22', '2020-07-27 07:00:22', NULL),
(971, 41, 'PSI-2006-0333', 'FAKTUR PAJAK TGL 05 JUNI 2020', NULL, '2020-06-05', 2020, '1595833246_PSI-2006-0333.pdf', 'pdf', '918,18 KB', 0, 1, 51, 51, '2020-07-27 07:00:46', '2020-07-27 07:00:46', NULL),
(972, 41, 'PSI-2006-0332', 'FAKTUR PAJAK TGL 05 JUNI 2020', NULL, '2020-06-05', 2020, '1595833272_PSI-2006-0332.pdf', 'pdf', '1,18 MB', 0, 1, 51, 51, '2020-07-27 07:01:12', '2020-07-27 07:01:12', NULL),
(973, 41, 'PSI-2006-0328', 'FAKTUR PAJAK TGL 05 JUNI 2020', NULL, '2020-06-05', 2020, '1595833297_PSI-2006-0328.pdf', 'pdf', '680,48 KB', 0, 1, 51, 51, '2020-07-27 07:01:37', '2020-07-27 07:01:37', NULL),
(974, 41, 'PSI-2006-0327', 'FAKTUR PAJAK TGL 05 JUNI 2020', NULL, '2020-06-05', 2020, '1595833323_PSI-2006-0327.pdf', 'pdf', '1,17 MB', 0, 1, 51, 51, '2020-07-27 07:02:03', '2020-07-27 07:02:03', NULL),
(975, 41, 'PSI-2006-0326', 'FAKTUR PAJAK TGL 05 JUNI 2020', NULL, '2020-06-05', 2020, '1595833346_PSI-2006-0326.pdf', 'pdf', '957,74 KB', 0, 1, 51, 51, '2020-07-27 07:02:26', '2020-07-27 07:02:26', NULL),
(976, 41, 'PSI-2006-0325', 'FAKTUR PAJAK TGL 05 JUNI 2020', NULL, '2020-06-05', 2020, '1595833375_PSI-2006-0325.pdf', 'pdf', '615,72 KB', 0, 1, 51, 51, '2020-07-27 07:02:55', '2020-07-27 07:02:55', NULL),
(977, 41, 'PSI-2006-0324', 'FAKTUR PAJAK TGL 05 JUNI 2020', NULL, '2020-06-05', 2020, '1595833396_PSI-2006-0324.pdf', 'pdf', '1,06 MB', 0, 1, 51, 51, '2020-07-27 07:03:16', '2020-07-27 07:03:16', NULL),
(978, 41, 'PSI-2006-0323', 'FAKTUR PAJAK TGL 05 JUNI 2020', NULL, '2020-06-05', 2020, '1595833422_PSI-2006-0323.pdf', 'pdf', '590,98 KB', 0, 1, 51, 51, '2020-07-27 07:03:42', '2020-07-27 07:03:42', NULL),
(979, 41, 'PSI-2006-0322', 'FAKTUR PAJAK TGL 05 JUNI 2020', NULL, '2020-06-05', 2020, '1595833457_PSI-2006-0322.pdf', 'pdf', '620,65 KB', 0, 1, 51, 51, '2020-07-27 07:04:17', '2020-07-27 07:04:17', NULL),
(980, 41, 'PSI-2006-0321', 'FAKTUR PAJAK TGL 05 JUNI 2020', NULL, '2020-06-05', 2020, '1595833481_PSI-2006-0321.pdf', 'pdf', '865,66 KB', 0, 1, 51, 51, '2020-07-27 07:04:41', '2020-07-27 07:04:41', NULL),
(981, 41, 'PSI-2006-0320', 'FAKTUR PAJAK TGL 05 JUNI 2020', NULL, '2020-06-05', 2020, '1595833506_PSI-2006-0320.pdf', 'pdf', '748,21 KB', 0, 1, 51, 51, '2020-07-27 07:05:06', '2020-07-27 07:05:06', NULL),
(982, 41, 'PSI-2006-0313', 'FAKTUR PAJAK TGL 05 JUNI 2020', NULL, '2020-06-05', 2020, '1595833549_PSI-2006-0313.pdf', 'pdf', '1,05 MB', 0, 1, 51, 51, '2020-07-27 07:05:49', '2020-07-27 07:05:49', NULL),
(983, 41, 'PSI-2006-0312', 'FAKTUR PAJAK TGL 05 JUNI 2020', NULL, '2020-06-05', 2020, '1595833588_PSI-2006-0312.pdf', 'pdf', '594,98 KB', 0, 1, 51, 51, '2020-07-27 07:06:28', '2020-07-27 07:06:28', NULL),
(984, 41, 'PSI-2006-0311', 'FAKTUR PAJAK TGL 05 JUNI 2020', NULL, '2020-06-05', 2020, '1595833611_PSI-2006-0311.pdf', 'pdf', '775,09 KB', 0, 1, 51, 51, '2020-07-27 07:06:51', '2020-07-27 07:06:51', NULL),
(985, 41, 'PSI-2006-0310', 'FAKTUR PAJAK TGL 05 JUNI 2020', NULL, '2020-06-05', 2020, '1595833654_PSI-2006-0310.pdf', 'pdf', '629,1 KB', 0, 1, 51, 51, '2020-07-27 07:07:34', '2020-07-27 07:07:34', NULL),
(986, 41, 'PSI-2006-0309', 'FAKTUR PAJAK TGL 05 JUNI 2020', NULL, '2020-06-05', 2020, '1595833683_PSI-2006-0309.pdf', 'pdf', '1,1 MB', 0, 1, 51, 51, '2020-07-27 07:08:03', '2020-07-27 07:08:03', NULL),
(987, 41, 'PSI-2006-0293', 'FAKTUR PAJAK TGL 05 JUNI 2020', NULL, '2020-06-05', 2020, '1595833708_PSI-2006-0293.pdf', 'pdf', '758,54 KB', 0, 1, 51, 51, '2020-07-27 07:08:28', '2020-07-27 07:08:28', NULL),
(988, 41, 'PSI-2006-0292', 'FAKTUR PAJAK TGL 05 JUNI 2020', NULL, '2020-06-05', 2020, '1595833731_PSI-2006-0292.pdf', 'pdf', '701,03 KB', 0, 1, 51, 51, '2020-07-27 07:08:51', '2020-07-27 07:08:51', NULL),
(989, 41, 'PSI-2006-0289', 'FAKTUR PAJAK TGL 05 JUNI 2020', NULL, '2020-06-05', 2020, '1595833755_PSI-2006-0289.pdf', 'pdf', '688,01 KB', 0, 1, 51, 51, '2020-07-27 07:09:15', '2020-07-27 07:09:15', NULL),
(990, 41, 'PSI-2006-0359', 'FAKTUR PAJAK TGL 05 JUNI 2020', NULL, '2020-06-05', 2020, '1595836798_PSI-2006-0359.pdf', 'pdf', '754,6 KB', 0, 1, 51, 51, '2020-07-27 07:59:58', '2020-07-27 07:59:58', NULL),
(991, 16, 'FIN-SBY-2020-VII-0028', 'FIN-SBY-2020-VII-0028 PD KAS TGL 20 JULI', NULL, '2020-07-27', 2020, '1595841542_FIN-SBY-2020-VII-0028 KAS TGL 20 JULI.pdf', 'pdf', '260,53 KB', 0, 1, 46, 46, '2020-07-27 09:19:02', '2020-07-27 09:19:02', NULL),
(992, 15, 'M-PMT-SBY-2007-001', 'BANK PERMATA MASUK', NULL, '2020-07-13', 2020, '1595844086_M-PMT-SBY-2007-001.pdf', 'pdf', '1,28 MB', 0, 1, 60, 60, '2020-07-27 10:01:26', '2020-07-27 10:01:26', NULL),
(993, 15, 'M-PMT-SBY-2007-002', 'BANK PERMATA MASUK', NULL, '2020-07-13', 2020, '1595844113_M-PMT-SBY-2007-002.pdf', 'pdf', '2,32 MB', 0, 1, 60, 60, '2020-07-27 10:01:53', '2020-07-27 10:01:53', NULL),
(994, 15, 'M-PMT-SBY-2007-003', 'BANK PERMATA MASUK', NULL, '2020-07-13', 2020, '1595844131_M-PMT-SBY-2007-003.pdf', 'pdf', '1,53 MB', 0, 1, 60, 60, '2020-07-27 10:02:11', '2020-07-27 10:02:11', NULL),
(995, 15, 'M-PMT-SBY-2007-004', 'BANK PERMATA MASUK', NULL, '2020-07-13', 2020, '1595844155_M-PMT-SBY-2007-004.pdf', 'pdf', '1,47 MB', 0, 1, 60, 60, '2020-07-27 10:02:35', '2020-07-27 10:02:35', NULL),
(996, 15, 'M-PMT-SBY-2007-005', 'BANK PERMATA MASUK', NULL, '2020-07-13', 2020, '1595844183_M-PMT-SBY-2007-005.pdf', 'pdf', '1,99 MB', 0, 1, 60, 60, '2020-07-27 10:03:03', '2020-07-27 10:03:03', NULL),
(997, 15, 'M-PMT-SBY-2007-006', 'BANK PERMATA MASUK', NULL, '2020-07-13', 2020, '1595844203_M-PMT-SBY-2007-006.pdf', 'pdf', '1,74 MB', 0, 1, 60, 60, '2020-07-27 10:03:23', '2020-07-27 10:03:23', NULL),
(998, 15, 'K-PMT-SBY-2007-001 SD K-PMT-SBY-2007-003', 'BANK PERMATA KELUAR', NULL, '2020-07-13', 2020, '1595844228_K-PMT-SBY-2007-001 SD K-PMT-SBY-2007-003.pdf', 'pdf', '1,22 MB', 0, 1, 60, 60, '2020-07-27 10:03:48', '2020-07-27 10:03:48', NULL),
(999, 15, 'KV-MAN-SBY-2007-001 SD KV-MAN-SBY-2007-003', 'VA MAN SBY KELUAR', NULL, '2020-07-10', 2020, '1595844296_KV-MAN-SBY-2007-001 SD KV-MAN-SBY-2007-003.pdf', 'pdf', '908,83 KB', 0, 1, 60, 60, '2020-07-27 10:04:56', '2020-07-27 10:04:56', NULL),
(1000, 15, 'KV-MAN-SBY-2007-004 SD KV-MAN-SBY-2007-008', 'VA MAN SBY KELUAR', NULL, '2020-07-14', 2020, '1595844331_KV-MAN-SBY-2007-004 SD KV-MAN-SBY-2007-008.pdf', 'pdf', '1,51 MB', 0, 1, 60, 60, '2020-07-27 10:05:31', '2020-07-27 10:05:31', NULL),
(1001, 15, 'MV-MAN-SBY-2007-001', 'VA MAN SBY MASUK', NULL, '2020-07-08', 2020, '1595844416_MV-MAN-SBY-2007-001.pdf', 'pdf', '1,06 MB', 0, 1, 60, 60, '2020-07-27 10:06:56', '2020-07-27 10:06:56', NULL),
(1002, 15, 'MV-MAN-SBY-2007-002', 'VA MAN SBY MASUK', NULL, '2020-07-09', 2020, '1595844442_MV-MAN-SBY-2007-002.pdf', 'pdf', '1,94 MB', 0, 1, 60, 60, '2020-07-27 10:07:22', '2020-07-27 10:07:22', NULL),
(1003, 15, 'MV-MAN-SBY-2007-003', 'VA MAN SBY MASUK', NULL, '2020-07-09', 2020, '1595844469_MV-MAN-SBY-2007-003.pdf', 'pdf', '1,3 MB', 0, 1, 60, 60, '2020-07-27 10:07:49', '2020-07-27 10:07:49', NULL),
(1004, 15, 'MV-MAN-SBY-2007-004', 'VA MAN SBY MASUK', NULL, '2020-07-09', 2020, '1595844488_MV-MAN-SBY-2007-004.pdf', 'pdf', '1,46 MB', 0, 1, 60, 60, '2020-07-27 10:08:08', '2020-07-27 10:08:08', NULL),
(1005, 15, 'MV-MAN-SBY-2007-005', 'VA MAN SBY MASUK', NULL, '2020-07-13', 2020, '1595844509_MV-MAN-SBY-2007-005.pdf', 'pdf', '1,65 MB', 0, 1, 60, 60, '2020-07-27 10:08:29', '2020-07-27 10:08:29', NULL),
(1006, 15, 'MV-MAN-SBY-2007-006', 'VA MAN SBY MASUK', NULL, '2020-07-14', 2020, '1595844530_MV-MAN-SBY-2007-006.pdf', 'pdf', '1,63 MB', 0, 1, 60, 60, '2020-07-27 10:08:50', '2020-07-27 10:08:50', NULL),
(1007, 15, 'MV-MAN-SBY-2007-007', 'VA MAN SBY MASUK', NULL, '2020-07-13', 2020, '1595844546_MV-MAN-SBY-2007-007.pdf', 'pdf', '1,32 MB', 0, 1, 60, 60, '2020-07-27 10:09:06', '2020-07-27 10:09:06', NULL),
(1008, 15, 'MV-MAN-SBY-2007-008', 'VA MAN SBY MASUK', NULL, '2020-07-13', 2020, '1595844565_MV-MAN-SBY-2007-008.pdf', 'pdf', '1,26 MB', 0, 1, 60, 60, '2020-07-27 10:09:25', '2020-07-27 10:09:25', NULL),
(1009, 15, 'MV-MAN-SBY-2007-009', 'VA MAN SBY MASUK', NULL, '2020-07-14', 2020, '1595844587_MV-MAN-SBY-2007-009.pdf', 'pdf', '2,18 MB', 0, 1, 60, 60, '2020-07-27 10:09:47', '2020-07-27 10:09:47', NULL),
(1010, 15, 'MV-MAN-SBY-2007-010', 'VA MAN SBY MASUK', NULL, '2020-07-13', 2020, '1595844610_MV-MAN-SBY-2007-0010.pdf', 'pdf', '1,24 MB', 0, 1, 60, 60, '2020-07-27 10:10:10', '2020-07-27 10:10:10', NULL),
(1011, 15, 'MV-MAN-SBY-2007-011', 'VA MAN SBY MASUK', NULL, '2020-07-14', 2020, '1595844635_MV-MAN-SBY-2007-0011.pdf', 'pdf', '1,6 MB', 0, 1, 60, 60, '2020-07-27 10:10:35', '2020-07-27 10:10:35', NULL),
(1012, 15, 'KV-BNI-SBY-2007-001 SD KV-BNI-SBY-2007-004', 'VA BNI SBY KELUAR', NULL, '2020-07-10', 2020, '1595924431_KV-BNI-SBY-2007-001 SD KV-BNI-SBY-2007-004.pdf', 'pdf', '1,1 MB', 0, 1, 60, 60, '2020-07-28 08:20:31', '2020-07-28 08:20:31', NULL),
(1013, 15, 'KV-BNI-SBY-2007-005  SD KV-BNI-SBY-2007-006', 'VA BNI SBY KELUAR', NULL, '2020-07-14', 2020, '1595924455_KV-BNI-SBY-2007-005  SD KV-BNI-SBY-2007-006.pdf', 'pdf', '762,63 KB', 0, 1, 60, 60, '2020-07-28 08:20:55', '2020-07-28 08:20:55', NULL),
(1014, 15, 'MV-BNI-SBY-2007-001', 'VA BNI SBY MASUK', NULL, '2020-07-09', 2020, '1595924488_MV-BNI-SBY-2007-001.pdf', 'pdf', '1,27 MB', 0, 1, 60, 60, '2020-07-28 08:21:28', '2020-07-28 08:21:28', NULL),
(1015, 15, 'MV-BNI-SBY-2007-002', 'VA BNI SBY MASUK', NULL, '2020-07-09', 2020, '1595924508_MV-BNI-SBY-2007-002.pdf', 'pdf', '1,27 MB', 0, 1, 60, 60, '2020-07-28 08:21:48', '2020-07-28 08:21:48', NULL),
(1016, 15, 'MV-BNI-SBY-2007-003', 'VA BNI SBY MASUK', NULL, '2020-07-09', 2020, '1595924528_MV-BNI-SBY-2007-003.pdf', 'pdf', '1,58 MB', 0, 1, 60, 60, '2020-07-28 08:22:08', '2020-07-28 08:22:08', NULL),
(1017, 15, 'MV-BNI-SBY-2007-004', 'VA BNI SBY MASUK', NULL, '2020-07-09', 2020, '1595924547_MV-BNI-SBY-2007-004.pdf', 'pdf', '1,3 MB', 0, 1, 60, 60, '2020-07-28 08:22:27', '2020-07-28 08:22:27', NULL),
(1018, 15, 'MV-BNI-SBY-2007-005', 'VA BNI SBY MASUK', NULL, '2020-07-14', 2020, '1595924573_MV-BNI-SBY-2007-005.pdf', 'pdf', '1,54 MB', 0, 1, 60, 60, '2020-07-28 08:22:53', '2020-07-28 08:22:53', NULL),
(1019, 15, 'MV-BNI-SBY-2007-006', 'VA BNI SBY MASUK', NULL, '2020-07-14', 2020, '1595924596_MV-BNI-SBY-2007-006.pdf', 'pdf', '1012,85 KB', 0, 1, 60, 60, '2020-07-28 08:23:16', '2020-07-28 08:23:16', NULL),
(1020, 15, 'MV-BNI-SBY-2007-007', 'VA BNI SBY MASUK', NULL, '2020-07-14', 2020, '1595924657_MV-BNI-SBY-2007-007.pdf', 'pdf', '1,71 MB', 0, 1, 60, 60, '2020-07-28 08:24:17', '2020-07-28 08:24:17', NULL),
(1021, 15, 'MV-BNI-SBY-2007-008', 'VA BNI SBY MASUK', NULL, '2020-07-14', 2020, '1595924680_MV-BNI-SBY-2007-008.pdf', 'pdf', '1,11 MB', 0, 1, 60, 60, '2020-07-28 08:24:40', '2020-07-28 08:24:40', NULL),
(1022, 15, 'MV-BNI-SBY-2007-009', 'VA BNI SBY MASUK', NULL, '2020-07-14', 2020, '1595924696_MV-BNI-SBY-2007-009.pdf', 'pdf', '1,23 MB', 0, 1, 60, 60, '2020-07-28 08:24:56', '2020-07-28 08:24:56', NULL),
(1023, 15, 'MV-BNI-SBY-2007-010', 'VA BNI SBY MASUK', NULL, '2020-07-14', 2020, '1595924713_MV-BNI-SBY-2007-010.pdf', 'pdf', '5,07 MB', 0, 1, 60, 60, '2020-07-28 08:25:13', '2020-07-28 08:25:13', NULL),
(1024, 15, 'KV-BCA-SBY-2007-001 SD KV-BCA-SBY-2007-003', 'VA BCA SBY KELUAR', NULL, '2020-07-10', 2020, '1595924764_KV-BCA-SBY-2007-001 SD KV-BCA-SBY-2007-003.pdf', 'pdf', '816,53 KB', 0, 1, 60, 60, '2020-07-28 08:26:04', '2020-07-28 08:26:04', NULL),
(1025, 15, 'KV-BCA-SBY-2007-004 SD KV-BCA-SBY-2007-009', 'VA BCA SBY KELUAR', NULL, '2020-07-14', 2020, '1595924801_KV-BCA-SBY-2007-004 SD KV-BCA-SBY-2007-009.pdf', 'pdf', '1,51 MB', 0, 1, 60, 60, '2020-07-28 08:26:41', '2020-07-28 08:26:41', NULL),
(1026, 15, 'MV-BCA-SBY-2007-001', 'VA BCA SBY MASUK', NULL, '2020-07-09', 2020, '1595924836_MV-BCA-SBY-2007-001.pdf', 'pdf', '1,19 MB', 0, 1, 60, 60, '2020-07-28 08:27:16', '2020-07-28 08:27:16', NULL),
(1027, 15, 'MV-BCA-SBY-2007-002', 'VA BCA SBY MASUK', NULL, '2020-07-09', 2020, '1595924858_MV-BCA-SBY-2007-002.pdf', 'pdf', '2,73 MB', 0, 1, 60, 60, '2020-07-28 08:27:38', '2020-07-28 08:27:38', NULL),
(1028, 15, 'MV-BCA-SBY-2007-003', 'VA BCA SBY MASUK', NULL, '2020-07-14', 2020, '1595924875_MV-BCA-SBY-2007-003.pdf', 'pdf', '1,37 MB', 0, 1, 60, 60, '2020-07-28 08:27:55', '2020-07-28 08:27:55', NULL),
(1029, 15, 'MV-BCA-SBY-2007-004', 'VA BCA SBY MASUK', NULL, '2020-07-14', 2020, '1595924892_MV-BCA-SBY-2007-004.pdf', 'pdf', '1,92 MB', 0, 1, 60, 60, '2020-07-28 08:28:12', '2020-07-28 08:28:12', NULL),
(1030, 15, 'MV-BCA-SBY-2007-005', 'VA BCA SBY MASUK', NULL, '2020-07-14', 2020, '1595924910_MV-BCA-SBY-2007-005.pdf', 'pdf', '1,28 MB', 0, 1, 60, 60, '2020-07-28 08:28:30', '2020-07-28 08:28:30', NULL),
(1031, 15, 'MV-BCA-SBY-2007-006', 'VA BCA SBY MASUK', NULL, '2020-07-14', 2020, '1595924925_MV-BCA-SBY-2007-006.pdf', 'pdf', '4,35 MB', 0, 1, 60, 60, '2020-07-28 08:28:45', '2020-07-28 08:28:45', NULL),
(1032, 15, 'MV-BCA-SBY-2007-007', 'VA BCA SBY MASUK', NULL, '2020-07-14', 2020, '1595924942_MV-BCA-SBY-2007-007.pdf', 'pdf', '1,09 MB', 0, 1, 60, 60, '2020-07-28 08:29:02', '2020-07-28 08:29:02', NULL),
(1033, 15, 'KV-BCA-DPS-2007-001 SD KV-BCA-DPS-2007-002', 'VA BCA DPS KELUAR', NULL, '2020-07-10', 2020, '1596007547_KV-BCA-DPS-2007-001 SD KV-BCA-DPS-2007-002.pdf', 'pdf', '575,76 KB', 0, 1, 60, 60, '2020-07-29 07:25:47', '2020-07-29 07:25:47', NULL),
(1034, 15, 'KV-BCA-DPS-2007-003 SD KV-BCA-DPS-2007-004', 'VA BCA DPS KELUAR', NULL, '2020-07-14', 2020, '1596007570_KV-BCA-DPS-2007-003 SD KV-BCA-DPS-2007-004.pdf', 'pdf', '601,85 KB', 0, 1, 60, 60, '2020-07-29 07:26:10', '2020-07-29 07:26:10', NULL),
(1035, 15, 'MV-BCA-DPS-2007-001', 'VA BCA DPS MASUK', NULL, '2020-07-10', 2020, '1596007605_MV-BCA-DPS-2007-001.pdf', 'pdf', '1,25 MB', 0, 1, 60, 60, '2020-07-29 07:26:45', '2020-07-29 07:26:45', NULL),
(1036, 15, 'MV-BCA-DPS-2007-002', 'VA BCA DPS MASUK', NULL, '2020-07-13', 2020, '1596007626_MV-BCA-DPS-2007-002.pdf', 'pdf', '2,51 MB', 0, 1, 60, 60, '2020-07-29 07:27:06', '2020-07-29 07:27:06', NULL),
(1037, 15, 'KV-BNI-DPS-2007-001 SD KV-BNI-DPS-2007-002', 'VA BNI DPS KELUAR', NULL, '2020-07-08', 2020, '1596007648_KV-BNI-DPS-2007-001 SD KV-BNI-DPS-2007-002.pdf', 'pdf', '791,29 KB', 0, 1, 60, 60, '2020-07-29 07:27:28', '2020-07-29 07:27:28', NULL),
(1038, 15, 'KV-BNI-DPS-2007-003', 'VA BNI DPS KELUAR', NULL, '2020-07-14', 2020, '1596007685_KV-BNI-DPS-2007-003.pdf', 'pdf', '441 KB', 0, 1, 60, 60, '2020-07-29 07:28:05', '2020-07-29 07:28:05', NULL),
(1039, 15, 'MV-BNI-DPS-2007-001', 'VA BNI DPS MASUK', NULL, '2020-07-08', 2020, '1596007728_MV-BNI-DPS-2007-001.pdf', 'pdf', '2,91 MB', 0, 1, 60, 60, '2020-07-29 07:28:48', '2020-07-29 07:28:48', NULL),
(1040, 15, 'MV-BNI-DPS-2007-002', 'VA BNI DPS MASUK', NULL, '2020-07-08', 2020, '1596007764_MV-BNI-DPS-2007-002.pdf', 'pdf', '2,33 MB', 0, 1, 60, 60, '2020-07-29 07:29:24', '2020-07-29 07:29:24', NULL),
(1041, 15, 'MV-BNI-DPS-2007-003', 'VA BNI DPS MASUK', NULL, '2020-07-08', 2020, '1596007787_MV-BNI-DPS-2007-003.pdf', 'pdf', '2,02 MB', 0, 1, 60, 60, '2020-07-29 07:29:47', '2020-07-29 07:29:47', NULL),
(1042, 15, 'M-BNI-JKT-2007-025', 'BANK  BNI JKT', NULL, '2020-07-02', 2020, '1596007812_M-BNI-JKT-2007-025.pdf', 'pdf', '2,2 MB', 0, 1, 60, 60, '2020-07-29 07:30:12', '2020-07-29 07:30:12', NULL),
(1043, 15, 'M-BNI-JKT-2007-026', 'BANK  BNI JKT', NULL, '2020-07-03', 2020, '1596007837_M-BNI-JKT-2007-026.pdf', 'pdf', '1,65 MB', 0, 1, 60, 60, '2020-07-29 07:30:37', '2020-07-29 07:30:37', NULL),
(1044, 15, 'M-BNI-JKT-2007-027', 'BANK  BNI JKT', NULL, '2020-07-03', 2020, '1596007858_M-BNI-JKT-2007-027.pdf', 'pdf', '1,63 MB', 0, 1, 60, 60, '2020-07-29 07:30:58', '2020-07-29 07:30:58', NULL),
(1045, 15, 'M-BNI-JKT-2007-028', 'BANK  BNI JKT', NULL, '2020-07-03', 2020, '1596007876_M-BNI-JKT-2007-028.pdf', 'pdf', '1,35 MB', 0, 1, 60, 60, '2020-07-29 07:31:16', '2020-07-29 07:31:16', NULL),
(1046, 15, 'M-BNI-JKT-2007-035', 'BANK  BNI JKT', NULL, '2020-07-07', 2020, '1596007896_M-BNI-JKT-2007-035.pdf', 'pdf', '2,45 MB', 0, 1, 60, 60, '2020-07-29 07:31:36', '2020-07-29 07:31:36', NULL),
(1047, 15, 'M-BNI-JKT-2007-036', 'BANK  BNI JKT', NULL, '2020-07-08', 2020, '1596007921_M-BNI-JKT-2007-036.pdf', 'pdf', '1,81 MB', 0, 1, 60, 60, '2020-07-29 07:32:01', '2020-07-29 07:32:01', NULL),
(1048, 15, 'M-BNI-JKT-2007-037', 'BANK  BNI JKT', NULL, '2020-07-08', 2020, '1596007940_M-BNI-JKT-2007-037.pdf', 'pdf', '1,19 MB', 0, 1, 60, 60, '2020-07-29 07:32:20', '2020-07-29 07:32:20', NULL),
(1049, 15, 'M-BNI-JKT-2007-058', 'BANK  BNI JKT', NULL, '2020-07-03', 2020, '1596007961_M-BNI-JKT-2007-058.pdf', 'pdf', '831,5 KB', 0, 1, 60, 60, '2020-07-29 07:32:41', '2020-07-29 07:42:20', NULL),
(1050, 15, 'M-BNI-JKT-2007-088', 'BANK  BNI JKT', NULL, '2020-07-14', 2020, '1596008005_M-BNI-JKT-2007-088.pdf', 'pdf', '1,19 MB', 0, 1, 60, 60, '2020-07-29 07:33:25', '2020-07-29 07:33:25', NULL),
(1051, 15, 'M-BNI-JKT-2007-089', 'BANK  BNI JKT', NULL, '2020-07-13', 2020, '1596008028_M-BNI-JKT-2007-089.pdf', 'pdf', '1,33 MB', 0, 1, 60, 60, '2020-07-29 07:33:48', '2020-07-29 07:33:48', NULL),
(1052, 15, 'M-BNI-JKT-2007-090', 'BANK  BNI JKT', NULL, '2020-07-13', 2020, '1596008046_M-BNI-JKT-2007-090.pdf', 'pdf', '1,08 MB', 0, 1, 60, 60, '2020-07-29 07:34:06', '2020-07-29 07:34:06', NULL),
(1053, 15, 'M-BNI-JKT-2007-091', 'BANK  BNI JKT', NULL, '2020-07-13', 2020, '1596008070_M-BNI-JKT-2007-091.pdf', 'pdf', '1,69 MB', 0, 1, 60, 60, '2020-07-29 07:34:30', '2020-07-29 07:34:30', NULL),
(1054, 15, 'M-BNI-JKT-2007-092', 'BANK  BNI JKT', NULL, '2020-07-13', 2020, '1596008089_M-BNI-JKT-2007-092.pdf', 'pdf', '1,67 MB', 0, 1, 60, 60, '2020-07-29 07:34:49', '2020-07-29 07:34:49', NULL),
(1055, 15, 'M-BNI-JKT-2007-093', 'BANK  BNI JKT', NULL, '2020-07-13', 2020, '1596008136_M-BNI-JKT-2007-093.pdf', 'pdf', '1,08 MB', 0, 1, 60, 60, '2020-07-29 07:35:36', '2020-07-29 07:35:36', NULL),
(1056, 15, 'M-JTM-SBY-2007-041', 'BANK JATIM MASUK', NULL, '2020-07-15', 2020, '1596421016_M-JTM-SBY-2007-041.pdf', 'pdf', '1,87 MB', 0, 1, 60, 60, '2020-08-03 02:16:56', '2020-08-03 02:16:56', NULL),
(1057, 15, 'M-JTM-SBY-2007-042', 'BANK JATIM MASUK', NULL, '2020-07-15', 2020, '1596421040_M-JTM-SBY-2007-042.pdf', 'pdf', '1,13 MB', 0, 1, 60, 60, '2020-08-03 02:17:20', '2020-08-03 02:17:20', NULL),
(1058, 15, 'M-JTM-SBY-2007-043', 'BANK JATIM MASUK', NULL, '2020-07-15', 2020, '1596421057_M-JTM-SBY-2007-043.pdf', 'pdf', '1,77 MB', 0, 1, 60, 60, '2020-08-03 02:17:37', '2020-08-03 02:17:37', NULL),
(1059, 15, 'M-JTM-SBY-2007-044', 'BANK JATIM MASUK', NULL, '2020-07-15', 2020, '1596421076_M-JTM-SBY-2007-044.pdf', 'pdf', '1,42 MB', 0, 1, 60, 60, '2020-08-03 02:17:56', '2020-08-03 02:17:56', NULL),
(1060, 15, 'M-JTM-SBY-2007-045', 'BANK JATIM MASUK', NULL, '2020-07-15', 2020, '1596421096_M-JTM-SBY-2007-045.pdf', 'pdf', '1,43 MB', 0, 1, 60, 60, '2020-08-03 02:18:16', '2020-08-03 02:18:16', NULL),
(1061, 15, 'M-JTM-SBY-2007-046', 'BANK JATIM MASUK', NULL, '2020-07-15', 2020, '1596421116_M-JTM-SBY-2007-046.pdf', 'pdf', '1,39 MB', 0, 1, 60, 60, '2020-08-03 02:18:36', '2020-08-03 02:18:36', NULL),
(1062, 15, 'M-JTM-SBY-2007-047', 'BANK JATIM MASUK', NULL, '2020-07-17', 2020, '1596421149_M-JTM-SBY-2007-047.pdf', 'pdf', '1,41 MB', 0, 1, 60, 60, '2020-08-03 02:19:09', '2020-08-03 02:19:09', NULL),
(1063, 15, 'M-JTM-SBY-2007-048', 'BANK JATIM MASUK', NULL, '2020-07-17', 2020, '1596421173_M-JTM-SBY-2007-048.pdf', 'pdf', '3 MB', 0, 1, 60, 60, '2020-08-03 02:19:33', '2020-08-03 02:19:33', NULL),
(1064, 15, 'M-JTM-SBY-2007-049', 'BANK JATIM MASUK', NULL, '2020-07-17', 2020, '1596421196_M-JTM-SBY-2007-049.pdf', 'pdf', '1,38 MB', 0, 1, 60, 60, '2020-08-03 02:19:56', '2020-08-03 02:19:56', NULL),
(1065, 15, 'M-JTM-SBY-2007-050', 'BANK JATIM MASUK', NULL, '2020-07-17', 2020, '1596421216_M-JTM-SBY-2007-050.pdf', 'pdf', '5,12 MB', 0, 1, 60, 60, '2020-08-03 02:20:16', '2020-08-03 02:20:16', NULL),
(1066, 15, 'M-JTM-SBY-2007-051', 'BANK JATIM MASUK', NULL, '2020-07-21', 2020, '1596421288_M-JTM-SBY-2007-051.pdf', 'pdf', '1,52 MB', 0, 1, 60, 60, '2020-08-03 02:21:28', '2020-08-03 02:21:28', NULL),
(1067, 15, 'M-JTM-SBY-2007-052', 'BANK JATIM MASUK', NULL, '2020-07-20', 2020, '1596421309_M-JTM-SBY-2007-052.pdf', 'pdf', '1,91 MB', 0, 1, 60, 60, '2020-08-03 02:21:49', '2020-08-03 02:21:49', NULL),
(1068, 15, 'M-JTM-SBY-2007-053', 'BANK JATIM MASUK', NULL, '2020-07-20', 2020, '1596421328_M-JTM-SBY-2007-053.pdf', 'pdf', '1,61 MB', 0, 1, 60, 60, '2020-08-03 02:22:08', '2020-08-03 02:22:08', NULL),
(1069, 15, 'M-JTM-SBY-2007-054', 'BANK JATIM MASUK', NULL, '2020-07-20', 2020, '1596421345_M-JTM-SBY-2007-054.pdf', 'pdf', '1,27 MB', 0, 1, 60, 60, '2020-08-03 02:22:25', '2020-08-03 02:22:25', NULL),
(1070, 15, 'M-JTM-SBY-2007-055', 'BANK JATIM MASUK', NULL, '2020-07-20', 2020, '1596421374_M-JTM-SBY-2007-055.pdf', 'pdf', '1,3 MB', 0, 1, 60, 60, '2020-08-03 02:22:54', '2020-08-03 02:22:54', NULL),
(1071, 15, 'M-JTM-SBY-2007-056', 'BANK JATIM MASUK', NULL, '2020-07-20', 2020, '1596421393_M-JTM-SBY-2007-056.pdf', 'pdf', '1,31 MB', 0, 1, 60, 60, '2020-08-03 02:23:13', '2020-08-03 02:23:13', NULL),
(1072, 15, 'M-JTM-SBY-2007-057', 'BANK JATIM MASUK', NULL, '2020-07-20', 2020, '1596421414_M-JTM-SBY-2007-057.pdf', 'pdf', '1,29 MB', 0, 1, 60, 60, '2020-08-03 02:23:34', '2020-08-03 02:23:34', NULL),
(1073, 15, 'M-JTM-SBY-2007-058', 'BANK JATIM MASUK', NULL, '2020-07-20', 2020, '1596421431_M-JTM-SBY-2007-058.pdf', 'pdf', '1,29 MB', 0, 1, 60, 60, '2020-08-03 02:23:51', '2020-08-03 02:23:51', NULL),
(1074, 15, 'M-JTM-SBY-2007-059', 'BANK JATIM MASUK', NULL, '2020-07-20', 2020, '1596421449_M-JTM-SBY-2007-059.pdf', 'pdf', '1,25 MB', 0, 1, 60, 60, '2020-08-03 02:24:09', '2020-08-03 02:24:09', NULL),
(1075, 15, 'M-JTM-SBY-2007-060', 'BANK JATIM MASUK', NULL, '2020-07-20', 2020, '1596421466_M-JTM-SBY-2007-060.pdf', 'pdf', '1,31 MB', 0, 1, 60, 60, '2020-08-03 02:24:26', '2020-08-03 02:24:26', NULL),
(1076, 15, 'M-JTM-SBY-2007-061', 'BANK JATIM MASUK', NULL, '2020-07-21', 2020, '1596421511_M-JTM-SBY-2007-061.pdf', 'pdf', '1,59 MB', 0, 1, 60, 60, '2020-08-03 02:25:11', '2020-08-03 02:25:11', NULL),
(1077, 15, 'M-JTM-SBY-2007-062', 'BANK JATIM MASUK', NULL, '2020-07-21', 2020, '1596421532_M-JTM-SBY-2007-062.pdf', 'pdf', '1,59 MB', 0, 1, 60, 60, '2020-08-03 02:25:32', '2020-08-03 02:25:32', NULL),
(1078, 15, 'M-JTM-SBY-2007-063', 'BANK JATIM MASUK', NULL, '2020-07-21', 2020, '1596421565_M-JTM-SBY-2007-063.pdf', 'pdf', '1,4 MB', 0, 1, 60, 60, '2020-08-03 02:26:05', '2020-08-03 02:26:33', NULL),
(1079, 15, 'M-JTM-SBY-2007-064', 'BANK JATIM MASUK', NULL, '2020-07-21', 2020, '1596421582_M-JTM-SBY-2007-064.pdf', 'pdf', '1,43 MB', 0, 1, 60, 60, '2020-08-03 02:26:22', '2020-08-03 02:26:22', NULL),
(1080, 15, 'M-JTM-SBY-2007-065', 'BANK JATIM MASUK', NULL, '2020-07-21', 2020, '1596421632_M-JTM-SBY-2007-065.pdf', 'pdf', '1,18 MB', 0, 1, 60, 60, '2020-08-03 02:27:12', '2020-08-03 02:27:12', NULL),
(1081, 15, 'M-JTM-SBY-2007-066', 'BANK JATIM MASUK', NULL, '2020-07-21', 2020, '1596421651_M-JTM-SBY-2007-066.pdf', 'pdf', '1,66 MB', 0, 1, 60, 60, '2020-08-03 02:27:31', '2020-08-03 02:27:31', NULL),
(1082, 15, 'M-JTM-SBY-2007-067', 'BANK JATIM MASUK', NULL, '2020-07-21', 2020, '1596421674_M-JTM-SBY-2007-067.pdf', 'pdf', '1,17 MB', 0, 1, 60, 60, '2020-08-03 02:27:54', '2020-08-03 02:27:54', NULL),
(1083, 15, 'M-JTM-SBY-2007-068', 'BANK JATIM MASUK', NULL, '2020-07-21', 2020, '1596421695_M-JTM-SBY-2007-068.pdf', 'pdf', '3,24 MB', 0, 1, 60, 60, '2020-08-03 02:28:15', '2020-08-03 02:28:15', NULL),
(1084, 15, 'M-JTM-SBY-2007-069', 'BANK JATIM MASUK', NULL, '2020-07-21', 2020, '1596421721_M-JTM-SBY-2007-069.pdf', 'pdf', '1,16 MB', 0, 1, 60, 60, '2020-08-03 02:28:41', '2020-08-03 02:28:41', NULL),
(1085, 15, 'M-JTM-SBY-2007-070', 'BANK JATIM MASUK', NULL, '2020-07-22', 2020, '1596421741_M-JTM-SBY-2007-070.pdf', 'pdf', '1,21 MB', 0, 1, 60, 60, '2020-08-03 02:29:01', '2020-08-03 02:29:01', NULL),
(1086, 15, 'M-JTM-SBY-2007-071', 'BANK JATIM MASUK', NULL, '2020-07-22', 2020, '1596421763_M-JTM-SBY-2007-071.pdf', 'pdf', '1,2 MB', 0, 1, 60, 60, '2020-08-03 02:29:23', '2020-08-03 02:29:23', NULL),
(1087, 15, 'M-JTM-SBY-2007-072', 'BANK JATIM MASUK', NULL, '2020-07-22', 2020, '1596421778_M-JTM-SBY-2007-072.pdf', 'pdf', '1,45 MB', 0, 1, 60, 60, '2020-08-03 02:29:38', '2020-08-03 02:29:38', NULL),
(1088, 15, 'M-JTM-SBY-2007-073', 'BANK JATIM MASUK', NULL, '2020-07-22', 2020, '1596421796_M-JTM-SBY-2007-073.pdf', 'pdf', '2,73 MB', 0, 1, 60, 60, '2020-08-03 02:29:56', '2020-08-03 02:29:56', NULL),
(1089, 15, 'M-JTM-SBY-2007-074', 'BANK JATIM MASUK', NULL, '2020-07-22', 2020, '1596421814_M-JTM-SBY-2007-074.pdf', 'pdf', '1,17 MB', 0, 1, 60, 60, '2020-08-03 02:30:14', '2020-08-03 02:30:14', NULL),
(1090, 15, 'M-JTM-SBY-2007-075', 'BANK JATIM MASUK', NULL, '2020-07-22', 2020, '1596421831_M-JTM-SBY-2007-075.pdf', 'pdf', '1,23 MB', 0, 1, 60, 60, '2020-08-03 02:30:31', '2020-08-03 02:30:31', NULL),
(1091, 42, 'JATIM JULI 2020', 'BANK JATIM', NULL, '2020-07-31', 2020, '1596422734_RK JATIM JULI 2020.pdf', 'pdf', '105,09 KB', 0, 1, 60, 60, '2020-08-03 02:45:34', '2020-08-03 02:48:27', NULL),
(1092, 42, 'BNI JULI SBY 2020', 'BANK  BNI SBY', NULL, '2020-07-31', 2020, '1596422876_BNI JULI SBY 2020.pdf', 'pdf', '34,08 KB', 0, 1, 60, 60, '2020-08-03 02:47:56', '2020-08-03 02:49:48', NULL),
(1093, 42, 'BNI JULI DPS 2020', 'BANK  BNI DPS', NULL, '2020-07-31', 2020, '1596422937_BNI JULI DPS 2020.pdf', 'pdf', '21,88 KB', 0, 1, 60, 60, '2020-08-03 02:48:57', '2020-08-03 02:49:39', NULL),
(1094, 42, 'MAND SBY JULI 2020', 'BANK MAND SBY', NULL, '2020-07-31', 2020, '1596422964_MAND SBY JULI 2020.pdf', 'pdf', '43,69 KB', 0, 1, 60, 60, '2020-08-03 02:49:24', '2020-08-03 02:49:57', NULL),
(1095, 14, 'GJ-DPS-2007-C001', 'KAS KELUAR SURABAYA TGL 23 Juli  2020', NULL, '2020-07-23', 2020, '1596431917_GJ-DPS-2007-C001 TGL 23.03.pdf', 'pdf', '28,8 MB', 0, 1, 46, 46, '2020-08-03 05:18:37', '2020-08-03 05:18:37', NULL),
(1096, 14, 'GJ-SBY-2007-C0018', 'KAS KELUAR SURABAYA TGL 23 Juli  2020', NULL, '2020-07-23', 2020, '1596431984_GJ-SBY-2007-C0018 TGL 23.03.pdf', 'pdf', '6,23 MB', 0, 1, 46, 46, '2020-08-03 05:19:44', '2020-08-03 05:19:44', NULL),
(1097, 14, 'GJ-SBY-2007-C0019', 'KAS KELUAR SURABAYA TGL 23 JULI  2020', NULL, '2020-07-23', 2020, '1596432030_GJ-SBY-2007-C0019 TGL 23.03.pdf', 'pdf', '2,25 MB', 0, 1, 46, 46, '2020-08-03 05:20:30', '2020-08-03 05:20:30', NULL),
(1098, 14, 'GJ-SBY-2007-C0020', 'KAS KELUAR SURABAYA TGL 23 JULI  2020', NULL, '2020-07-23', 2020, '1596432072_GJ-SBY-2007-C0020 TGL 23.03.pdf', 'pdf', '8,14 MB', 0, 1, 46, 46, '2020-08-03 05:21:12', '2020-08-03 05:21:12', NULL),
(1099, 14, 'GJ-SBY-2007-C0021', 'KAS KELUAR SURABAYA TGL 23 JULI  2020', NULL, '2020-07-23', 2020, '1596432134_GJ-SBY-2007-C0021 TGL 23.03.pdf', 'pdf', '6,64 MB', 0, 1, 46, 46, '2020-08-03 05:22:14', '2020-08-03 05:22:14', NULL),
(1100, 14, 'GJ-SBY-2007-C0022', 'KAS KELUAR SURABAYA TGL 23 JULI  2020', NULL, '2020-07-23', 2020, '1596432206_GJ-SBY-2007-C0022 TGL 23.03.pdf', 'pdf', '10,2 MB', 0, 1, 46, 46, '2020-08-03 05:23:26', '2020-08-03 05:23:26', NULL),
(1101, 14, 'K-K-DPS-2007-064', 'KAS KELUAR DPS TGL 23 JULI  2020', NULL, '2020-07-23', 2020, '1596432242_K-K-DPS-2007-064 TGL 23.03.pdf', 'pdf', '4,08 MB', 0, 1, 46, 46, '2020-08-03 05:24:02', '2020-08-03 05:24:02', NULL),
(1102, 14, 'K-K-DPS-2007-065', 'KAS KELUAR DPS TGL 23 JULI  2020', NULL, '2020-07-23', 2020, '1596432275_K-K-DPS-2007-065 TGL 23.03.pdf', 'pdf', '5,29 MB', 0, 1, 46, 46, '2020-08-03 05:24:35', '2020-08-03 05:24:35', NULL),
(1103, 14, 'K-K-DPS-2007-066', 'KAS KELUAR DPS TGL 23 JULI  2020', NULL, '2020-07-23', 2020, '1596432351_K-K-DPS-2007-066 TGL 23.03.pdf', 'pdf', '13,91 MB', 0, 1, 46, 46, '2020-08-03 05:25:51', '2020-08-03 05:25:51', NULL),
(1104, 14, 'K-K-DPS-2007-067', 'BANK KELUAR DPS TGL 23 Juli  2020', NULL, '2020-07-23', 2020, '1596432389_K-K-DPS-2007-067 TGL 23.03.pdf', 'pdf', '2,81 MB', 0, 1, 46, 46, '2020-08-03 05:26:29', '2020-08-03 05:26:29', NULL),
(1105, 14, 'K-K-SBY-2004-406', 'KAS KELUAR SURABAYA TGL 23 Juli  2020', NULL, '2020-07-23', 2020, '1596432433_K-K-SBY-2007-406 TGL 23.03.pdf', 'pdf', '15,36 MB', 0, 1, 46, 46, '2020-08-03 05:27:13', '2020-08-03 05:27:13', NULL),
(1106, 14, 'K-K-SBY-2007-407', 'KAS KELUAR SURABAYA TGL 23 JULI  2020', NULL, '2020-07-23', 2020, '1596432480_K-K-SBY-2007-407 TGL 23.03.pdf', 'pdf', '2,98 MB', 0, 1, 46, 46, '2020-08-03 05:28:00', '2020-08-03 05:28:00', NULL),
(1107, 14, 'K-K-SBY-2007-408', 'KAS KELUAR SURABAYA TGL 23 JULI  2020', NULL, '2020-07-23', 2020, '1596432540_K-K-SBY-2007-408 TGL 23.03.pdf', 'pdf', '7,36 MB', 0, 1, 46, 46, '2020-08-03 05:29:00', '2020-08-03 05:29:00', NULL),
(1108, 14, 'K-K-SBY-2007-409', 'KAS KELUAR SURABAYA TGL 23 JULI  2020', NULL, '2020-07-23', 2020, '1596432566_K-K-SBY-2007-409 TGL 23.03.pdf', 'pdf', '10,07 MB', 0, 1, 46, 46, '2020-08-03 05:29:26', '2020-08-03 05:29:26', NULL),
(1109, 14, 'K-K-SBY-2007-410', 'KAS KELUAR SURABAYA TGL 23 JULI  2020', NULL, '2020-07-23', 2020, '1596432592_K-K-SBY-2007-410 TGL 23.03.pdf', 'pdf', '19,83 MB', 0, 1, 46, 46, '2020-08-03 05:29:52', '2020-08-03 05:29:52', NULL),
(1110, 14, 'K-K-SBY-2007-411', 'KAS KELUAR SURABAYA TGL 23 JULI  2020', NULL, '2020-07-23', 2020, '1596432619_K-K-SBY-2007-411 TGL 23.03.pdf', 'pdf', '9,81 MB', 0, 1, 46, 46, '2020-08-03 05:30:19', '2020-08-03 05:30:19', NULL),
(1111, 14, 'K-K-SBY-2007-412', 'KAS KELUAR SURABAYA TGL 23 JULI  2020', NULL, '2020-07-23', 2020, '1596432644_K-K-SBY-2007-412 TGL 23.03.pdf', 'pdf', '3,01 MB', 0, 1, 46, 46, '2020-08-03 05:30:44', '2020-08-03 05:30:44', NULL),
(1112, 14, 'K-K-SBY-2007-413', 'KAS KELUAR SURABAYA TGL 22 Juli  2020', NULL, '2020-07-23', 2020, '1596432732_K-K-SBY-2007-413 TGL 23.03.pdf', 'pdf', '2,75 MB', 0, 1, 46, 46, '2020-08-03 05:32:12', '2020-08-03 05:32:12', NULL),
(1113, 14, 'K-K-SBY-2007-414', 'KAS KELUAR SURABAYA TGL 23 JULI  2020', NULL, '2020-07-23', 2020, '1596432760_K-K-SBY-2007-414 TGL 23.03.pdf', 'pdf', '17,85 MB', 0, 1, 46, 46, '2020-08-03 05:32:40', '2020-08-03 05:32:40', NULL),
(1114, 14, 'K-K-SBY-2007-415', 'KAS KELUAR SURABAYA TGL 23 JULI  2020', NULL, '2020-07-23', 2020, '1596432789_K-K-SBY-2007-415 TGL 23.03.pdf', 'pdf', '2,3 MB', 0, 1, 46, 46, '2020-08-03 05:33:09', '2020-08-03 05:33:09', NULL),
(1115, 14, 'K-K-SBY-2007-416', 'KAS KELUAR SURABAYA TGL 23 JULI  2020', NULL, '2020-07-23', 2020, '1596432814_K-K-SBY-2007-416 TGL 23.03.pdf', 'pdf', '7,27 MB', 0, 1, 46, 46, '2020-08-03 05:33:34', '2020-08-03 05:33:34', NULL),
(1116, 14, 'K-K-SBY-2007-417', 'KAS KELUAR SURABAYA TGL 23 JULI  2020', NULL, '2020-07-23', 2020, '1596432844_K-K-SBY-2007-417 TGL 23.03.pdf', 'pdf', '3,5 MB', 0, 1, 46, 46, '2020-08-03 05:34:04', '2020-08-03 05:34:04', NULL),
(1117, 14, 'K-K-SBY-2007-470,K-K-SBY-2007-471,K-K-SBY-2007-473', 'KAS KELUAR SURABAYA TGL 27 JULI 2020', NULL, '2020-07-27', 2020, '1596437555_K-K-SBY-2007-470,471,473 KAS TGL 27 JULI 2020 NEW.pdf', 'pdf', '29,78 MB', 1, 1, 43, 43, '2020-08-03 06:52:35', '2020-08-04 02:38:26', NULL),
(1118, 15, 'M-PMT-SBY-2007-007', 'BANK PERMATA MASUK', NULL, '2020-08-21', 2020, '1596516959_M-PMT-SBY-2007-007.pdf', 'pdf', '1,32 MB', 0, 2, 60, 60, '2020-08-04 04:55:59', '2020-08-04 04:56:50', 60),
(1119, 15, 'M-PMT-SBY-2007-008', 'BANK PERMATA MASUK', NULL, '2020-07-21', 2020, '1596516992_M-PMT-SBY-2007-008.pdf', 'pdf', '3,15 MB', 0, 1, 60, 60, '2020-08-04 04:56:32', '2020-08-04 04:56:32', NULL),
(1120, 15, 'M-PMT-SBY-2007-007', 'BANK PERMATA MASUK', NULL, '2020-07-21', 2020, '1596517036_M-PMT-SBY-2007-007.pdf', 'pdf', '1,32 MB', 0, 1, 60, 60, '2020-08-04 04:57:16', '2020-08-04 04:57:16', NULL),
(1121, 15, 'M-PMT-SBY-2007-009', 'BANK PERMATA MASUK', NULL, '2020-07-21', 2020, '1596517058_M-PMT-SBY-2007-009.pdf', 'pdf', '1,43 MB', 0, 1, 60, 60, '2020-08-04 04:57:38', '2020-08-04 04:57:38', NULL),
(1122, 15, 'M-PMT-SBY-2007-010', 'BANK PERMATA MASUK', NULL, '2020-07-21', 2020, '1596517076_M-PMT-SBY-2007-010.pdf', 'pdf', '1,46 MB', 0, 1, 60, 60, '2020-08-04 04:57:56', '2020-08-04 04:57:56', NULL),
(1123, 15, 'M-PMT-SBY-2007-011', 'BANK PERMATA MASUK', NULL, '2020-07-21', 2020, '1596517106_M-PMT-SBY-2007-011.pdf', 'pdf', '1,66 MB', 0, 1, 60, 60, '2020-08-04 04:58:26', '2020-08-04 04:58:26', NULL),
(1124, 15, 'M-PMT-SBY-2007-012', 'BANK PERMATA MASUK', NULL, '2020-07-21', 2020, '1596517127_M-PMT-SBY-2007-012.pdf', 'pdf', '1,42 MB', 0, 1, 60, 60, '2020-08-04 04:58:47', '2020-08-04 04:58:47', NULL),
(1125, 15, 'M-PMT-SBY-2007-013', 'BANK PERMATA MASUK', NULL, '2020-07-24', 2020, '1596517160_M-PMT-SBY-2007-013.pdf', 'pdf', '1,04 MB', 0, 1, 60, 60, '2020-08-04 04:59:20', '2020-08-04 04:59:20', NULL),
(1126, 15, 'M-PMT-SBY-2007-014', 'BANK PERMATA MASUK', NULL, '2020-07-24', 2020, '1596517178_M-PMT-SBY-2007-014.pdf', 'pdf', '1,11 MB', 0, 1, 60, 60, '2020-08-04 04:59:38', '2020-08-04 04:59:38', NULL),
(1127, 15, 'M-PMT-SBY-2007-015', 'BANK PERMATA MASUK', NULL, '2020-07-24', 2020, '1596517202_M-PMT-SBY-2007-015.pdf', 'pdf', '1,56 MB', 0, 1, 60, 60, '2020-08-04 05:00:02', '2020-08-04 05:00:02', NULL),
(1128, 15, 'K-PMT-SBY-2007-004', 'BANK PERMATA KELUAR', NULL, '2020-07-24', 2020, '1596517294_K-PMT-SBY-2007-004.pdf', 'pdf', '755,46 KB', 0, 1, 60, 60, '2020-08-04 05:01:34', '2020-08-04 05:01:34', NULL),
(1129, 15, 'K-PMT-SBY-2007-005 SD K-PMT-SBY-2007-006', 'BANK PERMATA KELUAR', NULL, '2020-07-27', 2020, '1596517320_K-PMT-SBY-2007-005 SD K-PMT-SBY-2007-006.pdf', 'pdf', '845,1 KB', 0, 1, 60, 60, '2020-08-04 05:02:00', '2020-08-04 05:02:00', NULL),
(1130, 15, 'M-JTM-SBY-2007-076', 'BANK JATIM MASUK', NULL, '2020-07-24', 2020, '1596517550_M-JTM-SBY-2007-076.pdf', 'pdf', '1,1 MB', 0, 1, 60, 60, '2020-08-04 05:05:50', '2020-08-04 05:05:50', NULL),
(1131, 15, 'M-JTM-SBY-2007-077', 'BANK JATIM MASUK', NULL, '2020-07-24', 2020, '1596517568_M-JTM-SBY-2007-077.pdf', 'pdf', '1,33 MB', 0, 1, 60, 60, '2020-08-04 05:06:08', '2020-08-04 05:06:08', NULL),
(1132, 15, 'M-JTM-SBY-2007-078', 'BANK JATIM MASUK', NULL, '2020-07-24', 2020, '1596517587_M-JTM-SBY-2007-078.pdf', 'pdf', '1,07 MB', 0, 1, 60, 60, '2020-08-04 05:06:27', '2020-08-04 05:06:27', NULL),
(1133, 15, 'M-JTM-SBY-2007-079', 'BANK JATIM MASUK', NULL, '2020-07-24', 2020, '1596517605_M-JTM-SBY-2007-079.pdf', 'pdf', '1,19 MB', 0, 1, 60, 60, '2020-08-04 05:06:45', '2020-08-04 05:06:45', NULL),
(1134, 15, 'M-JTM-SBY-2007-080', 'BANK JATIM MASUK', NULL, '2020-07-24', 2020, '1596517621_M-JTM-SBY-2007-080.pdf', 'pdf', '1,25 MB', 0, 1, 60, 60, '2020-08-04 05:07:01', '2020-08-04 05:07:01', NULL),
(1135, 15, 'M-JTM-SBY-2007-081', 'BANK JATIM MASUK', NULL, '2020-07-24', 2020, '1596517642_M-JTM-SBY-2007-081.pdf', 'pdf', '2,11 MB', 0, 1, 60, 60, '2020-08-04 05:07:22', '2020-08-04 05:07:22', NULL),
(1136, 15, 'M-JTM-SBY-2007-082', 'BANK JATIM MASUK', NULL, '2020-07-24', 2020, '1596517659_M-JTM-SBY-2007-082.pdf', 'pdf', '3,82 MB', 0, 1, 60, 60, '2020-08-04 05:07:39', '2020-08-04 05:07:39', NULL),
(1137, 15, 'M-JTM-SBY-2007-083', 'BANK JATIM MASUK', NULL, '2020-07-24', 2020, '1596517675_M-JTM-SBY-2007-083.pdf', 'pdf', '1,15 MB', 0, 1, 60, 60, '2020-08-04 05:07:55', '2020-08-04 05:07:55', NULL),
(1138, 15, 'M-JTM-SBY-2007-084', 'BANK JATIM MASUK', NULL, '2020-07-24', 2020, '1596517689_M-JTM-SBY-2007-084.pdf', 'pdf', '1,78 MB', 0, 1, 60, 60, '2020-08-04 05:08:09', '2020-08-04 05:08:09', NULL),
(1139, 15, 'M-JTM-SBY-2007-085', 'BANK JATIM MASUK', NULL, '2020-07-24', 2020, '1596517713_M-JTM-SBY-2007-085.pdf', 'pdf', '1,02 MB', 0, 1, 60, 60, '2020-08-04 05:08:33', '2020-08-04 05:08:58', NULL),
(1140, 15, 'M-JTM-SBY-2007-086', 'BANK JATIM MASUK', NULL, '2020-07-24', 2020, '1596517752_M-JTM-SBY-2007-086.pdf', 'pdf', '1,04 MB', 0, 1, 60, 60, '2020-08-04 05:09:12', '2020-08-04 05:09:12', NULL),
(1141, 15, 'M-JTM-SBY-2007-087', 'BANK JATIM MASUK', NULL, '2020-07-24', 2020, '1596517779_M-JTM-SBY-2007-087.pdf', 'pdf', '1,04 MB', 0, 1, 60, 60, '2020-08-04 05:09:39', '2020-08-04 05:09:39', NULL),
(1142, 15, 'M-JTM-SBY-2007-088', 'BANK JATIM MASUK', NULL, '2020-07-24', 2020, '1596517795_M-JTM-SBY-2007-088.pdf', 'pdf', '1,32 MB', 0, 1, 60, 60, '2020-08-04 05:09:55', '2020-08-04 05:09:55', NULL),
(1143, 15, 'M-JTM-SBY-2007-089', 'BANK JATIM MASUK', NULL, '2020-07-24', 2020, '1596517810_M-JTM-SBY-2007-089.pdf', 'pdf', '1,18 MB', 0, 1, 60, 60, '2020-08-04 05:10:10', '2020-08-04 05:10:10', NULL),
(1144, 15, 'M-JTM-SBY-2007-090', 'BANK JATIM MASUK', NULL, '2020-07-24', 2020, '1596517824_M-JTM-SBY-2007-090.pdf', 'pdf', '1,2 MB', 0, 1, 60, 60, '2020-08-04 05:10:24', '2020-08-04 05:10:24', NULL),
(1145, 15, 'M-JTM-SBY-2007-091', 'BANK JATIM MASUK', NULL, '2020-07-27', 2020, '1596517839_M-JTM-SBY-2007-091.pdf', 'pdf', '1,17 MB', 0, 1, 60, 60, '2020-08-04 05:10:39', '2020-08-04 05:10:39', NULL),
(1146, 15, 'M-JTM-SBY-2007-092', 'BANK JATIM MASUK', NULL, '2020-07-27', 2020, '1596517857_M-JTM-SBY-2007-092.pdf', 'pdf', '2,15 MB', 0, 1, 60, 60, '2020-08-04 05:10:57', '2020-08-04 05:10:57', NULL),
(1147, 15, 'M-JTM-SBY-2007-093', 'BANK JATIM MASUK', NULL, '2020-07-27', 2020, '1596517873_M-JTM-SBY-2007-093.pdf', 'pdf', '2,04 MB', 0, 1, 60, 60, '2020-08-04 05:11:13', '2020-08-04 05:11:13', NULL),
(1148, 15, 'K-JTM-SBY-2007-006', 'BANK JATIM KELUAR', NULL, '2020-07-17', 2020, '1596517907_K-JTM-SBY-2007-006.pdf', 'pdf', '330,35 KB', 0, 1, 60, 60, '2020-08-04 05:11:47', '2020-08-04 05:11:47', NULL),
(1149, 15, 'K-JTM-SBY-2007-007 SD K-JTM-SBY-2007-010', 'BANK JATIM KELUAR', NULL, '2020-06-17', 2020, '1596517938_K-JTM-SBY-2007-007 SD K-JTM-SBY-2007-010.pdf', 'pdf', '1,18 MB', 0, 1, 60, 60, '2020-08-04 05:12:18', '2020-08-04 05:12:18', NULL),
(1150, 15, 'K-JTM-SBY-2007-011', 'BANK JATIM KELUAR', NULL, '2020-07-17', 2020, '1596518014_K-JTM-SBY-2007-011.pdf', 'pdf', '481,04 KB', 0, 1, 60, 60, '2020-08-04 05:13:34', '2020-08-04 05:13:34', NULL),
(1151, 15, 'K-JTM-SBY-2007-012', 'BANK JATIM KELUAR', NULL, '2020-07-17', 2020, '1596518043_K-JTM-SBY-2007-012.pdf', 'pdf', '386,76 KB', 0, 1, 60, 60, '2020-08-04 05:14:03', '2020-08-04 05:14:03', NULL),
(1152, 15, 'K-JTM-SBY-2007-013 SD K-JTM-SBY-2007-014', 'BANK JATIM KELUAR', NULL, '2020-07-28', 2020, '1596518075_K-JTM-SBY-2007-013 SD K-JTM-SBY-2007-014.pdf', 'pdf', '688,9 KB', 0, 1, 60, 60, '2020-08-04 05:14:35', '2020-08-04 05:14:35', NULL),
(1153, 15, 'KV-BNI-SBY-2007-007', 'VA BNI SBY KELUAR', NULL, '2020-07-15', 2020, '1596533777_KV-BNI-SBY-2007-007.pdf', 'pdf', '454,55 KB', 0, 1, 60, 60, '2020-08-04 09:36:17', '2020-08-04 09:36:17', NULL),
(1154, 15, 'KV-BNI-SBY-2007-008', 'VA BNI SBY KELUAR', NULL, '2020-07-17', 2020, '1596533804_KV-BNI-SBY-2007-008.pdf', 'pdf', '382,26 KB', 0, 1, 60, 60, '2020-08-04 09:36:44', '2020-08-04 09:36:44', NULL),
(1155, 15, 'KV-BNI-SBY-2007-009', 'VA BNI SBY KELUAR', NULL, '2020-07-21', 2020, '1596533828_KV-BNI-SBY-2007-009.pdf', 'pdf', '514,3 KB', 0, 1, 60, 60, '2020-08-04 09:37:08', '2020-08-04 09:37:08', NULL),
(1156, 15, 'KV-BNI-SBY-2007-010', 'VA BNI SBY KELUAR', NULL, '2020-07-23', 2020, '1596533853_KV-BNI-SBY-2007-010.pdf', 'pdf', '428,18 KB', 0, 1, 60, 60, '2020-08-04 09:37:33', '2020-08-04 09:37:33', NULL),
(1157, 15, 'KV-BNI-SBY-2007-011', 'VA BNI SBY KELUAR', NULL, '2020-07-27', 2020, '1596533908_KV-BNI-SBY-2007-011.pdf', 'pdf', '386,82 KB', 0, 1, 60, 60, '2020-08-04 09:38:28', '2020-08-04 09:38:28', NULL),
(1158, 15, 'KV-BNI-SBY-2007-012', 'VA BNI SBY KELUAR', NULL, '2020-07-27', 2020, '1596533927_KV-BNI-SBY-2007-012.pdf', 'pdf', '419,3 KB', 0, 1, 60, 60, '2020-08-04 09:38:47', '2020-08-04 09:38:47', NULL),
(1159, 15, 'MV-BNI-SBY-2007-011', 'VA BNI SBY MASUK', NULL, '2020-07-15', 2020, '1596533954_MV-BNI-SBY-2007-011.pdf', 'pdf', '2,59 MB', 0, 1, 60, 60, '2020-08-04 09:39:14', '2020-08-04 09:39:14', NULL),
(1160, 15, 'MV-BNI-SBY-2007-012', 'VA BNI SBY MASUK', NULL, '2020-07-17', 2020, '1596533976_MV-BNI-SBY-2007-012.pdf', 'pdf', '1,08 MB', 0, 1, 60, 60, '2020-08-04 09:39:36', '2020-08-04 09:39:36', NULL),
(1161, 15, 'MV-BNI-SBY-2007-013', 'VA BNI SBY MASUK', NULL, '2020-07-20', 2020, '1596534010_MV-BNI-SBY-2007-013.pdf', 'pdf', '1,32 MB', 0, 1, 60, 60, '2020-08-04 09:40:10', '2020-08-04 09:40:10', NULL),
(1162, 15, 'MV-BNI-SBY-2007-014', 'VA BNI SBY MASUK', NULL, '2020-07-21', 2020, '1596534049_MV-BNI-SBY-2007-014.pdf', 'pdf', '1,5 MB', 0, 1, 60, 60, '2020-08-04 09:40:49', '2020-08-04 09:40:49', NULL),
(1163, 15, 'MV-BNI-SBY-2007-016', 'VA BNI SBY MASUK', NULL, '2020-07-27', 2020, '1596534113_MV-BNI-SBY-2007-016.pdf', 'pdf', '1019,43 KB', 0, 1, 60, 60, '2020-08-04 09:41:53', '2020-08-04 09:41:53', NULL),
(1164, 15, 'MV-BNI-SBY-2007-015', 'VA BNI SBY MASUK', NULL, '2020-07-23', 2020, '1596534139_MV-BNI-SBY-2007-015.pdf', 'pdf', '1,31 MB', 0, 1, 60, 60, '2020-08-04 09:42:19', '2020-08-04 09:42:19', NULL),
(1165, 15, 'MV-BNI-SBY-2007-017', 'VA BNI SBY MASUK', NULL, '2020-07-27', 2020, '1596534195_MV-BNI-SBY-2007-017.pdf', 'pdf', '1,7 MB', 0, 1, 60, 60, '2020-08-04 09:43:15', '2020-08-04 09:43:15', NULL),
(1166, 15, 'MV-BNI-SBY-2007-018', 'VA BNI SBY MASUK', NULL, '2020-07-28', 2020, '1596534218_MV-BNI-SBY-2007-018.pdf', 'pdf', '1,44 MB', 0, 1, 60, 60, '2020-08-04 09:43:38', '2020-08-04 09:43:38', NULL),
(1167, 15, 'KV-BCA-SBY-2007-010 SD KV-BCA-SBY-2007-011', 'VA BCA SBY KELUAR', NULL, '2020-07-15', 2020, '1596534267_KV-BCA-SBY-2007-010 SD KV-BCA-SBY-2007-011.pdf', 'pdf', '705,09 KB', 0, 1, 60, 60, '2020-08-04 09:44:27', '2020-08-04 09:44:27', NULL),
(1168, 15, 'KV-BCA-SBY-2007-012 SD KV-BCA-SBY-2007-015', 'VA BCA SBY KELUAR', NULL, '2020-07-20', 2020, '1596534363_KV-BCA-SBY-2007-012 SD KV-BCA-SBY-2007-015.pdf', 'pdf', '1,16 MB', 0, 1, 60, 60, '2020-08-04 09:46:03', '2020-08-04 09:46:03', NULL),
(1169, 15, 'KV-BCA-SBY-2007-016 SD KV-BCA-SBY-2007-017', 'VA BCA SBY KELUAR', NULL, '2020-07-21', 2020, '1596534393_KV-BCA-SBY-2007-016 SD KV-BCA-SBY-2007-017.pdf', 'pdf', '776,35 KB', 0, 1, 60, 60, '2020-08-04 09:46:33', '2020-08-04 09:46:33', NULL),
(1170, 15, 'KV-BCA-SBY-2007-018', 'VA BCA SBY KELUAR', NULL, '2020-07-24', 2020, '1596534418_KV-BCA-SBY-2007-018.pdf', 'pdf', '548,28 KB', 0, 1, 60, 60, '2020-08-04 09:46:58', '2020-08-04 09:46:58', NULL),
(1171, 15, 'KV-BCA-SBY-2007-019 SD KV-BCA-SBY-2007-022', 'VA BCA SBY KELUAR', NULL, '2020-07-27', 2020, '1596534457_KV-BCA-SBY-2007-019 SD KV-BCA-SBY-2007-022.pdf', 'pdf', '1,18 MB', 0, 1, 60, 60, '2020-08-04 09:47:37', '2020-08-04 09:47:37', NULL),
(1172, 15, 'KV-BCA-SBY-2007-023 SD KV-BCA-SBY-2007-024', 'VA BCA SBY KELUAR', NULL, '2020-07-27', 2020, '1596534481_KV-BCA-SBY-2007-023 SD KV-BCA-SBY-2007-024.pdf', 'pdf', '804,41 KB', 0, 1, 60, 60, '2020-08-04 09:48:01', '2020-08-04 09:48:01', NULL),
(1173, 15, 'MV-BCA-SBY-2007-008', 'VA BCA SBY MASUK', NULL, '2020-07-15', 2020, '1596534514_MV-BCA-SBY-2007-008.pdf', 'pdf', '1,39 MB', 0, 1, 60, 60, '2020-08-04 09:48:34', '2020-08-04 09:48:34', NULL),
(1174, 15, 'MV-BCA-SBY-2007-009', 'VA BCA SBY MASUK', NULL, '2020-07-20', 2020, '1596534552_MV-BCA-SBY-2007-009.pdf', 'pdf', '1,47 MB', 0, 1, 60, 60, '2020-08-04 09:49:12', '2020-08-04 09:49:12', NULL),
(1175, 15, 'MV-BCA-SBY-2007-010', 'VA BCA SBY MASUK', NULL, '2020-07-17', 2020, '1596534586_MV-BCA-SBY-2007-010.pdf', 'pdf', '1,26 MB', 0, 1, 60, 60, '2020-08-04 09:49:46', '2020-08-04 09:49:46', NULL);
INSERT INTO `arsip` (`id`, `jenis_id`, `nomor`, `nama_arsip`, `deskripsi`, `tgl_arsip`, `tahun`, `upload_file`, `format_file`, `file_size`, `jumlah_download`, `delete_status`, `created_by`, `updated_by`, `created_at`, `updated_at`, `deleted_by`) VALUES
(1176, 15, 'MV-BCA-SBY-2007-011', 'VA BCA SBY MASUK', NULL, '2020-07-17', 2020, '1596534614_MV-BCA-SBY-2007-011.pdf', 'pdf', '1,57 MB', 0, 1, 60, 60, '2020-08-04 09:50:14', '2020-08-04 09:50:14', NULL),
(1177, 15, 'MV-BCA-SBY-2007-012', 'VA BCA SBY MASUK', NULL, '2020-07-17', 2020, '1596534636_MV-BCA-SBY-2007-012.pdf', 'pdf', '1,27 MB', 0, 1, 60, 60, '2020-08-04 09:50:36', '2020-08-04 09:50:36', NULL),
(1178, 15, 'MV-BCA-SBY-2007-013', 'VA BCA SBY MASUK', NULL, '2020-07-17', 2020, '1596534663_MV-BCA-SBY-2007-013.pdf', 'pdf', '1,1 MB', 0, 1, 60, 60, '2020-08-04 09:51:03', '2020-08-04 09:51:03', NULL),
(1179, 15, 'MV-BCA-SBY-2007-014', 'VA BCA SBY MASUK', NULL, '2020-07-21', 2020, '1596534687_MV-BCA-SBY-2007-014.pdf', 'pdf', '1,85 MB', 0, 1, 60, 60, '2020-08-04 09:51:27', '2020-08-04 09:51:27', NULL),
(1180, 15, 'MV-BCA-SBY-2007-015', 'VA BCA SBY MASUK', NULL, '2020-07-20', 2020, '1596534720_MV-BCA-SBY-2007-015.pdf', 'pdf', '2,64 MB', 0, 1, 60, 60, '2020-08-04 09:52:00', '2020-08-04 09:52:00', NULL),
(1181, 15, 'MV-BCA-SBY-2007-016', 'VA BCA SBY MASUK', NULL, '2020-07-21', 2020, '1596534887_MV-BCA-SBY-2007-016.pdf', 'pdf', '1,66 MB', 0, 1, 60, 60, '2020-08-04 09:54:47', '2020-08-04 09:54:47', NULL),
(1182, 15, 'MV-BCA-SBY-2007-017', 'VA BCA SBY MASUK', NULL, '2020-07-22', 2020, '1596534921_MV-BCA-SBY-2007-017.pdf', 'pdf', '1,31 MB', 0, 1, 60, 60, '2020-08-04 09:55:21', '2020-08-04 09:55:21', NULL),
(1183, 15, 'MV-BCA-SBY-2007-018', 'VA BCA SBY MASUK', NULL, '2020-07-22', 2020, '1596534943_MV-BCA-SBY-2007-018.pdf', 'pdf', '1,47 MB', 0, 1, 60, 60, '2020-08-04 09:55:43', '2020-08-04 09:55:43', NULL),
(1184, 15, 'MV-BCA-SBY-2007-019', 'VA BCA SBY MASUK', NULL, '2020-07-24', 2020, '1596534963_MV-BCA-SBY-2007-019.pdf', 'pdf', '1,67 MB', 0, 1, 60, 60, '2020-08-04 09:56:03', '2020-08-04 09:56:03', NULL),
(1185, 15, 'MV-BCA-SBY-2007-020', 'VA BCA SBY MASUK', NULL, '2020-07-27', 2020, '1596534982_MV-BCA-SBY-2007-020.pdf', 'pdf', '3,44 MB', 0, 1, 60, 60, '2020-08-04 09:56:22', '2020-08-04 09:56:22', NULL),
(1186, 15, 'MV-BCA-SBY-2007-021', 'VA BCA SBY MASUK', NULL, '2020-07-27', 2020, '1596535001_MV-BCA-SBY-2007-021.pdf', 'pdf', '3,74 MB', 0, 1, 60, 60, '2020-08-04 09:56:41', '2020-08-04 09:56:41', NULL),
(1187, 15, 'MV-BCA-SBY-2007-022', 'VA BCA SBY MASUK', NULL, '2020-07-27', 2020, '1596535022_MV-BCA-SBY-2007-022.pdf', 'pdf', '1011,31 KB', 0, 1, 60, 60, '2020-08-04 09:57:02', '2020-08-04 09:57:02', NULL),
(1188, 15, 'MV-BCA-SBY-2007-023', 'VA BCA SBY MASUK', NULL, '2020-07-27', 2020, '1596535042_MV-BCA-SBY-2007-023.pdf', 'pdf', '1,21 MB', 0, 1, 60, 60, '2020-08-04 09:57:22', '2020-08-04 09:57:22', NULL),
(1189, 15, 'MV-BCA-SBY-2007-024', 'VA BCA SBY MASUK', NULL, '2020-07-28', 2020, '1596535063_MV-BCA-SBY-2007-024.pdf', 'pdf', '1,14 MB', 0, 1, 60, 60, '2020-08-04 09:57:43', '2020-08-04 09:57:43', NULL),
(1190, 15, 'M-MAN-JKT-2007-035', 'BANK MAN JKT', NULL, '2020-07-22', 2020, '1596680868_M-MAN-JKT-2007-035.pdf', 'pdf', '1,32 MB', 0, 1, 60, 60, '2020-08-06 02:27:55', '2020-08-06 02:27:55', NULL),
(1191, 15, 'M-MAN-JKT-2007-036', 'BANK MAN JKT', NULL, '2020-07-22', 2020, '1596680900_M-MAN-JKT-2007-036.pdf', 'pdf', '1,31 MB', 0, 1, 60, 60, '2020-08-06 02:28:20', '2020-08-06 02:28:20', NULL),
(1192, 15, 'M-MAN-JKT-2007-037', 'BANK MAN JKT', NULL, '2020-07-22', 2020, '1596680922_M-MAN-JKT-2007-037.pdf', 'pdf', '1,35 MB', 0, 1, 60, 60, '2020-08-06 02:28:42', '2020-08-06 02:28:42', NULL),
(1193, 15, 'M-MAN-JKT-2007-050', 'BANK MAN JKT', NULL, '2020-07-22', 2020, '1596680953_M-MAN-JKT-2007-050.pdf', 'pdf', '1,5 MB', 0, 1, 60, 60, '2020-08-06 02:29:13', '2020-08-06 02:29:13', NULL),
(1194, 15, 'M-MAN-JKT-2007-051', 'BANK MAN JKT', NULL, '2020-07-22', 2020, '1596680980_M-MAN-JKT-2007-051.pdf', 'pdf', '1,24 MB', 0, 1, 60, 60, '2020-08-06 02:29:40', '2020-08-06 02:29:40', NULL),
(1195, 15, 'M-MAN-JKT-2007-069', 'BANK MAN JKT', NULL, '2020-07-22', 2020, '1596680997_M-MAN-JKT-2007-069.pdf', 'pdf', '1,41 MB', 0, 1, 60, 60, '2020-08-06 02:29:57', '2020-08-06 02:29:57', NULL),
(1196, 15, 'M-MAN-JKT-2007-070', 'BANK MAN JKT', NULL, '2020-07-22', 2020, '1596681018_M-MAN-JKT-2007-070.pdf', 'pdf', '1,19 MB', 0, 1, 60, 60, '2020-08-06 02:30:18', '2020-08-06 02:30:18', NULL),
(1197, 15, 'M-MAN-JKT-2007-089', 'BANK MAN JKT', NULL, '2020-07-22', 2020, '1596681047_M-MAN-JKT-2007-089.pdf', 'pdf', '1,18 MB', 0, 1, 60, 60, '2020-08-06 02:30:47', '2020-08-06 02:30:47', NULL),
(1198, 15, 'M-MAN-JKT-2007-090', 'BANK MAN JKT', NULL, '2020-07-22', 2020, '1596681073_M-MAN-JKT-2007-090.pdf', 'pdf', '1,16 MB', 0, 1, 60, 60, '2020-08-06 02:31:13', '2020-08-06 02:31:13', NULL),
(1199, 15, 'M-MAN-JKT-2007-091', 'BANK MAN JKT', NULL, '2020-07-22', 2020, '1596681093_M-MAN-JKT-2007-091.pdf', 'pdf', '1,78 MB', 0, 1, 60, 60, '2020-08-06 02:31:33', '2020-08-06 02:31:33', NULL),
(1200, 15, 'M-MAN-JKT-2007-092', 'BANK MAN JKT', NULL, '2020-07-22', 2020, '1596681132_M-MAN-JKT-2007-092.pdf', 'pdf', '1,49 MB', 0, 1, 60, 60, '2020-08-06 02:32:12', '2020-08-06 02:32:12', NULL),
(1201, 15, 'M-MAN-JKT-2007-106', 'BANK MAN JKT', NULL, '2020-07-22', 2020, '1596681152_M-MAN-JKT-2007-106.pdf', 'pdf', '1,38 MB', 0, 1, 60, 60, '2020-08-06 02:32:32', '2020-08-06 02:32:32', NULL),
(1202, 15, 'M-MAN-JKT-2007-107', 'BANK MAN JKT', NULL, '2020-07-22', 2020, '1596681169_M-MAN-JKT-2007-107.pdf', 'pdf', '1,16 MB', 0, 1, 60, 60, '2020-08-06 02:32:49', '2020-08-06 02:32:49', NULL),
(1203, 15, 'M-MAN-JKT-2007-131', 'BANK MAN JKT', NULL, '2020-07-22', 2020, '1596681188_M-MAN-JKT-2007-131.pdf', 'pdf', '1,1 MB', 0, 1, 60, 60, '2020-08-06 02:33:08', '2020-08-06 02:33:08', NULL),
(1204, 15, 'M-MAN-JKT-2007-132', 'BANK MAN JKT', NULL, '2020-07-22', 2020, '1596681231_M-MAN-JKT-2007-132.pdf', 'pdf', '1,12 MB', 0, 1, 60, 60, '2020-08-06 02:33:51', '2020-08-06 02:33:51', NULL),
(1205, 15, 'M-MAN-JKT-2007-133', 'BANK MAN JKT', NULL, '2020-07-22', 2020, '1596681253_M-MAN-JKT-2007-133.pdf', 'pdf', '1,17 MB', 0, 1, 60, 60, '2020-08-06 02:34:13', '2020-08-06 02:34:13', NULL),
(1206, 15, 'M-MAN-JKT-2007-146', 'BANK MAN JKT', NULL, '2020-07-22', 2020, '1596681272_M-MAN-JKT-2007-146.pdf', 'pdf', '860,75 KB', 0, 1, 60, 60, '2020-08-06 02:34:32', '2020-08-06 02:34:32', NULL),
(1207, 15, 'M-MAN-JKT-2007-181', 'BANK MAN JKT', NULL, '2020-07-22', 2020, '1596681294_M-MAN-JKT-2007-181.pdf', 'pdf', '1,21 MB', 0, 1, 60, 60, '2020-08-06 02:34:54', '2020-08-06 02:34:54', NULL),
(1208, 42, 'MAND DPS JULI 2020', 'BANK MAND DPS', NULL, '2020-07-31', 2020, '1596681523_MAND DPS JULI 2020.pdf', 'pdf', '7,05 KB', 0, 1, 60, 60, '2020-08-06 02:38:43', '2020-08-06 02:39:46', NULL),
(1209, 42, 'SBY PMT JULI 2020', 'BANK PERMATA', NULL, '2020-07-31', 2020, '1596681568_SBY PMT JULI 2020-1.pdf', 'pdf', '42,56 KB', 0, 1, 60, 60, '2020-08-06 02:39:28', '2020-08-06 02:39:28', NULL),
(1210, 42, 'BCA VA SBY', 'BANK BCA SBY', NULL, '2020-07-31', 2020, '1596681620_BCA VA SBY.pdf', 'pdf', '15,1 KB', 0, 1, 60, 60, '2020-08-06 02:40:20', '2020-08-06 02:40:20', NULL),
(1211, 42, 'BCA VA BALI', 'BANK BCA BALI', NULL, '2020-07-31', 2020, '1596681652_BCA VA BALI.pdf', 'pdf', '12,01 KB', 0, 1, 60, 60, '2020-08-06 02:40:52', '2020-08-06 02:40:52', NULL),
(1212, 15, 'M-JTM-SBY-2007-094', 'BANK JATIM MASUK', NULL, '2020-07-29', 2020, '1596776149_M-JTM-SBY-2007-094.pdf', 'pdf', '1,43 MB', 0, 1, 60, 60, '2020-08-07 04:55:50', '2020-08-07 04:55:50', NULL),
(1213, 15, 'M-JTM-SBY-2007-095', 'BANK JATIM MASUK', NULL, '2020-07-29', 2020, '1596776179_M-JTM-SBY-2007-095.pdf', 'pdf', '1,82 MB', 0, 1, 60, 60, '2020-08-07 04:56:19', '2020-08-07 04:56:19', NULL),
(1214, 15, 'M-JTM-SBY-2007-096', 'BANK JATIM MASUK', NULL, '2020-07-29', 2020, '1596776207_M-JTM-SBY-2007-096.pdf', 'pdf', '1,99 MB', 0, 1, 60, 60, '2020-08-07 04:56:47', '2020-08-07 04:56:47', NULL),
(1215, 15, 'M-JTM-SBY-2007-097', 'BANK JATIM MASUK', NULL, '2020-07-30', 2020, '1596776229_M-JTM-SBY-2007-097.pdf', 'pdf', '1,64 MB', 0, 1, 60, 60, '2020-08-07 04:57:09', '2020-08-07 04:57:09', NULL),
(1216, 15, 'M-JTM-SBY-2007-098', 'BANK JATIM MASUK', NULL, '2020-07-30', 2020, '1596776265_M-JTM-SBY-2007-098.pdf', 'pdf', '1,59 MB', 0, 1, 60, 60, '2020-08-07 04:57:45', '2020-08-07 04:57:45', NULL),
(1217, 15, 'M-JTM-SBY-2007-099', 'BANK JATIM MASUK', NULL, '2020-07-30', 2020, '1596776317_M-JTM-SBY-2007-099.pdf', 'pdf', '2,1 MB', 0, 1, 60, 60, '2020-08-07 04:58:37', '2020-08-07 04:58:53', NULL),
(1218, 15, 'M-JTM-SBY-2007-100', 'BANK JATIM MASUK', NULL, '2020-07-30', 2020, '1596776358_M-JTM-SBY-2007-100.pdf', 'pdf', '1,59 MB', 0, 1, 60, 60, '2020-08-07 04:59:19', '2020-08-07 04:59:19', NULL),
(1219, 15, 'M-JTM-SBY-2007-101', 'BANK JATIM MASUK', NULL, '2020-07-30', 2020, '1596776383_M-JTM-SBY-2007-101.pdf', 'pdf', '1,61 MB', 0, 1, 60, 60, '2020-08-07 04:59:43', '2020-08-07 04:59:43', NULL),
(1220, 15, 'M-JTM-SBY-2007-102', 'BANK JATIM MASUK', NULL, '2020-07-30', 2020, '1596776419_M-JTM-SBY-2007-102.pdf', 'pdf', '1,6 MB', 0, 1, 60, 60, '2020-08-07 05:00:19', '2020-08-07 05:00:19', NULL),
(1221, 15, 'K-JTM-SBY-2007-015', 'BANK JATIM KELUAR', NULL, '2020-07-29', 2020, '1596776446_K-JTM-SBY-2007-015.pdf', 'pdf', '431,33 KB', 0, 1, 60, 60, '2020-08-07 05:00:46', '2020-08-07 05:00:46', NULL),
(1222, 15, 'MV-MAN-SBY-2007-0012', 'VA MAN SBY MASUK', NULL, '2020-07-15', 2020, '1596776484_MV-MAN-SBY-2007-0012.pdf', 'pdf', '1,12 MB', 0, 1, 60, 60, '2020-08-07 05:01:24', '2020-08-07 05:01:24', NULL),
(1223, 15, 'MV-MAN-SBY-2007-0013', 'VA MAN SBY MASUK', NULL, '2020-07-20', 2020, '1596776514_MV-MAN-SBY-2007-0013.pdf', 'pdf', '1,96 MB', 0, 1, 60, 60, '2020-08-07 05:01:54', '2020-08-07 05:01:54', NULL),
(1224, 15, 'MV-MAN-SBY-2007-0014', 'VA MAN SBY MASUK', NULL, '2020-07-14', 2020, '1596776547_MV-MAN-SBY-2007-0014.pdf', 'pdf', '1,79 MB', 0, 1, 60, 60, '2020-08-07 05:02:27', '2020-08-07 05:02:27', NULL),
(1225, 15, 'MV-MAN-SBY-2007-0015', 'VA MAN SBY MASUK', NULL, '2020-07-20', 2020, '1596776588_MV-MAN-SBY-2007-0015.pdf', 'pdf', '1,03 MB', 0, 1, 60, 60, '2020-08-07 05:03:08', '2020-08-07 05:03:08', NULL),
(1226, 15, 'MV-MAN-SBY-2007-0016', 'VA MAN SBY MASUK', NULL, '2020-07-20', 2020, '1596776617_MV-MAN-SBY-2007-0016.pdf', 'pdf', '1,07 MB', 0, 1, 60, 60, '2020-08-07 05:03:37', '2020-08-07 05:03:37', NULL),
(1227, 15, 'MV-MAN-SBY-2007-0017', 'VA MAN SBY MASUK', NULL, '2020-07-20', 2020, '1596776643_MV-MAN-SBY-2007-0017.pdf', 'pdf', '2,23 MB', 0, 1, 60, 60, '2020-08-07 05:04:03', '2020-08-07 05:04:03', NULL),
(1228, 15, 'MV-MAN-SBY-2007-0018', 'VA MAN SBY MASUK', NULL, '2020-07-20', 2020, '1596776664_MV-MAN-SBY-2007-0018.pdf', 'pdf', '1,2 MB', 0, 1, 60, 60, '2020-08-07 05:04:24', '2020-08-07 05:04:24', NULL),
(1229, 15, 'MV-MAN-SBY-2007-0019', 'VA MAN SBY MASUK', NULL, '2020-07-20', 2020, '1596776690_MV-MAN-SBY-2007-0019.pdf', 'pdf', '1,2 MB', 0, 1, 60, 60, '2020-08-07 05:04:50', '2020-08-07 05:04:50', NULL),
(1230, 15, 'MV-MAN-SBY-2007-0020', 'VA MAN SBY MASUK', NULL, '2020-07-23', 2020, '1596776712_MV-MAN-SBY-2007-0020.pdf', 'pdf', '1,05 MB', 0, 1, 60, 60, '2020-08-07 05:05:12', '2020-08-07 05:05:12', NULL),
(1231, 15, 'MV-MAN-SBY-2007-0021', 'VA MAN SBY MASUK', NULL, '2020-07-27', 2020, '1596776732_MV-MAN-SBY-2007-0021.pdf', 'pdf', '1,13 MB', 0, 1, 60, 60, '2020-08-07 05:05:32', '2020-08-07 05:06:02', NULL),
(1232, 15, 'MV-MAN-SBY-2007-0022', 'VA MAN SBY MASUK', NULL, '2020-07-27', 2020, '1596776755_MV-MAN-SBY-2007-0022.pdf', 'pdf', '1,08 MB', 0, 1, 60, 60, '2020-08-07 05:05:55', '2020-08-07 05:05:55', NULL),
(1233, 14, 'GJ-DPS-2007-C0002', 'KAS KELUAR SURABAYA TGL 24 JULI  2020', NULL, '2020-07-24', 2020, '1596776771_GJ-DPS-2007-C0002 TGL 24.07.pdf', 'pdf', '3,22 MB', 0, 1, 46, 46, '2020-08-07 05:06:11', '2020-08-07 05:06:11', NULL),
(1234, 15, 'MV-MAN-SBY-2007-0023', 'VA MAN SBY MASUK', NULL, '2020-07-27', 2020, '1596776783_MV-MAN-SBY-2007-0023.pdf', 'pdf', '1,18 MB', 0, 1, 60, 60, '2020-08-07 05:06:23', '2020-08-07 05:06:23', NULL),
(1235, 15, 'MV-MAN-SBY-2007-0024', 'VA MAN SBY MASUK', NULL, '2020-07-27', 2020, '1596776803_MV-MAN-SBY-2007-0024.pdf', 'pdf', '2,15 MB', 0, 1, 60, 60, '2020-08-07 05:06:43', '2020-08-07 05:06:43', NULL),
(1236, 14, 'K-K-DPS-2007-068', 'KAS KELUAR SURABAYA TGL 24 JULI  2020', NULL, '2020-07-24', 2020, '1596776806_K-K-DPS-2007-068 TGL 24.07.pdf', 'pdf', '2,09 MB', 0, 1, 46, 46, '2020-08-07 05:06:46', '2020-08-07 05:06:46', NULL),
(1237, 15, 'MV-MAN-SBY-2007-0025', 'VA MAN SBY MASUK', NULL, '2020-07-27', 2020, '1596776826_MV-MAN-SBY-2007-0025.pdf', 'pdf', '3,25 MB', 0, 1, 60, 60, '2020-08-07 05:07:06', '2020-08-07 05:07:06', NULL),
(1238, 14, 'K-K-DPS-2007-069', 'KAS KELUAR SURABAYA TGL 24 JULI  2020', NULL, '2020-07-24', 2020, '1596776830_K-K-DPS-2007-069 TGL 24.07.pdf', 'pdf', '4,76 MB', 0, 1, 46, 46, '2020-08-07 05:07:10', '2020-08-07 05:07:10', NULL),
(1239, 15, 'MV-MAN-SBY-2007-0026', 'VA MAN SBY MASUK', NULL, '2020-07-28', 2020, '1596776849_MV-MAN-SBY-2007-0026.pdf', 'pdf', '2,93 MB', 0, 1, 60, 60, '2020-08-07 05:07:29', '2020-08-07 05:07:29', NULL),
(1240, 14, 'K-K-DPS-2007-070', 'KAS KELUAR SURABAYA TGL 24 JULI  2020', NULL, '2020-07-24', 2020, '1596776861_K-K-DPS-2007-070 TGL 24.07.pdf', 'pdf', '23,24 MB', 0, 1, 46, 46, '2020-08-07 05:07:41', '2020-08-07 05:07:41', NULL),
(1241, 15, 'MV-MAN-SBY-2007-0027', 'VA MAN SBY MASUK', NULL, '2020-07-29', 2020, '1596776866_MV-MAN-SBY-2007-0027.pdf', 'pdf', '1,5 MB', 0, 1, 60, 60, '2020-08-07 05:07:46', '2020-08-07 05:07:46', NULL),
(1242, 15, 'MV-MAN-SBY-2007-0028', 'VA MAN SBY MASUK', NULL, '2020-07-29', 2020, '1596776886_MV-MAN-SBY-2007-0028.pdf', 'pdf', '1,83 MB', 0, 1, 60, 60, '2020-08-07 05:08:06', '2020-08-07 05:08:06', NULL),
(1243, 14, 'K-K-DPS-2007-071', 'KAS KELUAR SURABAYA TGL 24 JULI  2020', NULL, '2020-07-24', 2020, '1596776889_K-K-DPS-2007-071 TGL 24.07.pdf', 'pdf', '18,09 MB', 0, 1, 46, 46, '2020-08-07 05:08:09', '2020-08-07 05:08:09', NULL),
(1244, 15, 'MV-MAN-SBY-2007-0029', 'VA MAN SBY MASUK', NULL, '2020-07-29', 2020, '1596776907_MV-MAN-SBY-2007-0029.pdf', 'pdf', '1,41 MB', 0, 1, 60, 60, '2020-08-07 05:08:27', '2020-08-07 05:08:27', NULL),
(1245, 14, 'K-K-SBY-2007-418', 'KAS KELUAR SURABAYA TGL 24 JULI  2020', NULL, '2020-07-24', 2020, '1596776926_K-K-SBY-2007-418 TGL 24.07.pdf', 'pdf', '6,01 MB', 0, 1, 46, 46, '2020-08-07 05:08:46', '2020-08-07 05:08:46', NULL),
(1246, 15, 'MV-MAN-SBY-2007-0030', 'VA MAN SBY MASUK', NULL, '2020-07-30', 2020, '1596776934_MV-MAN-SBY-2007-0030.pdf', 'pdf', '2,31 MB', 0, 1, 60, 60, '2020-08-07 05:08:54', '2020-08-07 05:08:54', NULL),
(1247, 14, 'K-K-SBY-2007-419', 'KAS KELUAR SURABAYA TGL 24 JULI  2020', NULL, '2020-07-24', 2020, '1596776952_K-K-SBY-2007-419 TGL 24.07.pdf', 'pdf', '17,85 MB', 0, 1, 46, 46, '2020-08-07 05:09:12', '2020-08-07 05:09:12', NULL),
(1248, 15, 'MV-MAN-SBY-2007-0032', 'VA MAN SBY MASUK', NULL, '2020-07-30', 2020, '1596776956_MV-MAN-SBY-2007-0032.pdf', 'pdf', '463,38 KB', 0, 1, 60, 60, '2020-08-07 05:09:16', '2020-08-07 05:09:16', NULL),
(1249, 14, 'K-K-SBY-2007-420', 'KAS KELUAR SURABAYA TGL 24 JULI  2020', NULL, '2020-07-24', 2020, '1596776979_K-K-SBY-2007-420 TGL 24.07.pdf', 'pdf', '15,58 MB', 0, 1, 46, 46, '2020-08-07 05:09:39', '2020-08-07 05:09:39', NULL),
(1250, 14, 'K-K-SBY-2007-421', 'KAS KELUAR SURABAYA TGL 24 JULI  2020', NULL, '2020-07-24', 2020, '1596777010_K-K-SBY-2007-421 TGL 24.07.pdf', 'pdf', '5,78 MB', 0, 1, 46, 46, '2020-08-07 05:10:10', '2020-08-07 05:10:10', NULL),
(1251, 15, 'KV-MAN-SBY-2007-0009', 'VA MAN SBY KELUAR', NULL, '2020-07-15', 2020, '1596777032_KV-MAN-SBY-2007-0009.pdf', 'pdf', '413,15 KB', 0, 1, 60, 60, '2020-08-07 05:10:32', '2020-08-07 05:10:32', NULL),
(1252, 14, 'K-K-SBY-2007-422', 'KAS KELUAR SURABAYA TGL 24 JULI  2020', NULL, '2020-07-24', 2020, '1596777036_K-K-SBY-2007-422 TGL 24.07.pdf', 'pdf', '7,95 MB', 0, 1, 46, 46, '2020-08-07 05:10:36', '2020-08-07 05:10:36', NULL),
(1253, 15, 'KV-MAN-SBY-2007-0010 SD KV-MAN-SBY-2007-0015', 'VA MAN SBY KELUAR', NULL, '2020-07-17', 2020, '1596777059_KV-MAN-SBY-2007-0010 SD KV-MAN-SBY-2007-0015.pdf', 'pdf', '2,62 MB', 0, 1, 60, 60, '2020-08-07 05:10:59', '2020-08-07 05:10:59', NULL),
(1254, 14, 'K-K-SBY-2007-423', 'KAS KELUAR SURABAYA TGL 24 JULI  2020', NULL, '2020-07-24', 2020, '1596777067_K-K-SBY-2007-423 TGL 24.07.pdf', 'pdf', '2,43 MB', 0, 1, 46, 46, '2020-08-07 05:11:07', '2020-08-07 05:11:07', NULL),
(1255, 15, 'KV-MAN-SBY-2007-0016', 'VA MAN SBY KELUAR', NULL, '2020-07-20', 2020, '1596777086_KV-MAN-SBY-2007-0016.pdf', 'pdf', '443,55 KB', 0, 1, 60, 60, '2020-08-07 05:11:26', '2020-08-07 05:11:26', NULL),
(1256, 15, 'KV-MAN-SBY-2007-0017 SD KV-MAN-SBY-2007-0020', 'VA MAN SBY KELUAR', NULL, '2020-07-27', 2020, '1596777109_KV-MAN-SBY-2007-0017 SD KV-MAN-SBY-2007-0019.pdf', 'pdf', '1,09 MB', 0, 1, 60, 60, '2020-08-07 05:11:49', '2020-08-07 05:12:44', NULL),
(1257, 14, 'K-K-SBY-2007-424', 'KAS KELUAR SURABAYA TGL 24 JULI  2020', NULL, '2020-07-24', 2020, '1596777137_K-K-SBY-2007-424 TGL 24.07.pdf', 'pdf', '2,33 MB', 0, 1, 46, 46, '2020-08-07 05:12:17', '2020-08-07 05:12:17', NULL),
(1258, 15, 'KV-MAN-SBY-2007-0021', 'VA MAN SBY KELUAR', NULL, '2020-07-27', 2020, '1596777149_KV-MAN-SBY-2007-0021.pdf', 'pdf', '423,84 KB', 0, 1, 60, 60, '2020-08-07 05:12:29', '2020-08-07 05:12:29', NULL),
(1259, 15, 'KV-MAN-SBY-2007-0022', 'VA MAN SBY KELUAR', NULL, '2020-07-29', 2020, '1596777186_KV-MAN-SBY-2007-0022.pdf', 'pdf', '444,07 KB', 0, 1, 60, 60, '2020-08-07 05:13:06', '2020-08-07 05:13:06', NULL),
(1260, 15, 'KV-MAN-SBY-2007-0023 SD KV-MAN-SBY-2007-0025', 'VA MAN SBY KELUAR', NULL, '2020-07-29', 2020, '1596777209_KV-MAN-SBY-2007-0023 SD KV-MAN-SBY-2007-0025.pdf', 'pdf', '959,96 KB', 0, 1, 60, 60, '2020-08-07 05:13:29', '2020-08-07 05:13:29', NULL),
(1261, 15, 'KV-MAN-SBY-2007-0026', 'VA MAN SBY KELUAR', NULL, '2020-06-30', 2020, '1596777233_KV-MAN-SBY-2007-0026.pdf', 'pdf', '439,1 KB', 0, 1, 60, 60, '2020-08-07 05:13:53', '2020-08-07 05:13:53', NULL),
(1262, 15, 'KV-MAN-SBY-2007-0030', 'VA MAN SBY KELUAR', NULL, '2020-07-30', 2020, '1596777252_KV-MAN-SBY-2007-0030.pdf', 'pdf', '465,13 KB', 0, 1, 60, 60, '2020-08-07 05:14:12', '2020-08-07 05:14:12', NULL),
(1263, 14, 'K-K-SBY-2007-425', 'KAS KELUAR SURABAYA TGL 24 JULI  2020', NULL, '2020-07-24', 2020, '1596778465_K-K-SBY-2007-425 TGL 24.07.pdf', 'pdf', '3,24 MB', 0, 1, 46, 46, '2020-08-07 05:34:25', '2020-08-07 05:34:25', NULL),
(1264, 14, 'K-K-SBY-2007-426,K-K-SBY-2007-427,K-K-SBY-2007-428,K-K-SBY-2007-429,K-K-SBY-2007-430', 'KAS KELUAR SURABAYA TGL 24 JULI  2020', NULL, '2020-07-24', 2020, '1596779441_K-K-SBY-2007-426,K-K-SBY-2007-427,K-K-SBY-2007-428,K-K-SBY-2007-429,K-K-SBY-2007-430 TGL 24.07.pdf', 'pdf', '43,24 MB', 0, 1, 46, 46, '2020-08-07 05:50:41', '2020-08-07 05:50:41', NULL),
(1265, 14, 'K-K-SBY-2007-431,K-K-SBY-2007-432,K-K-SBY-2007-433,K-K-SBY-2007-434,K-K-SBY-2007-435', 'KAS KELUAR SURABAYA TGL 24 JULI  2020', NULL, '2020-07-24', 2020, '1596779491_K-K-SBY-2007-431,K-K-SBY-2007-432,K-K-SBY-2007-433,K-K-SBY-2007-434,K-K-SBY-2007-435 TGL 24.07.pdf', 'pdf', '40,32 MB', 0, 1, 46, 46, '2020-08-07 05:51:32', '2020-08-07 05:51:32', NULL),
(1266, 14, 'K-K-SBY-2007-436,K-K-SBY-2007-437,K-K-SBY-2007-438,K-K-SBY-2007-439,K-K-SBY-2007-440', 'KAS KELUAR SURABAYA TGL 24 JULI  2020', NULL, '2020-07-24', 2020, '1596779538_K-K-SBY-2007-436,K-K-SBY-2007-437,K-K-SBY-2007-438,K-K-SBY-2007-439,K-K-SBY-2007-440 TGL 24.07.pdf', 'pdf', '15,75 MB', 0, 1, 46, 46, '2020-08-07 05:52:19', '2020-08-07 05:52:19', NULL),
(1267, 14, 'K-K-SBY-2007-441,K-K-SBY-2007-442,K-K-SBY-2007-443,K-K-SBY-2007-444,K-K-SBY-2007-445', 'KAS KELUAR SURABAYA TGL 24 JULI  2020', NULL, '2020-07-24', 2020, '1596779620_K-K-SBY-2007-441,K-K-SBY-2007-442,K-K-SBY-2007-443,K-K-SBY-2007-444,K-K-SBY-2007-445 TGL 24.07.pdf', 'pdf', '12,36 MB', 0, 1, 46, 46, '2020-08-07 05:53:40', '2020-08-07 05:53:40', NULL),
(1268, 14, 'K-K-SBY-2007-446,K-K-SBY-2007-447,K-K-SBY-2007-448,K-K-SBY-2007-449,K-K-SBY-2007-450', 'KAS KELUAR SURABAYA TGL 24 JULI  2020', NULL, '2020-07-24', 2020, '1596779658_K-K-SBY-2007-446,K-K-SBY-2007-447,K-K-SBY-2007-448,K-K-SBY-2007-449,K-K-SBY-2007-450 TGL 24.07.pdf', 'pdf', '22,7 MB', 0, 1, 46, 46, '2020-08-07 05:54:18', '2020-08-07 05:54:18', NULL),
(1269, 14, 'K-K-SBY-2007-452,K-K-SBY-2007-453,K-K-SBY-2007-454,K-K-SBY-2007-455', 'KAS KELUAR SURABAYA TGL 24 JULI  2020', NULL, '2020-07-24', 2020, '1596779693_K-K-SBY-2007-452,K-K-SBY-2007-453,K-K-SBY-2007-454,K-K-SBY-2007-455 TGL 24.07.pdf', 'pdf', '7,77 MB', 0, 1, 46, 46, '2020-08-07 05:54:53', '2020-08-07 05:54:53', NULL),
(1270, 14, 'M-K-DPS-2007-001,M-K-SBY-2007-017,M-K-SBY-2007-018,M-K-SBY-2007-020', 'KAS KELUAR SURABAYA TGL 24 JULI  2020', NULL, '2020-07-24', 2020, '1596779725_M-K-DPS-2007-001,M-K-SBY-2007-017,M-K-SBY-2007-018,M-K-SBY-2007-020 TGL 24.07.pdf', 'pdf', '5,81 MB', 0, 1, 46, 46, '2020-08-07 05:55:25', '2020-08-07 05:55:25', NULL),
(1271, 14, 'K-K-SBY-2007-456,K-K-SBY-2007-457,K-K-SBY-2007-458,K-K-SBY-2007-459,K-K-SBY-2007-460', 'KAS KELUAR SURABAYA TGL 27 JULI 2020', NULL, '2020-07-27', 2020, '1596790145_K-K-SBY-2007-456,457,458,459,460 KAS TGL 27 JULI 2020.pdf', 'pdf', '37,31 MB', 0, 1, 43, 43, '2020-08-07 08:49:05', '2020-08-07 08:49:05', NULL),
(1272, 14, 'K-K-SBY-2007-461,K-K-SBY-2007-462,K-K-SBY-2007-463,K-K-SBY-2007-465', 'KAS KELUAR SURABAYA TGL 27 JULI 2020', NULL, '2020-07-27', 2020, '1596790222_K-K-SBY-2007-461,462,463,465 KAS TGL 27 JULI 2020.pdf', 'pdf', '32,05 MB', 0, 1, 43, 43, '2020-08-07 08:50:22', '2020-08-07 08:50:22', NULL),
(1273, 14, 'K-K-SBY-2007-464,K-K-SBY-2007-466,K-K-SBY-2007-467,K-K-SBY-2007-468,K-K-SBY-2007-469', 'KAS KELUAR SURABAYA TGL 27 JULI 2020', NULL, '2020-07-27', 2020, '1596790284_K-K-SBY-2007-464,466,468,469 KAS TGL 27 JULI 2020.pdf', 'pdf', '23,17 MB', 0, 1, 43, 43, '2020-08-07 08:51:24', '2020-08-07 08:55:51', NULL),
(1274, 14, 'K-K-SBY-2007-472', 'KAS KELUAR SURABAYA TGL 27 JULI 2020', NULL, '2020-07-27', 2020, '1596790325_K-K-SBY-2007-472 KAS TGL 27 JULI 2020.pdf', 'pdf', '12,56 MB', 0, 1, 43, 43, '2020-08-07 08:52:05', '2020-08-07 08:52:05', NULL),
(1275, 14, 'K-K-SBY-2007-474,K-K-SBY-2007-475,K-K-SBY-2007-476,K-K-SBY-2007-477,K-K-SBY-2007-478', 'KAS KELUAR SURABAYA TGL 27 JULI 2020', NULL, '2020-07-27', 2020, '1596790415_K-K-SBY-2007-474,475,476,477,478 KAS TGL 27 JULI 2020.pdf', 'pdf', '31,27 MB', 0, 1, 43, 43, '2020-08-07 08:53:35', '2020-08-07 08:53:35', NULL),
(1276, 14, 'K-K-SBY-2007-479', 'KAS KELUAR SURABAYA TGL 27 JULI 2020', NULL, '2020-07-27', 2020, '1596790526_K-K-SBY-2007-479 KAS TGL 27 JULI 2020 NEW.pdf', 'pdf', '8,07 MB', 0, 1, 43, 43, '2020-08-07 08:55:26', '2020-08-07 08:55:26', NULL),
(1277, 14, 'M-K-SBY-2007-021', 'KAS MASUK SURABAYA TGL 27 JULI 2020', NULL, '2020-07-27', 2020, '1596790600_M-K-SBY-2007-021 KAS TGL 27 JULI 2020.pdf', 'pdf', '811,73 KB', 0, 1, 43, 43, '2020-08-07 08:56:40', '2020-08-07 08:56:40', NULL),
(1278, 14, 'M-K-SBY-2007-022', 'KAS MASUK SURABAYA TGL 27 JULI 2020', NULL, '2020-07-27', 2020, '1596790635_M-K-SBY-2007-022 KAS TGL 27 JULI 2020.pdf', 'pdf', '1,03 MB', 0, 1, 43, 43, '2020-08-07 08:57:15', '2020-08-07 08:57:15', NULL),
(1279, 14, 'M-K-SBY-2007-023', 'KAS MASUK SURABAYA TGL 27 JULI 2020', NULL, '2020-07-27', 2020, '1596790663_M-K-SBY-2007-023 KAS TGL 27 JULI 2020.pdf', 'pdf', '779,46 KB', 0, 1, 43, 43, '2020-08-07 08:57:43', '2020-08-07 08:57:43', NULL),
(1280, 14, 'K-K-SBY-2007-502,K-K-SBY-2007-503,K-K-SBY-2007-504,K-K-SBY-2007-505,K-K-SBY-2007-506', 'KAS KELUAR SURABAYA TGL 29 JULI 2020', NULL, '2020-07-29', 2020, '1596792723_K-K-SBY-2020-VII-502,503,504,505,506 KAS TGL 29 JULI.pdf', 'pdf', '9,86 MB', 0, 1, 43, 43, '2020-08-07 09:32:03', '2020-08-07 09:32:03', NULL),
(1281, 14, 'K-K-SBY-2007-507,K-K-SBY-2007-508,K-K-SBY-2007-509,K-K-SBY-2007-510,K-K-SBY-2007-511', 'KAS KELUAR SURABAYA TGL 29 JULI 2020', NULL, '2020-07-29', 2020, '1596792837_K-K-SBY-2020-VII-507,508,509,510,511 KAS TGL 29 JULI.pdf', 'pdf', '14,18 MB', 0, 1, 43, 43, '2020-08-07 09:33:57', '2020-08-07 09:33:57', NULL),
(1282, 14, 'K-K-SBY-2007-512,K-K-SBY-2007-513', 'KAS KELUAR SURABAYA TGL 29 JULI 2020', NULL, '2020-07-29', 2020, '1596792914_K-K-SBY-2020-VII-513,512 KAS TGL 29 JULI.pdf', 'pdf', '4,17 MB', 0, 1, 43, 43, '2020-08-07 09:35:14', '2020-08-07 09:35:14', NULL),
(1283, 14, 'K-K-SBY-2008-001,K-K-SBY-2008-002,K-K-SBY-2008-003,K-K-SBY-2008-004,K-K-SBY-2008-005', 'KAS KELUAR SURABAYA TGL 03 AGUSTUS 2020', NULL, '2020-08-03', 2020, '1597138655_K-K-SBY-2008-001-005 KAS TGL 3 AGUSTUS 20.pdf', 'pdf', '8,28 MB', 0, 1, 43, 43, '2020-08-11 09:37:35', '2020-08-11 09:37:35', NULL),
(1284, 14, 'K-K-SBY-2008-006,K-K-SBY-2008-007,K-K-SBY-2008-008,K-K-SBY-2008-009,K-K-SBY-2008-010', 'KAS KELUAR SURABAYA TGL 03 AGUSTUS 2020', NULL, '2020-08-03', 2020, '1597138700_K-K-SBY-2008-006-010 KAS TGL 3 AGUSTUS 20.pdf', 'pdf', '39,54 MB', 0, 1, 43, 43, '2020-08-11 09:38:21', '2020-08-11 09:38:21', NULL),
(1285, 14, 'K-K-SBY-2008-011,K-K-SBY-2008-012,K-K-SBY-2008-013,K-K-SBY-2008-014,K-K-SBY-2008-015', 'KAS KELUAR SURABAYA TGL 03 AGUSTUS 2020', NULL, '2020-08-03', 2020, '1597138752_K-K-SBY-2008-011-015 KAS TGL 3 AGUSTUS 20.pdf', 'pdf', '48,61 MB', 0, 1, 43, 43, '2020-08-11 09:39:12', '2020-08-11 09:39:12', NULL),
(1286, 14, 'K-K-SBY-2008-016,K-K-SBY-2008-017,K-K-SBY-2008-018,K-K-SBY-2008-019,K-K-SBY-2008-020', 'KAS KELUAR SURABAYA TGL 03 AGUSTUS 2020', NULL, '2020-08-03', 2020, '1597138787_K-K-SBY-2008-016-020 KAS TGL 3 AGUSTUS 20.pdf', 'pdf', '19,69 MB', 0, 1, 43, 43, '2020-08-11 09:39:47', '2020-08-11 09:39:47', NULL),
(1287, 14, 'K-K-SBY-2008-021,K-K-SBY-2008-022,K-K-SBY-2008-023,K-K-SBY-2008-024', 'KAS KELUAR SURABAYA TGL 03 AGUSTUS 2020', NULL, '2020-08-03', 2020, '1597138827_K-K-SBY-2008-021-024 KAS TGL 3 AGUSTUS 20.pdf', 'pdf', '12,57 MB', 0, 1, 43, 43, '2020-08-11 09:40:27', '2020-08-11 09:40:27', NULL),
(1288, 14, 'M-K-SBY-2008-001', 'KAS MASUK SURABAYA TGL 03 AGUSTUS 2020', NULL, '2020-08-03', 2020, '1597138857_M-K-SBY-2008-001 KAS TGL 3 AGUSTUS 20.pdf', 'pdf', '1,89 MB', 0, 1, 43, 43, '2020-08-11 09:40:57', '2020-08-11 09:40:57', NULL),
(1289, 10, 'FIN-SBY-2020-VIII-035,FIN-SBY-2020-VIII-036,FIN-SBY-2020-VIII-037', 'PENGAJUAN DANA KAS SURABAYA TGL 22 JULI, 23 JULI, 24 JULI', NULL, '2020-08-11', 2020, '1597139920_FIN-SBY-2020-VIII-035,36,37 PD KAS 22,23,24 JULI .pdf', 'pdf', '3,22 MB', 0, 1, 43, 43, '2020-08-11 09:58:40', '2020-08-11 09:58:40', NULL),
(1290, 10, 'FIN-SBY-2020-VIII-009', 'PENGAJUAN DANA KAS SURABAYA TGL 04 AGUSTUS 2020', NULL, '2020-08-11', 2020, '1597139962_FIN-SBY-2020-VIII-009 PD KAS 4 AGST 20.pdf', 'pdf', '2,12 MB', 0, 1, 43, 43, '2020-08-11 09:59:22', '2020-08-11 09:59:22', NULL),
(1291, 10, 'FIN-SBY-2020-VIII-008', 'PENGAJUAN DANA KAS SURABAYA TGL 03 AGUSTUS 2020', NULL, '2020-08-11', 2020, '1597139994_FIN-SBY-2020-VIII-008 PD KAS 3 AGST 20.pdf', 'pdf', '819,89 KB', 0, 1, 43, 43, '2020-08-11 09:59:54', '2020-08-11 09:59:54', NULL),
(1292, 16, 'FIN-SBY-2020-VIII-0006', 'PENGAJUAN DANA KAS SURABAYA TGL 30 JULI 2020', NULL, '2020-08-11', 2020, '1597140355_FIN-SBY-2020-VIII-0006 PD KAS 30 JULI.pdf', 'pdf', '1,78 MB', 0, 1, 43, 43, '2020-08-11 10:05:55', '2020-08-11 10:05:55', NULL),
(1293, 16, 'FIN-SBY-2020-VIII-0001,FIN-SBY-2020-VIII-0007', 'PENGAJUAN DANA BPJS & ALKES AGUSTUS 2020, PENGAJUAN DANA PERJALANAN PER 01-15 AGUSTU 2020', NULL, '2020-08-11', 2020, '1597140435_FIN-SBY-2020-VIII-0001 PD BPJS ALKES AGST, FIN-SBY-2020-VIII-0007 PD UT PER 1-15 AGTS.pdf', 'pdf', '1,34 MB', 0, 1, 43, 43, '2020-08-11 10:07:15', '2020-08-11 10:07:15', NULL),
(1294, 10, 'FIN-SBY-2020-VII-0028', 'PENGAJUAN DANA KAS SURABAYA TGL 20 JULI 2020', NULL, '2020-08-11', 2020, '1597140475_FIN-SBY-2020-VII-0028 KAS TGL 20 JULI.pdf', 'pdf', '260,53 KB', 0, 1, 43, 43, '2020-08-11 10:07:55', '2020-08-11 10:07:55', NULL),
(1295, 16, 'FIN-SBY-2020-VI-0007', 'PENGAJUAN DANA BY TELEPON JUNI 2020', NULL, '2020-08-11', 2020, '1597140587_FIN-SBY-2020-VI-0007 PD TELP JUNI 2020.pdf', 'pdf', '223,11 KB', 0, 1, 43, 43, '2020-08-11 10:09:47', '2020-08-11 10:09:47', NULL),
(1296, 15, 'K-MAN-SBY-2007-001 S/D K-MAN-SBY-2007-036', 'VOUCHER BANK MANDIRI 3761 TGL 1 S/D 20JULI 2020 TGL', NULL, '2020-08-11', 2020, '1597141728_K-MAN-SBY-2007-001-036.pdf', 'pdf', '193,66 MB', 0, 1, 43, 43, '2020-08-11 10:28:48', '2020-08-11 10:28:48', NULL),
(1297, 15, 'K-MAN-SBY-2007-053 S/D K-MAN-SBY-2007-079', 'VOUCHER BANK MANDIRI 3761 TGL 27-30 JULI 2020', NULL, '2020-08-11', 2020, '1597142552_K-MAN-SBY-2007-0053-79 MANDIRI JULI 27-30 JULI 20.pdf', 'pdf', '90,96 MB', 0, 1, 43, 43, '2020-08-11 10:42:32', '2020-08-11 10:42:32', NULL),
(1298, 15, 'MV-BNI-SBY-2007-019', 'VA BNI SBY MASUK', NULL, '2020-07-30', 2020, '1597383545_MV-BNI-SBY-2007-019.pdf', 'pdf', '1,1 MB', 0, 1, 60, 60, '2020-08-14 05:39:05', '2020-08-14 05:39:05', NULL),
(1299, 15, 'MV-BNI-SBY-2007-020', 'VA BNI SBY MASUK', NULL, '2020-07-30', 2020, '1597383834_MV-BNI-SBY-2007-020.pdf', 'pdf', '1,66 MB', 0, 1, 60, 60, '2020-08-14 05:43:54', '2020-08-14 05:43:54', NULL),
(1300, 15, 'MV-BNI-SBY-2007-021', 'VA BNI SBY MASUK', NULL, '2020-07-30', 2020, '1597383885_MV-BNI-SBY-2007-021.pdf', 'pdf', '1,32 MB', 0, 1, 60, 60, '2020-08-14 05:44:45', '2020-08-14 05:44:45', NULL),
(1301, 15, 'MV-BNI-SBY-2007-021', 'VA BNI SBY MASUK', NULL, '2020-07-30', 2020, '1597383919_MV-BNI-SBY-2007-021.pdf', 'pdf', '1,32 MB', 0, 2, 60, 60, '2020-08-14 05:45:19', '2020-08-14 05:45:33', 60),
(1302, 15, 'KV-BNI-SBY-2007-013', 'VA BNI SBY KELUAR', NULL, '2020-07-30', 2020, '1597383973_KV-BNI-SBY-2007-013.pdf', 'pdf', '449,08 KB', 0, 1, 60, 60, '2020-08-14 05:46:13', '2020-08-14 05:46:13', NULL),
(1303, 15, 'KV-BNI-SBY-2007-014 SD KV-BNI-SBY-2007-015', 'VA BNI SBY KELUAR', NULL, '2020-07-30', 2020, '1597384000_KV-BNI-SBY-2007-014 SD KV-BNI-SBY-2007-015.pdf', 'pdf', '594,12 KB', 0, 1, 60, 60, '2020-08-14 05:46:40', '2020-08-14 05:46:40', NULL),
(1304, 15, 'MV-BNI-DPS-2007-004', 'VA BNI DPS MASUK', NULL, '2020-07-30', 2020, '1597384034_MV-BNI-DPS-2007-004.pdf', 'pdf', '1,09 MB', 0, 1, 60, 60, '2020-08-14 05:47:14', '2020-08-14 05:47:14', NULL),
(1305, 15, 'MV-BNI-DPS-2007-005', 'VA BNI DPS MASUK', NULL, '2020-07-30', 2020, '1597384068_MV-BNI-DPS-2007-005.pdf', 'pdf', '1,35 MB', 0, 1, 60, 60, '2020-08-14 05:47:48', '2020-08-14 05:47:48', NULL),
(1306, 15, 'MV-BNI-DPS-2007-006', 'VA BNI DPS MASUK', NULL, '2020-07-30', 2020, '1597384102_MV-BNI-DPS-2007-006.pdf', 'pdf', '1,07 MB', 0, 1, 60, 60, '2020-08-14 05:48:22', '2020-08-14 05:48:22', NULL),
(1307, 15, 'MV-BNI-DPS-2007-007', 'VA BNI DPS MASUK', NULL, '2020-07-30', 2020, '1597384220_MV-BNI-DPS-2007-007.pdf', 'pdf', '2,43 MB', 0, 1, 60, 60, '2020-08-14 05:50:20', '2020-08-14 05:50:20', NULL),
(1308, 15, 'MV-BNI-DPS-2007-008', 'VA BNI DPS MASUK', NULL, '2020-07-30', 2020, '1597384269_MV-BNI-DPS-2007-008.pdf', 'pdf', '1,05 MB', 0, 1, 60, 60, '2020-08-14 05:51:09', '2020-08-14 05:51:09', NULL),
(1309, 15, 'MV-BNI-DPS-2007-009', 'VA BNI DPS MASUK', NULL, '2020-07-30', 2020, '1597384323_MV-BNI-DPS-2007-009.pdf', 'pdf', '2,19 MB', 0, 1, 60, 60, '2020-08-14 05:52:03', '2020-08-14 05:52:03', NULL),
(1310, 15, 'MV-BNI-DPS-2007-010', 'VA BNI DPS MASUK', NULL, '2020-07-30', 2020, '1597384427_MV-BNI-DPS-2007-010.pdf', 'pdf', '2,65 MB', 0, 1, 60, 60, '2020-08-14 05:53:48', '2020-08-14 05:53:48', NULL),
(1311, 15, 'KV-BNI-DPS-2007-004', 'VA BNI DPS KELUAR', NULL, '2020-07-30', 2020, '1597397150_KV-BNI-DPS-2007-004.pdf', 'pdf', '522,04 KB', 0, 1, 60, 60, '2020-08-14 09:25:50', '2020-08-14 09:25:50', NULL),
(1312, 15, 'KV-BNI-DPS-2007-005 SD KV-BNI-DPS-2007-006', 'VA BNI DPS KELUAR', NULL, '2020-07-30', 2020, '1597397189_KV-BNI-DPS-2007-005 SD KV-BNI-DPS-2007-006.pdf', 'pdf', '818,39 KB', 0, 1, 60, 60, '2020-08-14 09:26:29', '2020-08-14 09:26:29', NULL),
(1313, 15, 'KV-BNI-DPS-2007-007 SD KV-BNI-DPS-2007-009', 'VA BNI DPS KELUAR', NULL, '2020-07-30', 2020, '1597397235_KV-BNI-DPS-2007-007 SD KV-BNI-DPS-2007-009.pdf', 'pdf', '858,23 KB', 0, 1, 60, 60, '2020-08-14 09:27:15', '2020-08-14 09:27:15', NULL),
(1314, 15, 'MV-BCA-SBY-2007-025', 'VA BCA SBY MASUK', NULL, '2020-07-30', 2020, '1597397297_MV-BCA-SBY-2007-025.pdf', 'pdf', '1,96 MB', 0, 1, 60, 60, '2020-08-14 09:28:17', '2020-08-14 09:28:34', NULL),
(1315, 15, 'MV-BCA-SBY-2007-026', 'VA BCA SBY MASUK', NULL, '2020-07-30', 2020, '1597397351_MV-BCA-SBY-2007-026.pdf', 'pdf', '1,42 MB', 0, 1, 60, 60, '2020-08-14 09:29:11', '2020-08-14 09:29:11', NULL),
(1316, 15, 'MV-BCA-SBY-2007-027', 'VA BCA SBY MASUK', NULL, '2020-07-30', 2020, '1597397400_MV-BCA-SBY-2007-027.pdf', 'pdf', '1,09 MB', 0, 1, 60, 60, '2020-08-14 09:30:00', '2020-08-14 09:30:00', NULL),
(1317, 15, 'MV-BCA-SBY-2007-028', 'VA BCA SBY MASUK', NULL, '2020-07-30', 2020, '1597397473_MV-BCA-SBY-2007-028.pdf', 'pdf', '1,4 MB', 0, 1, 60, 60, '2020-08-14 09:31:13', '2020-08-14 09:31:13', NULL),
(1318, 15, 'MV-BCA-SBY-2007-029', 'VA BCA SBY MASUK', NULL, '2020-07-30', 2020, '1597397518_MV-BCA-SBY-2007-029.pdf', 'pdf', '1,82 MB', 0, 1, 60, 60, '2020-08-14 09:31:58', '2020-08-14 09:31:58', NULL),
(1319, 15, 'KV-BCA-SBY-2007-025 SD KV-BCA-SBY-2007-029', 'VA BCA SBY KELUAR', NULL, '2020-07-30', 2020, '1597397572_KV-BCA-SBY-2007-025 SD KV-BCA-SBY-2007-029.pdf', 'pdf', '1,57 MB', 0, 1, 60, 60, '2020-08-14 09:32:52', '2020-08-14 09:32:52', NULL),
(1320, 15, 'KV-BCA-SBY-2007-031 SD KV-BCA-SBY-2007-032', 'VA BCA SBY KELUAR', NULL, '2020-07-30', 2020, '1597397616_KV-BCA-SBY-2007-031 SD KV-BCA-SBY-2007-032.pdf', 'pdf', '904,18 KB', 0, 1, 60, 60, '2020-08-14 09:33:36', '2020-08-14 09:33:36', NULL),
(1321, 15, 'KV-BCA-SBY-2007-033 SD KV-BCA-SBY-2007-036', 'VA BCA SBY KELUAR', NULL, '2020-07-30', 2020, '1597397672_KV-BCA-SBY-2007-033 SD KV-BCA-SBY-2007-036.pdf', 'pdf', '1,08 MB', 0, 1, 60, 60, '2020-08-14 09:34:32', '2020-08-14 09:34:32', NULL),
(1322, 15, 'KV-BCA-SBY-2007-034 SD KV-BCA-SBY-2007-036', 'VA BCA SBY KELUAR', NULL, '2020-07-30', 2020, '1597397715_KV-BCA-SBY-2007-034 SD KV-BCA-SBY-2007-036.pdf', 'pdf', '1,08 MB', 0, 1, 60, 60, '2020-08-14 09:35:15', '2020-08-14 09:35:15', NULL),
(1323, 15, 'MV-BCA-DPS-2007-003', 'VA BCA DPS MASUK', NULL, '2020-07-30', 2020, '1597397752_MV-BCA-DPS-2007-003.pdf', 'pdf', '1,05 MB', 0, 1, 60, 60, '2020-08-14 09:35:52', '2020-08-14 09:35:52', NULL),
(1324, 15, 'M-PMT-SBY-2007-016', 'BANK PERMATA MASUK', NULL, '2020-07-30', 2020, '1597397793_M-PMT-SBY-2007-016.pdf', 'pdf', '1,33 MB', 0, 1, 60, 60, '2020-08-14 09:36:33', '2020-08-14 09:36:33', NULL),
(1325, 15, 'M-PMT-SBY-2007-017', 'BANK PERMATA MASUK', NULL, '2020-07-30', 2020, '1597398086_M-PMT-SBY-2007-017.pdf', 'pdf', '1,89 MB', 0, 1, 60, 60, '2020-08-14 09:41:26', '2020-08-14 09:41:26', NULL),
(1326, 15, 'M-PMT-SBY-2007-018', 'BANK PERMATA MASUK', NULL, '2020-07-30', 2020, '1597398120_M-PMT-SBY-2007-018.pdf', 'pdf', '1,28 MB', 0, 1, 60, 60, '2020-08-14 09:42:00', '2020-08-14 09:42:00', NULL),
(1327, 15, 'M-PMT-SBY-2007-018', 'BANK PERMATA MASUK', NULL, '2020-07-30', 2020, '1597398132_M-PMT-SBY-2007-018.pdf', 'pdf', '1,28 MB', 0, 1, 60, 60, '2020-08-14 09:42:12', '2020-08-14 09:42:12', NULL),
(1328, 15, 'M-PMT-SBY-2007-020', 'BANK PERMATA MASUK', NULL, '2020-07-30', 2020, '1597398166_M-PMT-SBY-2007-020.pdf', 'pdf', '1,23 MB', 0, 1, 60, 60, '2020-08-14 09:42:46', '2020-08-14 09:42:46', NULL),
(1329, 15, 'M-PMT-SBY-2007-019', 'BANK PERMATA MASUK', NULL, '2020-07-30', 2020, '1597398204_M-PMT-SBY-2007-019.pdf', 'pdf', '1,24 MB', 0, 1, 60, 60, '2020-08-14 09:43:24', '2020-08-14 09:43:24', NULL),
(1330, 15, 'M-PMT-SBY-2007-021', 'BANK PERMATA MASUK', NULL, '2020-07-30', 2020, '1597398260_M-PMT-SBY-2007-021.pdf', 'pdf', '2,29 MB', 0, 1, 60, 60, '2020-08-14 09:44:20', '2020-08-14 09:44:20', NULL),
(1331, 14, 'K-K-SBY-2007-480', 'KAS KELUAR SURABAYA TGL 28 JULI  2020', NULL, '2020-07-28', 2020, '1597811885_K-K-SBY-2007-480 TGL 28.07.pdf', 'pdf', '11,87 MB', 0, 1, 46, 46, '2020-08-19 04:38:05', '2020-08-19 04:38:05', NULL),
(1332, 14, 'K-K-SBY-2007-481', 'KAS KELUAR SURABAYA TGL 28 JULI  2020', NULL, '2020-07-28', 2020, '1597811979_K-K-SBY-2007-481 TGL 28.07.pdf', 'pdf', '6,36 MB', 0, 1, 46, 46, '2020-08-19 04:39:39', '2020-08-19 04:39:39', NULL),
(1333, 14, 'K-K-SBY-2007-482', 'KAS KELUAR SURABAYA TGL 28 JULI  2020', NULL, '2020-07-28', 2020, '1597812071_K-K-SBY-2007-482 TGL 28.07.pdf', 'pdf', '8,18 MB', 0, 1, 46, 46, '2020-08-19 04:41:11', '2020-08-19 04:41:11', NULL),
(1334, 14, 'K-K-SBY-2007-483', 'KAS KELUAR SURABAYA TGL 28 JULI  2020', NULL, '2020-07-28', 2020, '1597812096_K-K-SBY-2007-483 TGL 28.07.pdf', 'pdf', '28,56 MB', 0, 1, 46, 46, '2020-08-19 04:41:36', '2020-08-19 04:41:36', NULL),
(1335, 14, 'K-K-SBY-2007-484', 'KAS KELUAR SURABAYA TGL 28 JULI  2020', NULL, '2020-07-28', 2020, '1597812123_K-K-SBY-2007-484 TGL 28.07.pdf', 'pdf', '3,06 MB', 0, 1, 46, 46, '2020-08-19 04:42:03', '2020-08-19 04:42:03', NULL),
(1336, 14, 'K-K-SBY-2007-485', 'KAS KELUAR SURABAYA TGL 28 JULI  2020', NULL, '2020-07-28', 2020, '1597812147_K-K-SBY-2007-485 TGL 28.07.pdf', 'pdf', '1,13 MB', 0, 1, 46, 46, '2020-08-19 04:42:27', '2020-08-19 04:42:27', NULL),
(1337, 14, 'K-K-SBY-2007-486', 'KAS KELUAR SURABAYA TGL 28 JULI  2020', NULL, '2020-07-28', 2020, '1597812174_K-K-SBY-2007-486 TGL 28.07.pdf', 'pdf', '6,11 MB', 0, 1, 46, 46, '2020-08-19 04:42:54', '2020-08-19 04:42:54', NULL),
(1338, 14, 'K-K-SBY-2007-487', 'KAS KELUAR SURABAYA TGL 28 JULI  2020', NULL, '2020-07-28', 2020, '1597812197_K-K-SBY-2007-487 TGL 28.07.pdf', 'pdf', '3,63 MB', 0, 1, 46, 46, '2020-08-19 04:43:17', '2020-08-19 04:43:17', NULL),
(1339, 14, 'K-K-SBY-2007-488', 'KAS KELUAR SURABAYA TGL 28 JULI  2020', NULL, '2020-07-28', 2020, '1597812221_K-K-SBY-2007-488 TGL 28.07.pdf', 'pdf', '3,72 MB', 0, 1, 46, 46, '2020-08-19 04:43:41', '2020-08-19 04:43:41', NULL),
(1340, 14, 'K-K-SBY-2007-489', 'KAS KELUAR SURABAYA TGL 28 JULI  2020', NULL, '2020-07-28', 2020, '1597812252_K-K-SBY-2007-489 TGL 28.07.pdf', 'pdf', '2,41 MB', 0, 1, 46, 46, '2020-08-19 04:44:12', '2020-08-19 04:44:12', NULL),
(1341, 14, 'K-K-SBY-2007-490', 'KAS KELUAR SURABAYA TGL 28 JULI  2020', NULL, '2020-07-28', 2020, '1597812273_K-K-SBY-2007-490 TGL 28.07.pdf', 'pdf', '3,27 MB', 0, 1, 46, 46, '2020-08-19 04:44:33', '2020-08-19 04:44:33', NULL),
(1342, 14, 'K-K-SBY-2007-491', 'KAS KELUAR SURABAYA TGL 28 JULI  2020', NULL, '2020-07-28', 2020, '1597812298_K-K-SBY-2007-491 TGL 28.07.pdf', 'pdf', '3,21 MB', 0, 1, 46, 46, '2020-08-19 04:44:58', '2020-08-19 04:44:58', NULL),
(1343, 14, 'K-K-SBY-2007-492', 'KAS KELUAR SURABAYA TGL 28 JULI  2020', NULL, '2020-07-28', 2020, '1597812320_K-K-SBY-2007-492 TGL 28.07.pdf', 'pdf', '24,11 MB', 0, 1, 46, 46, '2020-08-19 04:45:20', '2020-08-19 04:45:20', NULL),
(1344, 14, 'K-K-SBY-2007-493', 'KAS KELUAR SURABAYA TGL 28 JULI  2020', NULL, '2020-07-28', 2020, '1597812341_K-K-SBY-2007-493 TGL 28.07.pdf', 'pdf', '1,16 MB', 0, 1, 46, 46, '2020-08-19 04:45:41', '2020-08-19 04:45:41', NULL),
(1345, 14, 'K-K-SBY-2007-494', 'KAS KELUAR SURABAYA TGL 28 JULI  2020', NULL, '2020-07-28', 2020, '1597812364_K-K-SBY-2007-494 TGL 28.07.pdf', 'pdf', '7,12 MB', 0, 1, 46, 46, '2020-08-19 04:46:04', '2020-08-19 04:46:04', NULL),
(1346, 14, 'K-K-SBY-2007-495', 'KAS KELUAR SURABAYA TGL 28 JULI  2020', NULL, '2020-07-28', 2020, '1597812423_K-K-SBY-2007-495 TGL 28.07.pdf', 'pdf', '14,71 MB', 0, 1, 46, 46, '2020-08-19 04:47:03', '2020-08-19 04:47:03', NULL),
(1347, 14, 'K-K-SBY-2007-496', 'KAS KELUAR SURABAYA TGL 28 JULI  2020', NULL, '2020-07-28', 2020, '1597812443_K-K-SBY-2007-496 TGL 28.07.pdf', 'pdf', '14,59 MB', 0, 1, 46, 46, '2020-08-19 04:47:23', '2020-08-19 04:47:23', NULL),
(1348, 14, 'K-K-SBY-2007-497', 'KAS KELUAR SURABAYA TGL 28 JULI  2020', NULL, '2020-07-28', 2020, '1597812465_K-K-SBY-2007-497 TGL 28.07.pdf', 'pdf', '7,39 MB', 0, 1, 46, 46, '2020-08-19 04:47:45', '2020-08-19 04:47:45', NULL),
(1349, 14, 'K-K-SBY-2007-498', 'KAS KELUAR SURABAYA TGL 28 JULI  2020', NULL, '2020-07-28', 2020, '1597812486_K-K-SBY-2007-498 TGL 28.07.pdf', 'pdf', '6,94 MB', 0, 1, 46, 46, '2020-08-19 04:48:06', '2020-08-19 04:48:06', NULL),
(1350, 14, 'K-K-SBY-2007-499', 'KAS KELUAR SURABAYA TGL 28 JULI  2020', NULL, '2020-07-28', 2020, '1597812504_K-K-SBY-2007-499 TGL 28.07.pdf', 'pdf', '13,65 MB', 0, 1, 46, 46, '2020-08-19 04:48:24', '2020-08-19 04:48:24', NULL),
(1351, 14, 'K-K-SBY-2007-500', 'KAS KELUAR SURABAYA TGL 28 JULI  2020', NULL, '2020-07-28', 2020, '1597812533_K-K-SBY-2007-500 TGL 28.07.pdf', 'pdf', '15,62 MB', 0, 1, 46, 46, '2020-08-19 04:48:53', '2020-08-19 04:48:53', NULL),
(1352, 14, 'M-K-SBY-2007-024', 'KAS MASUK SURABAYA TGL 28 JULI  2020', NULL, '2020-07-28', 2020, '1597812569_M-K-SBY-2007-024 TGL 27.07.pdf', 'pdf', '1,96 MB', 0, 1, 46, 46, '2020-08-19 04:49:29', '2020-08-19 04:49:44', NULL),
(1353, 15, 'KV-BNI-DPS-2008-001, MV-BNI-DPS-2008-001', 'VA BNI DPS MASUK &VA BNI DPS KELUAR', NULL, '2020-08-07', 2020, '1597831260_KV-BNI-DPS-2008-001, MV-BNI-DPS-2008-001.pdf', 'pdf', '13,73 MB', 0, 1, 60, 60, '2020-08-19 10:01:01', '2020-08-19 10:01:01', NULL),
(1354, 15, 'KV-BNI-SBY-2008-001 SD KV-BNI-SBY-2008-004', 'VA BNI SBY KELUAR', NULL, '2020-08-07', 2020, '1597832358_KV-BNI-SBY-2008-001 SD KV-BNI-SBY-2008-004.pdf', 'pdf', '4,18 MB', 0, 1, 60, 60, '2020-08-19 10:19:18', '2020-08-19 10:19:18', NULL),
(1355, 15, 'MV-BNI-SBY-2008-001 SD MV-BNI-SBY-2008-005', 'VA BNI SBY MASUK', NULL, '2020-08-07', 2020, '1598004595_MV-BNI-SBY-2008-001 SD MV-BNI-SBY-2008-005.pdf', 'pdf', '23,48 MB', 0, 1, 60, 60, '2020-08-21 10:09:55', '2020-08-21 10:09:55', NULL),
(1356, 15, 'MV-BCA-SBY-2008-001 SD MV-BCA-SBY-2008-002', 'VA BCA SBY MASUK', NULL, '2020-08-14', 2020, '1598004867_MV-BCA-SBY-2008-001 SD MV-BCA-SBY-2008-002.pdf', 'pdf', '6,74 MB', 0, 1, 60, 60, '2020-08-21 10:14:27', '2020-08-21 10:14:27', NULL),
(1357, 14, 'K-K-SBY-2008-088,K-K-SBY-2008-089,K-K-SBY-2008-090,K-K-SBY-2008-091,K-K-SBY-2008-092', 'KAS KELUAR SURABAYA TGL 06 AGUSTUS2020', NULL, '2020-08-06', 2020, '1598005171_K-K-SBY-2008-088-092 KAS 6 AGUSTUS 20.pdf', 'pdf', '21,23 MB', 0, 1, 43, 43, '2020-08-21 10:19:31', '2020-08-21 10:19:31', NULL),
(1358, 14, 'K-K-SBY-2008-093,K-K-SBY-2008-094,K-K-SBY-2008-095,K-K-SBY-2008-096,K-K-SBY-2008-097', 'KAS KELUAR SURABAYA TGL 06 AGUSTUS2020', NULL, '2020-08-06', 2020, '1598005233_K-K-SBY-2008-093-097 KAS 6 AGUSTUS20.pdf', 'pdf', '33,59 MB', 0, 1, 43, 43, '2020-08-21 10:20:33', '2020-08-21 10:20:33', NULL),
(1359, 14, 'K-K-SBY-2008-098,K-K-SBY-2008-099,K-K-SBY-2008-100,K-K-SBY-2008-101', 'KAS KELUAR SURABAYA TGL 06 AGUSTUS 2020', NULL, '2020-08-06', 2020, '1598005293_K-K-SBY-2008-098-101 KAS 6 AGUSTUS20.pdf', 'pdf', '8,41 MB', 0, 1, 43, 43, '2020-08-21 10:21:33', '2020-08-21 10:21:33', NULL),
(1360, 14, 'K-K-SBY-2008-105,K-K-SBY-2008-106,K-K-SBY-2008-107', 'KAS KELUAR SURABAYA TGL 06 AGUSTUS 2020', NULL, '2020-08-06', 2020, '1598005327_K-K-SBY-2008-105-107 KAS 6 AGUSTUS20.pdf', 'pdf', '14,31 MB', 0, 1, 43, 43, '2020-08-21 10:22:07', '2020-08-21 10:22:07', NULL),
(1361, 15, 'K-JTM-SBY-2008-001 SD K-JTM-SBY-2008-002', 'BANK JATIM KELUAR', NULL, '2020-08-06', 2020, '1598235032_K-JTM-SBY-2008-001 SD K-JTM-SBY-2008-002.pdf', 'pdf', '3,35 MB', 0, 1, 60, 60, '2020-08-24 02:10:32', '2020-08-24 02:10:32', NULL),
(1362, 15, 'K-JTM-SBY-2008-003 SD K-JTM-SBY-2008-004', 'BANK JATIM KELUAR', NULL, '2020-08-06', 2020, '1598235125_K-JTM-SBY-2008-003 SD K-JTM-SBY-2008-004.pdf', 'pdf', '7,58 MB', 0, 1, 60, 60, '2020-08-24 02:12:05', '2020-08-24 02:12:05', NULL),
(1363, 15, 'M-JTM-SBY-2008-001 SD M-JTM-SBY-2008-005', 'BANK JATIM MASUK', NULL, '2020-08-07', 2020, '1598237223_M-JTM-SBY-2008-001 SD M-JTM-SBY-2008-005.pdf', 'pdf', '74,19 MB', 0, 1, 60, 60, '2020-08-24 02:47:04', '2020-08-24 02:47:04', NULL),
(1364, 15, 'M-JTM-SBY-2008-006 SD M-JTM-SBY-2008-008', 'BANK JATIM MASUK', NULL, '2020-08-10', 2020, '1598249111_M-JTM-SBY-2008-006 SD M-JTM-SBY-2008-008.pdf', 'pdf', '101,13 MB', 0, 1, 60, 60, '2020-08-24 06:05:11', '2020-08-24 06:05:11', NULL),
(1365, 15, 'M-MAN-JKT-2008-005 SD M-MAN-JKT-2008-008', 'BANK MAN JKT', NULL, '2020-08-07', 2020, '1598250314_M-MAN-JKT-2008-005 SD M-MAN-JKT-2008-008.pdf', 'pdf', '7,27 MB', 0, 1, 60, 60, '2020-08-24 06:25:14', '2020-08-24 06:25:14', NULL),
(1366, 14, 'K-K-SBY-2008-025,K-K-SBY-2008-026,K-K-SBY-2008-027,K-K-SBY-2008-028,K-K-SBY-2008-029 TGL 04.08', 'KAS KELUAR SURABAYA TGL 04 AGUSTUS  2020', NULL, '2020-08-04', 2020, '1598252190_K-K-SBY-2008-025,K-K-SBY-2008-026,K-K-SBY-2008-027,K-K-SBY-2008-028,K-K-SBY-2008-029 TGL 04.08.pdf', 'pdf', '3,57 MB', 0, 1, 46, 46, '2020-08-24 06:56:30', '2020-08-24 06:56:30', NULL),
(1367, 14, 'K-K-SBY-2008-030,K-K-SBY-2008-031,K-K-SBY-2008-032,K-K-SBY-2008-033,K-K-SBY-2008-034 TGL 04.08', 'KAS KELUAR SURABAYA TGL 04 AGUSTUS  2020', NULL, '2020-08-04', 2020, '1598252247_K-K-SBY-2008-030,K-K-SBY-2008-031,K-K-SBY-2008-032,K-K-SBY-2008-033,K-K-SBY-2008-034 TGL 04.08.pdf', 'pdf', '13,57 MB', 0, 1, 46, 46, '2020-08-24 06:57:27', '2020-08-24 06:57:27', NULL),
(1368, 14, 'K-K-SBY-2008-035,K-K-SBY-2008-036,K-K-SBY-2008-037,K-K-SBY-2008-038,K-K-SBY-2008-039 TGL 04.08.', 'KAS KELUAR SURABAYA TGL 04 AGUSTUS  2020', NULL, '2020-08-04', 2020, '1598252298_K-K-SBY-2008-035,K-K-SBY-2008-036,K-K-SBY-2008-037,K-K-SBY-2008-038,K-K-SBY-2008-039 TGL 04.08..pdf', 'pdf', '12,74 MB', 1, 1, 46, 46, '2020-08-24 06:58:18', '2020-08-24 09:19:33', NULL),
(1369, 14, 'K-K-SBY-2008-040,K-K-SBY-2008-041,K-K-SBY-2008-042,K-K-SBY-2008-043,K-K-SBY-2008-044 TGL 04.08', 'KAS KELUAR SURABAYA TGL 04 AGUSTUS  2020', NULL, '2020-08-04', 2020, '1598252334_K-K-SBY-2008-040,K-K-SBY-2008-041,K-K-SBY-2008-042,K-K-SBY-2008-043,K-K-SBY-2008-044 TGL 04.08.pdf', 'pdf', '25,94 MB', 0, 1, 46, 46, '2020-08-24 06:58:54', '2020-08-24 06:58:54', NULL),
(1370, 14, 'K-K-SBY-2008-045,K-K-SBY-2008-046,K-K-SBY-2008-047,K-K-SBY-2008-048,K-K-SBY-2008-049, TGL 04.08', 'KAS KELUAR SURABAYA TGL 04 AGUSTUS  2020', NULL, '2020-08-04', 2020, '1598252364_K-K-SBY-2008-045,K-K-SBY-2008-046,K-K-SBY-2008-047,K-K-SBY-2008-048,K-K-SBY-2008-049, TGL 04.08.pdf', 'pdf', '21,6 MB', 0, 1, 46, 46, '2020-08-24 06:59:24', '2020-08-24 06:59:24', NULL),
(1371, 14, 'K-K-SBY-2008-050,K-K-SBY-2008-051,K-K-SBY-2008-052,K-K-SBY-2008-053,K-K-SBY-2008-054 TGL 04.08', 'KAS KELUAR SURABAYA TGL 04 AGUSTUS  2020', NULL, '2020-08-04', 2020, '1598252434_K-K-SBY-2008-050,K-K-SBY-2008-051,K-K-SBY-2008-052,K-K-SBY-2008-053,K-K-SBY-2008-054 TGL 04.08.pdf', 'pdf', '41,78 MB', 0, 1, 46, 46, '2020-08-24 07:00:34', '2020-08-24 07:00:34', NULL),
(1372, 14, 'K-K-SBY-2008-055,K-K-SBY-2008-056,K-K-SBY-2008-057,K-K-SBY-2008-058,K-K-SBY-2008-059 TGL 04.08', 'KAS KELUAR SURABAYA TGL 04 AGUSTUS  2020', NULL, '2020-08-04', 2020, '1598252469_K-K-SBY-2008-055,K-K-SBY-2008-056,K-K-SBY-2008-057,K-K-SBY-2008-058,K-K-SBY-2008-059 TGL 04.08.pdf', 'pdf', '20,52 MB', 0, 1, 46, 46, '2020-08-24 07:01:09', '2020-08-24 07:01:09', NULL),
(1373, 14, 'K-K-SBY-2008-060,K-K-SBY-2008-061,K-K-SBY-2008-062,K-K-SBY-2008-063,K-K-SBY-2008-064,K-K-SBY-2008-065 TGL 04.08', 'KAS KELUAR SURABAYA TGL 04 AGUSTUS  2020', NULL, '2020-08-04', 2020, '1598252501_K-K-SBY-2008-060,K-K-SBY-2008-061,K-K-SBY-2008-062,K-K-SBY-2008-063,K-K-SBY-2008-064,K-K-SBY-2008-065 TGL 04.08.pdf', 'pdf', '17,24 MB', 0, 1, 46, 46, '2020-08-24 07:01:41', '2020-08-24 07:01:41', NULL),
(1374, 14, 'K-MAN-BALI-2007-016,K-MAN-BALI-2007-017,K-MAN-BALI-2007-018,K-MAN-BALI-2007-019', 'KAS KELUAR BALI TGL 30 JULI 2020', NULL, '2020-07-30', 2020, '1598252547_K-MAN-BALI-2007-016,K-MAN-BALI-2007-017,K-MAN-BALI-2007-018,K-MAN-BALI-2007-019.pdf', 'pdf', '8,9 MB', 0, 1, 46, 46, '2020-08-24 07:02:27', '2020-08-24 07:02:27', NULL),
(1375, 14, 'K-MAN-BALI-2008-001 TGL 04.08', 'KAS KELUAR SURABAYA TGL 04 AGUSTUS  2020', NULL, '2020-08-04', 2020, '1598255484_K-MAN-BALI-2008-001 TGL 04.08.pdf', 'pdf', '3,66 MB', 1, 1, 46, 46, '2020-08-24 07:51:24', '2020-08-24 07:51:32', NULL),
(1376, 14, 'M-K-SBY-2008-003 TGL 04.08', 'KAS MASUK SURABAYA TGL 04 AGUSTUS  2020', NULL, '2020-08-04', 2020, '1598261515_M-K-SBY-2008-003 TGL 04.08.pdf', 'pdf', '1,75 MB', 0, 1, 46, 46, '2020-08-24 09:31:55', '2020-08-24 09:31:55', NULL),
(1377, 14, 'GJ-SBY-2007-C-0023,GJ-SBY-2007-C-0024,GJ-SBY-2007-C-0025,GJ-SBY-2007-C-0026,GJ-SBY-2007-C-0027', 'KAS KELUAR SURABAYA TGL 27 JULI  2020', NULL, '2020-08-04', 2020, '1598261552_GJ-SBY-2007-C-0023,GJ-SBY-2007-C-0024,GJ-SBY-2007-C-0025,GJ-SBY-2007-C-0026,GJ-SBY-2007-C-0027.pdf', 'pdf', '39,74 MB', 0, 1, 46, 46, '2020-08-24 09:32:32', '2020-08-24 09:32:32', NULL),
(1378, 14, 'GJ-SBY-2007-C-0028,GJ-SBY-2007-C-0029,GJ-SBY-2007-C-0030,GJ-SBY-2007-C-0031,GJ-SBY-2007-C-0032.pdf', 'KAS KELUAR SURABAYA TGL 27 JULI  2020', NULL, '2020-08-04', 2020, '1598261588_GJ-SBY-2007-C-0028,GJ-SBY-2007-C-0029,GJ-SBY-2007-C-0030,GJ-SBY-2007-C-0031,GJ-SBY-2007-C-0032.pdf.pdf', 'pdf', '41,1 MB', 0, 1, 46, 46, '2020-08-24 09:33:08', '2020-08-24 09:33:08', NULL),
(1379, 14, 'GJ-SBY-2007-C-0033,GJ-SBY-2007-C-0034,GJ-SBY-2007-C-0035,GJ-SBY-2007-C-0036', 'KAS KELUAR SURABAYA TGL 27 JULI  2020', NULL, '2020-08-04', 2020, '1598261628_GJ-SBY-2007-C-0033,GJ-SBY-2007-C-0034,GJ-SBY-2007-C-0035,GJ-SBY-2007-C-0036.pdf', 'pdf', '89,9 MB', 0, 1, 46, 46, '2020-08-24 09:33:48', '2020-08-24 09:33:48', NULL),
(1380, 14, 'K-K-DPS-2008-001,K-K-DPS-2008-002,K-K-DPS-2008-003,K-K-DPS-2008-004', 'KAS KELUAR DPS TGL 04 AGUSTUS  2020', NULL, '2020-08-04', 2020, '1598261664_K-K-DPS-2008-001,K-K-DPS-2008-002,K-K-DPS-2008-003,K-K-DPS-2008-004.pdf', 'pdf', '31,47 MB', 0, 1, 46, 46, '2020-08-24 09:34:24', '2020-08-24 09:34:24', NULL),
(1381, 14, 'K-K-DPS-2008-005,K-K-DPS-2008-006,K-K-DPS-2008-007,K-K-DPS-2008-008', 'KAS KELUAR DPS TGL 04 AGUSTUS  2020', NULL, '2020-08-04', 2020, '1598261695_K-K-DPS-2008-005,K-K-DPS-2008-006,K-K-DPS-2008-007,K-K-DPS-2008-008.pdf', 'pdf', '39,27 MB', 0, 1, 46, 46, '2020-08-24 09:34:55', '2020-08-24 09:34:55', NULL),
(1382, 16, 'FIN-SBY-2020-VIII-0019, FIN-SBY-2020-VIII-0021', 'PENGAJUAN DANA KAS SURABAYA TGL 13 AGUSTUS 2020, PENGAJUAN DANA UANG TRANSPORT PER 16-31 AGUSTUS 2020', NULL, '2020-08-25', 2020, '1598327617_FIN-SBY-2020-VIII-0019, FIN-SBY-2020-VIII-0021 PENGAJUAN UT PER 16-31 AGSTS, PENGAJUAN KAS 13 AGSTS.pdf', 'pdf', '1,3 MB', 0, 1, 43, 43, '2020-08-25 03:53:37', '2020-08-25 03:53:37', NULL),
(1383, 16, 'FIN-SBY-2020-VIII-0018', 'PENGAJUAN DANA KAS SURABAYA TGL 12 AGUSTUS 2020', NULL, '2020-08-25', 2020, '1598327687_FIN-SBY-2020-VIII-0018 PENGAJUAN KAS TGL 12 AGSTS.pdf', 'pdf', '2,05 MB', 0, 1, 43, 43, '2020-08-25 03:54:47', '2020-08-25 03:54:47', NULL);
INSERT INTO `arsip` (`id`, `jenis_id`, `nomor`, `nama_arsip`, `deskripsi`, `tgl_arsip`, `tahun`, `upload_file`, `format_file`, `file_size`, `jumlah_download`, `delete_status`, `created_by`, `updated_by`, `created_at`, `updated_at`, `deleted_by`) VALUES
(1384, 16, 'FIN-SBY-2020-VIII-0014', 'PENGAJUAN DANA KAS SURABAYA TGL 07 AGUSTUS 2020', NULL, '2020-08-25', 2020, '1598327716_FIN-SBY-2020-VIII-0014 PENGAJUAN KAS TGL 7 AGSTS.pdf', 'pdf', '2,32 MB', 0, 1, 43, 43, '2020-08-25 03:55:16', '2020-08-25 03:55:16', NULL),
(1385, 16, 'FIN-SBY-2020-VIII-0013', 'PENGAJUAN DANA KAS SURABAYA TGL 06  AGUSTUS 2020', NULL, '2020-08-25', 2020, '1598327761_FIN-SBY-2020-VIII-0013 PENGAJUAN KAS  TGL 6 AGSTS.pdf', 'pdf', '2,05 MB', 0, 1, 43, 43, '2020-08-25 03:56:01', '2020-08-25 03:56:01', NULL),
(1386, 16, 'FIN-SBY-2020-VIII-0011, FIN-SBY-2020-VIII-0012', 'PENGAJUAN DANA KAS SURABAYA TGL 05 AGUSTUS 2020, PENGAJUAN DANA PPH', NULL, '2020-08-25', 2020, '1598328027_FIN-SBY-2020-VIII-0012,FIN-SBY-2020-VIII-0011 PENGAJUAN KAS 5 AGSTS, & PPH .pdf', 'pdf', '5,96 MB', 0, 1, 43, 43, '2020-08-25 04:00:27', '2020-08-25 04:00:27', NULL),
(1387, 16, 'FIN-SBY-2020-VIII-0022, FIN-SBY-2020-VIII-0023', 'PENGAJUAN DANA KAS SURABAYA TGL 14 & 18 AGUSTUS 2020', NULL, '2020-08-25', 2020, '1598328124_FIN-SBY-2020-VII-0022, FIN-SBY-2020-VIII-0023 PENGAJUAN KAS 14 & 18 AGUSTUS 2020.pdf', 'pdf', '3,6 MB', 0, 1, 43, 43, '2020-08-25 04:02:04', '2020-08-25 04:02:04', NULL),
(1388, 14, 'K-K-SBY-2008-109,K-K-SBY-2008-110,K-K-SBY-2008-111,K-K-SBY-2008-112,K-K-SBY-2008-113', 'KAS KELUAR SURABAYA TGL 07 AGUSTUS  2020', NULL, '2020-08-07', 2020, '1598330123_K-K-SBY-2008-109,K-K-SBY-2008-110,K-K-SBY-2008-111,K-K-SBY-2008-112,K-K-SBY-2008-113.pdf', 'pdf', '23,28 MB', 0, 1, 46, 46, '2020-08-25 04:35:23', '2020-08-25 04:35:23', NULL),
(1389, 14, 'K-K-SBY-2008-119,K-K-SBY-2008-118,K-K-SBY-2008-117,K-K-SBY-2008-116,K-K-SBY-2008-115 TGL 07.08', 'KAS KELUAR SURABAYA TGL 07 AGUSTUS  2020', NULL, '2020-08-07', 2020, '1598330160_K-K-SBY-2008-119,K-K-SBY-2008-118,K-K-SBY-2008-117,K-K-SBY-2008-116,K-K-SBY-2008-115 TGL 07.08.pdf', 'pdf', '25,58 MB', 0, 1, 46, 46, '2020-08-25 04:36:00', '2020-08-25 04:36:00', NULL),
(1390, 14, 'K-K-SBY-2008-120,K-K-SBY-2008-121,K-K-SBY-2008-122,K-K-SBY-2008-123,K-K-SBY-2008-124 TGL 07.08', 'KAS KELUAR SURABAYA TGL 07 AGUSTUS  2020', NULL, '2020-08-07', 2020, '1598330200_K-K-SBY-2008-120,K-K-SBY-2008-121,K-K-SBY-2008-122,K-K-SBY-2008-123,K-K-SBY-2008-124 TGL 07.08.pdf', 'pdf', '18,72 MB', 0, 1, 46, 46, '2020-08-25 04:36:40', '2020-08-25 04:36:40', NULL),
(1391, 14, 'K-K-SBY-2008-125,K-K-SBY-2008-126,K-K-SBY-2008-127,K-K-SBY-2008-128,K-K-SBY-2008-129 TGL 07.08', 'KAS KELUAR SURABAYA TGL 07 AGUSTUS  2020', NULL, '2020-08-07', 2020, '1598330231_K-K-SBY-2008-125,K-K-SBY-2008-126,K-K-SBY-2008-127,K-K-SBY-2008-128,K-K-SBY-2008-129 TGL 07.08.pdf', 'pdf', '25,38 MB', 0, 1, 46, 46, '2020-08-25 04:37:11', '2020-08-25 04:37:11', NULL),
(1392, 14, 'K-K-SBY-2008-130,K-K-SBY-2008-131,K-K-SBY-2008-132,K-K-SBY-2008-133,K-K-SBY-2008-134 TGL 07.08', 'KAS KELUAR SURABAYA TGL 07 AGUSTUS  2020', NULL, '2020-08-07', 2020, '1598330269_K-K-SBY-2008-130,K-K-SBY-2008-131,K-K-SBY-2008-132,K-K-SBY-2008-133,K-K-SBY-2008-134 TGL 07.08.pdf', 'pdf', '29,51 MB', 0, 1, 46, 46, '2020-08-25 04:37:49', '2020-08-25 04:37:49', NULL),
(1393, 14, 'K-K-SBY-2008-135,K-K-SBY-2008-136,K-K-SBY-2008-137,K-K-SBY-2008-138,K-K-SBY-2008-139 TGL 07.08', 'KAS KELUAR SURABAYA TGL 07 AGUSTUS  2020', NULL, '2020-08-07', 2020, '1598330309_K-K-SBY-2008-135,K-K-SBY-2008-136,K-K-SBY-2008-137,K-K-SBY-2008-138,K-K-SBY-2008-139 TGL 07.08.pdf', 'pdf', '24,33 MB', 0, 1, 46, 46, '2020-08-25 04:38:30', '2020-08-25 04:38:30', NULL),
(1394, 14, 'K-K-SBY-2008-140,K-K-SBY-2008-141,K-K-SBY-2008-142,K-K-SBY-2008-143,K-K-SBY-2008-144 TGL 07.08', 'KAS KELUAR SURABAYA TGL 07 AGUSTUS  2020', NULL, '2020-08-07', 2020, '1598330341_K-K-SBY-2008-140,K-K-SBY-2008-141,K-K-SBY-2008-142,K-K-SBY-2008-143,K-K-SBY-2008-144 TGL 07.08.pdf', 'pdf', '39,74 MB', 0, 1, 46, 46, '2020-08-25 04:39:01', '2020-08-25 04:39:01', NULL),
(1395, 14, 'M-K-SBY-2008-006,M-K-SBY-2008-007,M-K-SBY-2008-008 TGL 07.08,', 'KAS MASUK SURABAYA TGL 07 AGUSTUS  2020', NULL, '2020-08-07', 2020, '1598330374_M-K-SBY-2008-006,M-K-SBY-2008-007,M-K-SBY-2008-008 TGL 07.08,.pdf', 'pdf', '6,24 MB', 0, 1, 46, 46, '2020-08-25 04:39:34', '2020-08-25 04:39:34', NULL),
(1396, 14, 'K-K-SBY-2008-170,K-K-SBY-2008-171,K-K-SBY-2008-172.K-K-SBY-2008-173,K-K-SBY-2008-174 TGL 11.08,pdf', 'KAS KELUAR SURABAYA TGL 11  AGUSTUS  2020', NULL, '2020-08-11', 2020, '1598349620_K-K-SBY-2008-170,K-K-SBY-2008-171,K-K-SBY-2008-172.K-K-SBY-2008-173,K-K-SBY-2008-174 TGL 11.08,pdf.pdf', 'pdf', '33,41 MB', 0, 1, 46, 46, '2020-08-25 10:00:20', '2020-08-25 10:00:20', NULL),
(1397, 14, 'K-K-SBY-2008-175,K-K-SBY-2008-176,K-K-SBY-2008-177.K-K-SBY-2008-178,K-K-SBY-2008-179 TGL 11.08,pdf', 'KAS KELUAR SURABAYA TGL 11 AGUSTUS  2020', NULL, '2020-08-11', 2020, '1598349683_K-K-SBY-2008-175,K-K-SBY-2008-176,K-K-SBY-2008-177.K-K-SBY-2008-178,K-K-SBY-2008-179 TGL 11.08,pdf.pdf', 'pdf', '21,25 MB', 0, 1, 46, 46, '2020-08-25 10:01:23', '2020-08-25 10:01:23', NULL),
(1398, 14, 'K-K-SBY-2008-180,K-K-SBY-2008-181,K-K-SBY-2008-182.K-K-SBY-2008-183,K-K-SBY-2008-184 TGL 11.08,pdf', 'KAS KELUAR SURABAYA TGL 11 AGUSTUS  2020', NULL, '2020-08-11', 2020, '1598349731_K-K-SBY-2008-180,K-K-SBY-2008-181,K-K-SBY-2008-182.K-K-SBY-2008-183,K-K-SBY-2008-184 TGL 11.08,pdf.pdf', 'pdf', '26,23 MB', 0, 1, 46, 46, '2020-08-25 10:02:11', '2020-08-25 10:02:11', NULL),
(1399, 14, 'K-K-SBY-2008-185,K-K-SBY-2008-186,K-K-SBY-2008-187.K-K-SBY-2008-188,K-K-SBY-2008-189 TGL 11.08,pdf', 'KAS KELUAR SURABAYA TGL 11 AGUSTUS  2020', NULL, '2020-08-11', 2020, '1598349768_K-K-SBY-2008-185,K-K-SBY-2008-186,K-K-SBY-2008-187.K-K-SBY-2008-188,K-K-SBY-2008-189 TGL 11.08,pdf.pdf', 'pdf', '32,89 MB', 0, 1, 46, 46, '2020-08-25 10:02:48', '2020-08-25 10:02:48', NULL),
(1400, 14, 'K-K-SBY-2008-190,K-K-SBY-2008-191,K-K-SBY-2008-192.K-K-SBY-2008-193,K-K-SBY-2008-194 TGL 11.08,pdf', 'KAS KELUAR SURABAYA TGL 11 AGUSTUS  2020', NULL, '2020-08-11', 2020, '1598349825_K-K-SBY-2008-190,K-K-SBY-2008-191,K-K-SBY-2008-192.K-K-SBY-2008-193,K-K-SBY-2008-194 TGL 11.08,pdf.pdf', 'pdf', '25,81 MB', 0, 1, 46, 46, '2020-08-25 10:03:45', '2020-08-25 10:03:45', NULL),
(1401, 14, 'K-K-SBY-2008-195,K-K-SBY-2008-196,K-K-SBY-2008-197.K-K-SBY-2008-198,K-K-SBY-2008-199 TGL 11.08,pdf', 'KAS KELUAR SURABAYA TGL 11 AGUSTUS  2020', NULL, '2020-08-11', 2020, '1598349859_K-K-SBY-2008-195,K-K-SBY-2008-196,K-K-SBY-2008-197.K-K-SBY-2008-198,K-K-SBY-2008-199 TGL 11.08,pdf.pdf', 'pdf', '17,46 MB', 0, 1, 46, 46, '2020-08-25 10:04:19', '2020-08-25 10:04:19', NULL),
(1402, 14, 'M-K-SBY-2008-011,M-K-SBY-2008-012,', 'KAS KELUAR SURABAYA TGL 11 AGUSTUS  2020', NULL, '2020-08-11', 2020, '1598349887_M-K-SBY-2008-011,M-K-SBY-2008-012,.pdf', 'pdf', '34,5 MB', 0, 1, 46, 46, '2020-08-25 10:04:47', '2020-08-25 10:04:47', NULL),
(1403, 16, 'FIN-SBY-2020-VIII-0026', 'PENGAJUAN DANA KAS SURABAYA TGL 19  AGUSTUS 2020', 'KIRIM TIKI TGL 26/8', '2020-08-26', 2020, '1598428489_FIN-SBY-2020-VII-0026 PD KAS 19 AGUSTUS 2020.pdf', 'pdf', '2,11 MB', 0, 1, 43, 43, '2020-08-26 07:54:49', '2020-08-26 07:54:49', NULL),
(1404, 15, 'K-JTM-SBY-2008-005', 'BANK JATIM KELUAR', NULL, '2020-08-07', 2020, '1598429176_K-JTM-SBY-2008-005.pdf', 'pdf', '860,97 KB', 0, 1, 60, 60, '2020-08-26 08:06:16', '2020-08-26 08:06:16', NULL),
(1405, 15, 'K-JTM-SBY-2008-006', 'BANK JATIM KELUAR', NULL, '2020-08-07', 2020, '1598429214_K-JTM-SBY-2008-006.pdf', 'pdf', '1,05 MB', 0, 1, 60, 60, '2020-08-26 08:06:54', '2020-08-26 08:06:54', NULL),
(1406, 15, 'K-JTM-SBY-2008-007 SD K-JTM-SBY-2008-009', 'BANK JATIM KELUAR', NULL, '2020-08-07', 2020, '1598429262_K-JTM-SBY-2008-007 SD K-JTM-SBY-2008-009.pdf', 'pdf', '1,94 MB', 0, 1, 60, 60, '2020-08-26 08:07:42', '2020-08-26 08:07:42', NULL),
(1407, 15, 'M-JTM-SBY-2008-028 SD M-JTM-SBY-2008-030', 'BANK JATIM MASUK', NULL, '2020-08-14', 2020, '1598429427_M-JTM-SBY-2008-028 SD M-JTM-SBY-2008-030.pdf', 'pdf', '12,28 MB', 0, 1, 60, 60, '2020-08-26 08:10:27', '2020-08-26 08:10:27', NULL),
(1408, 15, 'M-JTM-SBY-2008-031', 'BANK JATIM MASUK', NULL, '2020-08-14', 2020, '1598429589_M-JTM-SBY-2008-031.pdf', 'pdf', '9,88 MB', 0, 1, 60, 60, '2020-08-26 08:13:09', '2020-08-26 08:13:09', NULL),
(1409, 15, 'M-JTM-SBY-2008-032', 'BANK JATIM', NULL, '2020-08-14', 2020, '1598430023_M-JTM-SBY-2008-032.pdf', 'pdf', '2,49 MB', 0, 1, 60, 60, '2020-08-26 08:20:23', '2020-08-26 08:20:23', NULL),
(1410, 15, 'M-JTM-SBY-2008-033', 'BANK JATIM MASUK', NULL, '2020-08-14', 2020, '1598430104_M-JTM-SBY-2008-033.pdf', 'pdf', '2,39 MB', 0, 1, 60, 60, '2020-08-26 08:21:44', '2020-08-26 08:21:44', NULL),
(1411, 15, 'M-JTM-SBY-2008-034', 'BANK JATIM MASUK', NULL, '2020-08-14', 2020, '1598430149_M-JTM-SBY-2008-034.pdf', 'pdf', '2,3 MB', 0, 1, 60, 60, '2020-08-26 08:22:29', '2020-08-26 08:22:29', NULL),
(1412, 15, 'M-JTM-SBY-2008-035', 'BANK JATIM MASUK', NULL, '2020-08-14', 2020, '1598430188_M-JTM-SBY-2008-035.pdf', 'pdf', '2,41 MB', 0, 1, 60, 60, '2020-08-26 08:23:08', '2020-08-26 08:23:08', NULL),
(1413, 15, 'M-JTM-SBY-2008-036', 'BANK JATIM MASUK', NULL, '2020-08-14', 2020, '1598430243_M-JTM-SBY-2008-036.pdf', 'pdf', '2,76 MB', 0, 1, 60, 60, '2020-08-26 08:24:03', '2020-08-26 08:24:03', NULL),
(1414, 15, 'M-JTM-SBY-2008-037', 'BANK JATIM MASUK', NULL, '2020-08-14', 2020, '1598430718_M-JTM-SBY-2008-037.pdf', 'pdf', '4,44 MB', 0, 1, 60, 60, '2020-08-26 08:31:58', '2020-08-26 08:31:58', NULL),
(1415, 15, 'M-JTM-SBY-2008-038', 'BANK JATIM MASUK', NULL, '2020-08-14', 2020, '1598430756_M-JTM-SBY-2008-038.pdf', 'pdf', '3,6 MB', 0, 1, 60, 60, '2020-08-26 08:32:36', '2020-08-26 08:32:36', NULL),
(1416, 15, 'M-JTM-SBY-2008-039 SD M-JTM-SBY-2008-043', 'BANK JATIM MASUK', NULL, '2020-08-14', 2020, '1598430829_M-JTM-SBY-2008-039 SD M-JTM-SBY-2008-043.pdf', 'pdf', '9,09 MB', 0, 1, 60, 60, '2020-08-26 08:33:49', '2020-08-26 08:33:49', NULL),
(1417, 15, 'M-JTM-SBY-2008-044 SD M-JTM-SBY-2008-046', 'BANK JATIM MASUK', NULL, '2020-08-14', 2020, '1598431172_M-JTM-SBY-2008-044 SD M-JTM-SBY-2008-046.pdf', 'pdf', '5,47 MB', 0, 1, 60, 60, '2020-08-26 08:39:32', '2020-08-26 08:39:32', NULL),
(1418, 15, 'M-JTM-SBY-2008-047 SD M-JTM-SBY-2008-049', 'BANK JATIM MASUK', NULL, '2020-08-14', 2020, '1598431685_M-JTM-SBY-2008-047 SD M-JTM-SBY-2008-049.pdf', 'pdf', '5,01 MB', 0, 1, 60, 60, '2020-08-26 08:48:05', '2020-08-26 08:48:05', NULL),
(1419, 15, 'M-PMT-SBY-2008-0010 SD M-PMT-SBY-2008-0012', 'BANK PERMATA MASUK', NULL, '2020-08-14', 2020, '1598431760_M-PMT-SBY-2008-0010 SD M-PMT-SBY-2008-0012.pdf', 'pdf', '6,01 MB', 0, 1, 60, 60, '2020-08-26 08:49:20', '2020-08-26 08:49:20', NULL),
(1420, 15, 'M-PMT-SBY-2008-0013 SD M-PMT-SBY-2008-0015, K-PMT-SBY-2008-003', 'BANK PERMATA MASUK & BANK PERMATA KELUAR', NULL, '2020-08-14', 2020, '1598431804_M-PMT-SBY-2008-0013 SD M-PMT-SBY-2008-0015, K-PMT-SBY-2008-003.pdf', 'pdf', '6,63 MB', 0, 1, 60, 60, '2020-08-26 08:50:04', '2020-08-26 08:50:04', NULL),
(1421, 15, 'KV-BCA-DPS-2008-001 SD KV-BCA-DPS-2008-003, MV-BCA-DPS-2008-001', 'VA BCA DPS MASUK &VA BCA DPS KELUAR', NULL, '2020-08-07', 2020, '1598431862_KV-BCA-DPS-2008-001 SD KV-BCA-DPS-2008-003, MV-BCA-DPS-2008-001.pdf', 'pdf', '4,26 MB', 0, 1, 60, 60, '2020-08-26 08:51:02', '2020-08-26 08:51:02', NULL),
(1422, 15, 'KV-MAN-SBY-2008-005 SD KV-MAN-SBY-2008-008', 'VA MAN SBY KELUAR', NULL, '2020-08-14', 2020, '1598431905_KV-MAN-SBY-2008-005 SD KV-MAN-SBY-2008-008.pdf', 'pdf', '3,14 MB', 0, 1, 60, 60, '2020-08-26 08:51:45', '2020-08-26 08:51:45', NULL),
(1423, 15, 'KV-MAN-SBY-2008-009 SD KV-MAN-SBY-2008-013', 'VA MAN SBY KELUAR', NULL, '2020-08-14', 2020, '1598431934_KV-MAN-SBY-2008-009 SD KV-MAN-SBY-2008-013.pdf', 'pdf', '3,56 MB', 0, 1, 60, 60, '2020-08-26 08:52:14', '2020-08-26 08:52:14', NULL),
(1424, 15, 'MV-MAN-SBY-2008-001 SD MV-MAN-SBY-2008-003', 'VA MAN SBY MASUK', NULL, '2020-08-07', 2020, '1598431984_MV-MAN-SBY-2008-001 SD MV-MAN-SBY-2008-003.pdf', 'pdf', '7,85 MB', 0, 1, 60, 60, '2020-08-26 08:53:04', '2020-08-26 08:53:04', NULL),
(1425, 15, 'MV-MAN-SBY-2008-004 SD MV-MAN-SBY-2008-006', 'VA MAN SBY MASUK', NULL, '2020-08-07', 2020, '1598432023_MV-MAN-SBY-2008-004 SD MV-MAN-SBY-2008-006.pdf', 'pdf', '6,54 MB', 0, 1, 60, 60, '2020-08-26 08:53:43', '2020-08-26 08:53:43', NULL),
(1426, 15, 'MV-MAN-SBY-2008-007 SD MV-MAN-SBY-2008-011', 'VA MAN SBY MASUK', NULL, '2020-08-14', 2020, '1598432129_MV-MAN-SBY-2008-007 SD MV-MAN-SBY-2008-011.pdf', 'pdf', '13,86 MB', 0, 1, 60, 60, '2020-08-26 08:55:29', '2020-08-26 08:55:29', NULL),
(1427, 15, 'MV-MAN-SBY-2008-012 SD MV-MAN-SBY-2008-014', 'VA MAN SBY MASUK', NULL, '2020-08-14', 2020, '1598432174_MV-MAN-SBY-2008-012 SD MV-MAN-SBY-2008-014.pdf', 'pdf', '8,7 MB', 0, 1, 60, 60, '2020-08-26 08:56:14', '2020-08-26 08:56:14', NULL),
(1428, 15, 'MV-MAN-SBY-2008-015 SD MV-MAN-SBY-2008-018', 'VA MAN SBY MASUK', NULL, '2020-08-14', 2020, '1598432233_MV-MAN-SBY-2008-015 SD MV-MAN-SBY-2008-018.pdf', 'pdf', '8,18 MB', 0, 1, 60, 60, '2020-08-26 08:57:13', '2020-08-26 08:57:13', NULL),
(1429, 15, 'MV-MAN-SBY-2008-019 SD MV-MAN-SBY-2008-022', 'VA MAN SBY MASUK', NULL, '2020-08-14', 2020, '1598432285_MV-MAN-SBY-2008-019 SD MV-MAN-SBY-2008-022.pdf', 'pdf', '9,8 MB', 0, 1, 60, 60, '2020-08-26 08:58:05', '2020-08-26 08:58:05', NULL),
(1430, 15, 'MV-MAN-SBY-2008-023 SD MV-MAN-SBY-2008-024', 'VA MAN SBY MASUK', NULL, '2020-08-14', 2020, '1598432313_MV-MAN-SBY-2008-023 SD MV-MAN-SBY-2008-024.pdf', 'pdf', '3,04 MB', 0, 1, 60, 60, '2020-08-26 08:58:33', '2020-08-26 08:58:33', NULL),
(1431, 15, 'MV-BCA-SBY-2008-003 SD MV-BCA-SBY-2008-018', 'VA BCA SBY MASUK', NULL, '2020-08-21', 2020, '1598522841_MV-BCA-SBY-2008-003 SD MV-BCA-SBY-2008-018.pdf', 'pdf', '92,19 MB', 0, 1, 60, 60, '2020-08-27 10:07:22', '2020-08-27 10:07:22', NULL),
(1432, 15, 'KV-BCA-SBY-2008-0001 SD KV-BCA-DPS-2008-003, MV-BCA-BPS-2008-0017', 'VA BCA SBY KELUAR', NULL, '2020-08-21', 2020, '1598523150_KV-BCA-SBY-2008-0001 SD KV-BCA-DPS-2008-003, MV-BCA-BPS-2008-0017.pdf', 'pdf', '12,69 MB', 0, 1, 60, 60, '2020-08-27 10:12:30', '2020-08-27 10:12:30', NULL),
(1433, 16, 'FIN-SBY-2020-VIII-0024', 'PENGAJUAN DANA ESTIMASI TELP SEPT 2020', 'KIRIM TGL 27/8', '2020-08-27', 2020, '1598608467_FIN-SBY-2020-VIII-0024 PD TELP SPET 2020 KRM TGL 27-8.pdf', 'pdf', '272,77 KB', 0, 1, 43, 43, '2020-08-28 09:54:27', '2020-08-28 09:54:27', NULL),
(1434, 16, 'FIN-SBY-2020-VIII-0025', 'PENGAJUAN DANA ESTIMASI LISTRIK INTERNET SEPT 2020', 'KIRIM TGL 27/8', '2020-08-27', 2020, '1598608534_FIN-SBY-2020-VIII-0025 PD BY LISTRIK SEPT 2020 KRM TGL 27-8.pdf', 'pdf', '553,67 KB', 0, 1, 43, 43, '2020-08-28 09:55:34', '2020-08-28 09:55:34', NULL),
(1435, 16, 'FIN-SBY-2020-VIII-0028', 'PENGAJUAN DANA PPH PER 01-15 AGUSTUS 2020', 'KIRIM TGL 27/8', '2020-08-27', 2020, '1598608583_FIN-SBY-2020-VIII-0028 PD PPH PER 1-15 AGUSTUS 2020 KRM TGL 27-8.pdf', 'pdf', '426,86 KB', 0, 1, 43, 43, '2020-08-28 09:56:23', '2020-08-28 09:56:23', NULL),
(1436, 16, 'FIN-SBY-2020-VIII-0029', 'PENGAJUAN DANA KAS SURABAYA TGL 21 AGUSTUS 2020', 'KIRIM TGL 27/8', '2020-08-27', 2020, '1598608626_FIN-SBY-2020-VIII-0029 PD KAS 21 AGUSTUS 2020 KRM TGL 27-8.pdf', 'pdf', '230,26 KB', 0, 1, 43, 43, '2020-08-28 09:57:06', '2020-08-28 09:57:06', NULL),
(1437, 16, 'FIN-SBY-2020-VIII-0026', 'PENGAJUAN DANA KAS SURABAYA TGL 19  AGUSTUS 2020', NULL, '2020-08-27', 2020, '1598609370_FIN-SBY-2020-VIII-0026 PENGAJUAN KAS 19 AGUSTUS 2020 .pdf', 'pdf', '2,11 MB', 0, 2, 43, 43, '2020-08-28 10:09:30', '2020-08-28 10:09:49', 43),
(1438, 15, 'M-JTM-SBY-2008-009 SD M-JTM-SBY-2008-021', 'BANK JATIM MASUK', NULL, '2020-08-07', 2020, '1598610160_M-JTM-SBY-2008-009 SD M-JTM-SBY-2008-021.pdf', 'pdf', '29,25 MB', 0, 1, 60, 60, '2020-08-28 10:22:40', '2020-08-28 10:22:40', NULL);

-- --------------------------------------------------------

--
-- Struktur dari tabel `ba_gudang`
--

CREATE TABLE `ba_gudang` (
  `id` int(10) UNSIGNED NOT NULL,
  `no_document` varchar(191) COLLATE utf8mb4_unicode_ci NOT NULL,
  `tanggal` date DEFAULT NULL,
  `penerima_id` int(10) UNSIGNED DEFAULT NULL,
  `alamat_id` int(10) UNSIGNED DEFAULT NULL,
  `nama_pengirim` varchar(191) COLLATE utf8mb4_unicode_ci DEFAULT NULL,
  `perusahaan_pengirim` varchar(191) COLLATE utf8mb4_unicode_ci DEFAULT NULL,
  `alamat_pengirim` varchar(191) COLLATE utf8mb4_unicode_ci DEFAULT NULL,
  `jenis_barang` varchar(191) COLLATE utf8mb4_unicode_ci DEFAULT NULL,
  `no_resi` varchar(191) COLLATE utf8mb4_unicode_ci DEFAULT NULL,
  `no_container` varchar(191) COLLATE utf8mb4_unicode_ci DEFAULT NULL,
  `no_seal` varchar(191) COLLATE utf8mb4_unicode_ci DEFAULT NULL,
  `no_surat_jalan` varchar(191) COLLATE utf8mb4_unicode_ci DEFAULT NULL,
  `sesuai` smallint(6) DEFAULT NULL,
  `selisih` int(11) DEFAULT NULL,
  `cacat` int(11) DEFAULT NULL,
  `upload_file` varchar(191) COLLATE utf8mb4_unicode_ci DEFAULT NULL,
  `created_at` timestamp NULL DEFAULT NULL,
  `updated_at` timestamp NULL DEFAULT NULL
) ENGINE=InnoDB DEFAULT CHARSET=utf8mb4 COLLATE=utf8mb4_unicode_ci;

--
-- Dumping data untuk tabel `ba_gudang`
--

INSERT INTO `ba_gudang` (`id`, `no_document`, `tanggal`, `penerima_id`, `alamat_id`, `nama_pengirim`, `perusahaan_pengirim`, `alamat_pengirim`, `jenis_barang`, `no_resi`, `no_container`, `no_seal`, `no_surat_jalan`, `sesuai`, `selisih`, `cacat`, `upload_file`, `created_at`, `updated_at`) VALUES
(27, '0005/BAST/VII/2020', NULL, 124, 8, 'SUNAJI', 'PT.PUTRA INTI PRATAMA', 'SUNTER KARYA UTARA BLOK G6/47\r\nSUNTER PODOMORO\r\nJAKARTA UTARA', 'DIALYSAT AK1-10L', '0449', 'B9966UEV', '-', '0508/29/VI/2020', 1, NULL, NULL, '1593655770_0005_BAST_VII_2020.pdf', '2020-07-02 01:53:02', '2020-07-02 02:09:30'),
(28, '0006/BAST/VII/2020', NULL, 147, 2, 'KALIS', 'PT. PUTERA INTI PRATAMA', 'SUNTER KARYA UTARA G6/47', 'CAIRAN AK1-10L', '450', '-', '-', '0512/29/VI/2020', 1, NULL, NULL, '1593681108_BA.pdf', '2020-07-02 08:59:39', '2020-07-02 09:11:48'),
(29, '0007/BAST/VII/2020', NULL, 124, 6, 'SAWAL', 'PT PRATAMA LOGISTIC SYSTEM', 'JL.IKAN DORANG NO.18 SURABAYA', 'AK1-10LMA23, AK10L-MA1, AT10L-MB1', 'SH005018', 'CSNU-1426140 / W9629UL', '1503664', '3', 1, NULL, NULL, '1593682811_0007_BAST_VII_2020.pdf', '2020-07-02 09:35:26', '2020-07-02 09:40:11'),
(30, '0008/BAST/VII/2020', NULL, 124, 6, 'DWI', 'PRATAMA', 'JL. IKAN DORANG NO.18 SURABAYA', 'RENALSOL', 'SH005018', 'CSNU-1450126', '15028820', '4', 1, NULL, NULL, '1593839130_0008_BAST_VII_2020.pdf', '2020-07-02 09:58:04', '2020-07-04 05:05:30'),
(31, '0009/BAST/VII/2020', NULL, 124, 6, 'SAWAL', 'PRATAMA', 'JL. IKAN DORANG 18 SURABAYA', 'RENALSOL', 'SH005018', 'FBIU-0379572/W9629UL', '14949203', '5', 1, NULL, NULL, '1593839144_0009_BAST_VII_2020.pdf', '2020-07-02 10:00:00', '2020-07-04 05:05:44'),
(32, '0010/BAST/VII/2020', NULL, 124, 6, 'GIAT', 'PRATAMA', 'JL. IKAN DORANG 18 SURABAYA', 'RENALSOL', 'SH005027/', 'OOLU-0571115/L9983UW', 'OOLBPL4855', '1', 1, NULL, NULL, '1593839157_0010_BAST_VII_2020.pdf', '2020-07-03 08:04:16', '2020-07-04 05:05:57'),
(33, '0011/BAST/VII/2020', NULL, 124, 5, 'WARDI', 'PRATAMA', 'JL. IKAN DORANG 18 SURABAYA', 'RENALSOL', 'SH005027', 'OOLU-0260469/B9202RJ', 'OOLBPL4854', '3', 1, NULL, NULL, '1593839176_0011_BAST_VII_2020.pdf', '2020-07-03 08:06:15', '2020-07-04 05:06:16'),
(34, '0012/BAST/VII/2020', NULL, 124, 5, 'SAWAL', 'PRATAMA', 'JL. IKAN DORANG 18 SURABAYA', 'RENALSOL', 'SH005027', 'OOLU-0443900/W9629UL', 'OOLBPL4789', '4', 1, NULL, NULL, '1593839191_0012_BAST_VII_2020.pdf', '2020-07-03 08:08:00', '2020-07-04 05:06:31'),
(35, '0013/BAST/VII/2020', NULL, 124, 8, 'DWI', 'PRATAMA', 'JL. IKAN DORANG 18 SURABAYA', 'RENALSOL', 'SH005027', 'CSNU-1169680', 'OOLBPL4783', '2', 1, NULL, NULL, '1593839203_0013_BAST_VII_2020.pdf', '2020-07-04 05:03:37', '2020-07-04 05:06:43'),
(36, '0014/BAST/VII/2020', NULL, 124, 8, 'REDI', 'PT. RITRA CARGO', 'JL. PERAK BARAT 73, SURABAYA', 'RENALSOL', '519/03/VII/2020', 'B9526PXR', '12000013', '519/03/VII/2020', 1, NULL, NULL, '1594112349_0014_BAST_VII_2020.pdf', '2020-07-07 08:35:57', '2020-07-07 08:59:09'),
(37, '0015/BAST/VII/2020', NULL, 124, 8, 'YUNI', 'PT. PUTERA INTI PRATAMA', 'JL. SUNTER KARYA UTARA 6/47', 'ALAT KESEHATAN', 'DO2020-000838', 'B9076UEV', '0000', '0457', 1, NULL, NULL, '1594112339_0015_BAST_VII_2020.pdf', '2020-07-07 08:47:23', '2020-07-07 08:58:59'),
(38, '0016/BAST/VII/2020', NULL, 124, 5, 'DWI', 'PRATAMA', 'JL. IKAN DORANG 18, SURABAYA', 'RENALSOL', 'SH005026', 'FCIU-6127097', '14945204', '2', 1, NULL, NULL, '1594112325_0016_BAST_VII_2020.pdf', '2020-07-07 08:52:23', '2020-07-07 08:58:45'),
(39, '0017/BAST/VII/2020', NULL, 124, 5, 'PARLIN', 'PRATAMA', 'JL. IKAN DORANG 18, SURABAYA', 'RENALSOL', 'SH005026', 'CSNU-1417637', '15027787', '1', 1, NULL, NULL, '1594112315_0017_BAST_VII_2020.pdf', '2020-07-07 08:55:41', '2020-07-07 08:58:35'),
(40, '0018/BAST/VII/2020', NULL, 124, 8, 'ROHIM', 'PT. PUTERA INTI PRATAMA', 'SUNTER KARYA UTAMA BLOK G6/47', 'RENALSOL', '0458', '000', '000', '0520/03/VII/2020', 1, NULL, NULL, '1594193647_0018_BAST_VII_2020.pdf', '2020-07-08 07:31:03', '2020-07-08 07:34:07'),
(41, '0019/BAST/VII/2020', NULL, 124, 6, 'SAWAL', 'PRATAMA', 'JL. IKAN DORANG 18, SURABAYA', 'RENALSOL', 'SH005026', 'CSNU-1621023', '15037602', '5', 1, NULL, NULL, '1594205918_0019_BAST_VII_2020.pdf', '2020-07-08 10:55:40', '2020-07-08 10:58:38'),
(42, '0020/BAST/VII/2020', NULL, 147, 2, 'DWI', 'PT. PRATAMA LOGISTIC SYSTEM', 'JL. IKAN LUMBA LUMBA 1/5 SURABAYA', 'CAIRAN RENASOL', 'SH005033', 'CSLU-2346510', '14961723', '2', 1, NULL, NULL, '1594280568_BA 09 JULI 2020.pdf', '2020-07-09 07:19:47', '2020-07-09 07:42:48'),
(43, '0021/BAST/VII/2020', NULL, 124, 6, 'SAWAL', 'PRATAMA', 'JL. IKAN DORANG 18, SURABAYA', 'RENALSOL', 'SH005033', 'BMOU-1031055', '14964476', '1', 1, NULL, NULL, '1594371292_0021_BAST_VII_2020.pdf', '2020-07-10 08:51:29', '2020-07-10 08:54:52'),
(44, '0022/BAST/VII/2020', NULL, 124, 6, 'SAWAL', 'PRATAMA', 'JL. IKAN DORANG 18, SURABAYA', 'RENALSOL', 'SH005033', 'CSLU2429229/W 9629 UL', '14964474', '3', 1, NULL, NULL, '1594440693_0022_BAST_VII_2020.pdf', '2020-07-11 04:08:30', '2020-07-11 04:11:33'),
(45, '0023/BAST/VII/2020', NULL, 147, 2, 'DWI', 'PT PRATAMA LOGISTIK', 'JL IKAN LUMBA LUMBA 1/5 SURABAYA', 'RENAL', 'SH00503', 'CSL42346510', '14961723', '2', 1, NULL, NULL, '1594612197_2020 - print.pdf', '2020-07-13 03:47:11', '2020-07-13 03:49:57'),
(46, '0024/BAST/VII/2020', NULL, 124, 8, 'NGALIMUN', 'PT. PUTERA INTI PRATAMA', 'JL. IKAN DORANG 18, SURABAYA', 'ALKES', 'PTR-2007-0341', 'B 9081 UXY', 'DO2020-000859', '000', 1, NULL, NULL, NULL, '2020-07-15 04:11:06', '2020-07-15 04:11:06'),
(47, '0025/BAST/VII/2020', NULL, 130, 8, 'SUKIRNO', 'PT. PUTERA INTI PRATAMA', 'SUNTER KARYA UTAMA BLOK G6/47\r\nJAKARTA', 'RENALSOL', '0545/11/VII/2020Q', 'B 9271 UEW', '000', '474', 1, NULL, NULL, '1594798007_0025_BAST_VII_2020.pdf', '2020-07-15 06:51:13', '2020-07-15 07:26:47'),
(48, '0026/BAST/VII/2020', NULL, 147, 2, 'PARLIN', 'PT PRATAMA LOGISTIK', 'JL. IKAN DORANG NO 18 SURABAYA', 'CAIRAN RENASOL', 'SH005045', 'CSNU1275208', 'SEAL NO 15033360', '2', 1, NULL, NULL, '1595402306_BA TGL 22.pdf', '2020-07-22 07:11:49', '2020-07-22 07:18:26'),
(49, '0027/BAST/VII/2020', NULL, 124, 5, 'SAWAL', 'PRATAMA', 'JL. IKAN DORANG 18, SURABAYA', 'RENALSOL', 'SH005035', 'TRHU3690296/W 9626 UL', '14954746', '6', 1, NULL, NULL, '1597046942_0027_BAST_VII_2020.pdf', '2020-07-23 03:20:49', '2020-08-10 08:09:02'),
(50, '0028/BAST/VII/2020', NULL, 124, 7, 'PARLIN', 'PRATAMA', 'JL. IKAN DORANG 18, SURABAYA', 'RENALSOL', 'SH005035', 'CSNU-1442590', '14954821', '5', 1, NULL, NULL, '1597046953_0028_BAST_VII_2020.pdf', '2020-07-23 03:24:28', '2020-08-10 08:09:13'),
(51, '0029/BAST/VII/2020', NULL, 124, 8, 'SUWANTO', 'PT. PUTERA INTI PRATAMA', 'SUNTER KARYA UTARA,  JAKARTA', 'ALAT KESEHATAN', '0486', '000', '0000', 'DO2020-000884', 1, NULL, NULL, '1597046962_0029_BAST_VII_2020.pdf', '2020-07-23 03:28:06', '2020-08-10 08:09:22'),
(52, '0030/BAST/VII/2020', NULL, 124, 5, 'SAWAL', 'PRATAMA', 'JL. IKAN DORANG 18, SURABAYA', 'RENALSOL', 'SH005045', 'CSLU-1812819', '15041752', '1', 1, NULL, NULL, '1597047013_0030_BAST_VII_2020.pdf', '2020-07-23 03:29:56', '2020-08-10 08:10:13'),
(53, '0031/BAST/VII/2020', NULL, 124, 8, 'WANJI', 'PT. PUTERA INTI PRATAMA', 'SUNTER KARYA UTARA, JAKARTA', 'ALAT KESEHATAN', '0495', '000', '000', 'DO2020-000893', 1, NULL, NULL, '1597047022_0031_BAST_VII_2020.pdf', '2020-07-23 03:39:01', '2020-08-10 08:10:22'),
(54, '0032/BAST/VII/2020', NULL, 147, 2, 'ADI', 'PT HOKI DHARMA JAYA', 'JL RUKO MUTIARA TAMAN PALEM BLOK CG NO 20', 'BARANG ALKES', 'NO. 1053', '-', '-', 'PTS-2007-0538; 0523; 0539', 1, NULL, NULL, '1595582556_0032_BAST_VII_2020-2.pdf', '2020-07-24 09:20:40', '2020-07-24 09:22:36'),
(55, '0033/BAST/VII/2020', NULL, 124, 5, 'PARLIN', 'PRATAMA', 'JL. IKAN LUMBA-LUMBA  1/5\r\nSURABAYA', 'RENALSOL', 'SH005045', 'TGBU-2059261/W 8013 UA', '15041759', '5', 1, NULL, NULL, '1597370509_0033_BAST_VII_2020.pdf', '2020-07-24 09:31:07', '2020-08-14 02:01:49'),
(56, '0034/BAST/VII/2020', NULL, 147, 2, 'PARLIN', 'PT PRATAMA LOGISTIK', 'JL.IKAN DORANG NO 18 SURABAYA', 'CAIRAN RENASOL', 'SH005052', 'OOLU-1888336', 'SEAL NO OOLCZN5624', '1', 1, NULL, NULL, '1595839158_0034_BAST_VII_2020.pdf', '2020-07-27 08:35:53', '2020-07-27 08:39:18'),
(57, '0035/BAST/VIII/2020', NULL, 142, 9, 'Apriliya Putri Agustina Pratama', 'PT. SINAR RPODA UTAMA', 'KANTOR MOJO', 'Sparepart', '-', '-', '-', '-', 1, NULL, NULL, NULL, '2020-08-13 02:12:27', '2020-08-13 02:15:05'),
(58, '0036/BAST/VIII/2020', NULL, 141, 9, 'Apriliya Putri Agustina Pratama', 'SRU', 'Mojoklangru', 'Sparepart', '-', '-', '-', '-', 1, NULL, NULL, NULL, '2020-08-18 08:31:50', '2020-08-18 08:31:50'),
(59, '0037/BAST/VIII/2020', NULL, 66, 9, 'Apriliya Putri Agustina Pratama', 'SRU', 'Mojoklangru no 5', 'Toolkit', '-', '-', '-', '-', 1, NULL, NULL, NULL, '2020-08-19 09:33:51', '2020-08-19 09:55:31'),
(60, '0038/BAST/VIII/2020', NULL, 124, 6, 'DWI', 'PRATAMA', 'JL. IKAN DORANG- SURABAYA', 'RENALSOL', 'SH005086', 'BSIU-3199110', 'BLPL228368', '4', 1, NULL, NULL, '1598434236_0038_BAST_VIII_2020.pdf', '2020-08-26 06:09:42', '2020-08-26 09:30:36'),
(61, '0039/BAST/VIII/2020', NULL, 124, 5, 'SAWAL', 'PRATAMA LOGISTIC SYSTEM', 'JL. IKAN DORANG NO. 18 SUARABAYA', 'RENAL', 'SH005086', 'BSIU-3199640', 'BLP228353', '3', 1, NULL, NULL, NULL, '2020-08-26 06:47:01', '2020-08-26 06:51:43'),
(62, '0040/BAST/VIII/2020', NULL, 147, 2, 'PARLIN', 'PT.PRATAMA LOGISTICSYSTEM', 'JL. IKAN DORANG NO 18 SURABAYA', 'CAIRAN RENASOL', 'SH005086', 'TRHU1278150', 'BLPL228371', '2', 1, NULL, NULL, '1598428528_0040_BAST_VIII_2020.pdf', '2020-08-26 07:53:08', '2020-08-26 07:55:28'),
(63, '0041/BAST/VIII/2020', NULL, 124, 5, 'dwi', 'PT PRATAMA LOGISTIK  SYSTEM', 'JL IKAN DORANG 18 SURABAYA', 'CAIRAN RENAL', 'SH005086', 'THRU-1233120', 'BLPL228358', '1', 1, NULL, NULL, NULL, '2020-08-27 04:18:45', '2020-08-27 04:20:40'),
(64, '0042/BAST/VIII/2020', NULL, 124, 6, 'SAWAL', 'PT PRATAMA LOGISTIK  SYSTEM', 'JL IKAN DORANG NO 18 SURABAYA', 'CAIRAN RENAL', 'SH005085', 'CSNU-1266058', '12436003', '1', 1, NULL, NULL, NULL, '2020-08-27 06:17:12', '2020-08-27 06:17:12'),
(65, '0043/BAST/VIII/2020', NULL, 147, 2, 'YUNI', 'PT. PUTERA INTI PRATAMA', 'SUNTER KARYA UTARA BLOK G6/47 JAKARTA UTARA', 'ALAT KESEHATAN', '-', 'B-9076-UFU', '-', 'PTS-2008-0568,PTS-2008-0527', 0, 1000, 0, '1598518711_0043_BAST_VIII_2020.pdf', '2020-08-27 08:23:47', '2020-08-27 08:58:31'),
(66, '0044/BAST/VIII/2020', NULL, 147, 2, 'AGUS', 'PT. PUTRA INTI PRATAMA', 'JL. SUNTER KARYA UTARA G6/47', 'AK1-10L', '571', 'B 9047 JA', '-', '0672/25/VIII/2020', 1, NULL, NULL, '1598601648_0044_BAST_VIII_2020.pdf', '2020-08-28 07:39:00', '2020-08-28 08:00:48'),
(67, '0045/BAST/VIII/2020', NULL, 147, 2, 'MAHKOTA RAJAWALI EMAS', 'PT. MAHKOTA RAJAWALI EMAS', 'JL. CEPU PINTU A', 'ALKES', '11052', '-', '-', 'PTS-2008-0636', 1, NULL, NULL, '1598601476_0045_BAST_VIII_2020.pdf', '2020-08-28 07:47:29', '2020-08-28 07:57:56'),
(68, '0046/BAST/VIII/2020', NULL, 124, 5, 'sawal', 'PT PRATAMA LOGISTIK  SYSTEM', 'JLIKAN DORANG No 18 SURABAYA', 'CAIRAN RENAL', 'SH005085', 'CSNU-1782500', '12463937', '3', 1, NULL, NULL, NULL, '2020-08-31 05:54:04', '2020-08-31 05:54:04'),
(69, '0047/BAST/VIII/2020', NULL, 124, 8, 'NGALIMUN', 'PT INTAN JAYA MEDIKA SOLUSI', 'JL. JABABEKA XVI BLOK W NO. 44 CIKARANG INDUSTRIAL ESTATE', 'CAIRAN AK1-10L', '0573', 'B 9081 UXV', '-', '0674/26/VIII/2020', 1, NULL, NULL, NULL, '2020-08-31 06:31:19', '2020-08-31 06:31:19'),
(70, '0048/BAST/VIII/2020', NULL, 124, 6, 'PARLIN', 'PT. PRATAMA LOGISTIC SYSTEM', 'JL. IKAN DORANG NO.18 SURABAYA', 'CAIRAN RENAL', 'SH005085', 'CSNU-1753288', '12463936', '2', 1, NULL, NULL, NULL, '2020-08-31 07:31:39', '2020-08-31 07:31:39'),
(71, '0049/BAST/VIII/2020', NULL, 147, 2, 'SUKIRNO', 'PT PUTRA INTI PRATAMA', 'JL SUNTER KARYA UTARA', 'BARANG ALKES', '581', '-', '-', 'DO2020,001073', 1, NULL, NULL, '1598862156_0049_BAST_VIII_2020.pdf', '2020-08-31 08:18:09', '2020-08-31 08:22:36');

-- --------------------------------------------------------

--
-- Struktur dari tabel `ba_gudang_alamat`
--

CREATE TABLE `ba_gudang_alamat` (
  `id` int(10) UNSIGNED NOT NULL,
  `nama_gudang` varchar(191) NOT NULL,
  `alamat` varchar(191) NOT NULL,
  `status` smallint(6) NOT NULL,
  `created_at` timestamp NULL DEFAULT NULL,
  `updated_at` timestamp NULL DEFAULT NULL
) ENGINE=InnoDB DEFAULT CHARSET=utf8mb4;

--
-- Dumping data untuk tabel `ba_gudang_alamat`
--

INSERT INTO `ba_gudang_alamat` (`id`, `nama_gudang`, `alamat`, `status`, `created_at`, `updated_at`) VALUES
(2, 'Gudang Kedinding', 'Jl. Kedinding indah No. 1 Surabaya', 1, NULL, '2020-06-20 03:12:12'),
(4, 'Gudang Kecil', 'Jl. Mayjen.Prof. Dr. Moestopo no. 93 Surabaya', 1, '2020-06-16 06:36:14', '2020-06-20 03:20:11'),
(5, 'Gudang Maspion 1', 'Jl. Bumi Maspion Selatan 2 no. 1B Surabaya', 1, '2020-06-20 03:07:40', '2020-06-20 03:12:28'),
(6, 'Gudang Maspion 2', 'Jl. Bumi Maspion Utara I no. 43 Surabaya', 1, '2020-06-20 03:08:31', '2020-06-20 03:12:42'),
(7, 'Gudang Maspion 3', 'Jl. Bumi Maspion Utara I no. 10 Surabaya', 1, '2020-06-20 03:09:55', '2020-06-20 03:12:55'),
(8, 'Gudang Depo', 'Jl. Bumi Maspion Selatan IV no.V Surabaya', 1, '2020-06-20 03:11:45', '2020-06-20 03:15:06'),
(9, 'Gudang Sparepart', 'Jl. Mojo Klanggru Lor No. 55 Surabaya', 1, '2020-06-20 03:14:40', '2020-06-20 03:14:40');

-- --------------------------------------------------------

--
-- Struktur dari tabel `ba_gudang_barang`
--

CREATE TABLE `ba_gudang_barang` (
  `id` int(10) UNSIGNED NOT NULL,
  `ba_gudang_id` int(10) UNSIGNED DEFAULT NULL,
  `nama_barang` varchar(191) COLLATE utf8mb4_unicode_ci DEFAULT NULL,
  `kuantitas` int(11) DEFAULT NULL,
  `satuan` varchar(191) COLLATE utf8mb4_unicode_ci DEFAULT NULL,
  `kondisi` smallint(6) DEFAULT NULL,
  `keterangan` varchar(191) COLLATE utf8mb4_unicode_ci DEFAULT NULL,
  `created_at` timestamp NULL DEFAULT NULL,
  `updated_at` timestamp NULL DEFAULT NULL
) ENGINE=InnoDB DEFAULT CHARSET=utf8mb4 COLLATE=utf8mb4_unicode_ci;

--
-- Dumping data untuk tabel `ba_gudang_barang`
--

INSERT INTO `ba_gudang_barang` (`id`, `ba_gudang_id`, `nama_barang`, `kuantitas`, `satuan`, `kondisi`, `keterangan`, `created_at`, `updated_at`) VALUES
(50, 27, 'DIALYSAT AK1-10L', 1220, 'CUB', 1, 'JUMLAH PAS KEADAAN BAIK', '2020-07-02 01:59:48', '2020-07-02 01:59:48'),
(51, 28, 'AK1-10L', 1220, 'CUB', 1, 'SESUAI', '2020-07-02 08:59:39', '2020-07-02 08:59:39'),
(52, 29, 'AK1-10LMA23', 300, 'CUB', 1, 'JUMLAH PAS KEADAAN BAIK', '2020-07-02 09:35:26', '2020-07-02 09:35:26'),
(53, 29, 'AK10L-MA1', 650, 'CUB', 1, 'JUMLAH PAS KEADAAN BAIK', '2020-07-02 09:35:26', '2020-07-02 09:35:26'),
(54, 29, 'AT10L-MB1', 1250, 'CUB', 1, 'JUMLAH PAS KEADAAN BAIK', '2020-07-02 09:35:26', '2020-07-02 09:35:26'),
(55, 30, 'AK1-10LMA23', 300, 'CUB', 1, 'BAIK', '2020-07-02 09:58:04', '2020-07-02 09:58:04'),
(56, 30, 'AK10L-MA1', 650, 'CUB', 1, 'BAIK', '2020-07-02 09:58:04', '2020-07-02 09:58:04'),
(57, 30, 'AT10L-MB1', 1250, 'CUB', 1, 'BAIK', '2020-07-02 09:58:04', '2020-07-02 09:58:04'),
(58, 31, 'AK1-10LMA23', 300, 'CUB', 1, 'BAIK', '2020-07-02 10:00:00', '2020-07-02 10:00:00'),
(59, 31, 'AK10L-MA1', 650, 'CUB', 1, 'BAIK', '2020-07-02 10:00:00', '2020-07-02 10:00:00'),
(60, 31, 'AT10L-MB1', 1250, 'CUB', 1, 'BAIK', '2020-07-02 10:00:00', '2020-07-02 10:00:00'),
(79, 32, 'AK1-10LMA23', 300, 'CUB', 1, 'BAIK', '2020-07-04 04:58:53', '2020-07-04 04:58:53'),
(80, 32, 'AK10L-MA1', 650, 'CUB', 1, 'BAIK', '2020-07-04 04:58:53', '2020-07-04 04:58:53'),
(81, 32, 'AT10L-MB1', 1250, 'CUB', 1, 'BAIK', '2020-07-04 04:58:53', '2020-07-04 04:58:53'),
(82, 33, 'AK1-10LMA23', 300, 'CUB', 1, 'BAIK', '2020-07-04 05:00:13', '2020-07-04 05:00:13'),
(83, 33, 'AK10L-MA1', 650, 'CUB', 1, 'BAIK', '2020-07-04 05:00:13', '2020-07-04 05:00:13'),
(84, 33, 'AT10L-MB1', 1250, 'CUB', 1, 'BAIK', '2020-07-04 05:00:13', '2020-07-04 05:00:13'),
(85, 34, 'AK1-10LMA23', 300, 'CUB', 1, 'BAIK', '2020-07-04 05:00:46', '2020-07-04 05:00:46'),
(86, 34, 'AK10L-MA1', 650, 'CUB', 1, 'BAIK', '2020-07-04 05:00:46', '2020-07-04 05:00:46'),
(87, 34, 'AT10L-MB1', 1250, 'CUB', 1, 'BAIK', '2020-07-04 05:00:46', '2020-07-04 05:00:46'),
(88, 35, 'AK1-10LMA23', 300, 'CUB', 1, 'BAIK', '2020-07-04 05:03:37', '2020-07-04 05:03:37'),
(89, 35, 'AK10L-MA1', 650, 'CUB', 1, 'BAIK', '2020-07-04 05:03:37', '2020-07-04 05:03:37'),
(90, 35, 'AT10L-MB1', 1250, 'CUB', 1, 'BAIK', '2020-07-04 05:03:37', '2020-07-04 05:03:37'),
(91, 36, 'AK1-10L', 1220, 'CUB', 1, 'BAIK', '2020-07-07 08:35:58', '2020-07-07 08:35:58'),
(102, 38, 'AK1-10LMA23', 300, 'CUB', 1, 'BAIK', '2020-07-07 08:52:23', '2020-07-07 08:52:23'),
(103, 38, 'AK10L-MA1', 650, 'CUB', 1, 'BAIK', '2020-07-07 08:52:23', '2020-07-07 08:52:23'),
(104, 38, 'AT10L-MB1', 1250, 'CUB', 1, 'BAIK', '2020-07-07 08:52:23', '2020-07-07 08:52:23'),
(105, 39, 'AK1-10LMA23', 300, 'CUB', 1, 'BAIK', '2020-07-07 08:55:41', '2020-07-07 08:55:41'),
(106, 39, 'AK10L-MA1', 650, 'CUB', 1, 'BAIK', '2020-07-07 08:55:41', '2020-07-07 08:55:41'),
(107, 39, 'AT10L-MB1', 1250, 'CUB', 1, 'BAIK', '2020-07-07 08:55:41', '2020-07-07 08:55:41'),
(108, 37, 'DS03L2332R-N', 100000, 'PCS', 1, 'BAIK', '2020-07-07 08:56:41', '2020-07-07 08:56:41'),
(109, 37, 'DS05L2238R-N', 100000, 'PCS', 1, 'BAIK', '2020-07-07 08:56:41', '2020-07-07 08:56:41'),
(110, 37, 'DS10L2138R-N', 100000, 'PCS', 1, 'BAIK', '2020-07-07 08:56:41', '2020-07-07 08:56:41'),
(111, 37, 'DS50LS-R-N', 10000, 'PCS', 1, 'BAIK', '2020-07-07 08:56:41', '2020-07-07 08:56:41'),
(112, 37, 'A016+R-V604R', 8052, 'PCS', 1, 'BAIK', '2020-07-07 08:56:41', '2020-07-07 08:56:41'),
(113, 40, 'AK1-10L', 1220, 'CUB', 1, 'BAIK', '2020-07-08 07:31:03', '2020-07-08 07:31:03'),
(114, 41, 'AK1-10LMA23', 300, 'CUB', 1, 'BAIK', '2020-07-08 10:55:40', '2020-07-08 10:55:40'),
(115, 41, 'AK10L-MA1', 650, 'CUB', 1, 'BAIK', '2020-07-08 10:55:40', '2020-07-08 10:55:40'),
(116, 41, 'AT10L-MB1', 1250, 'CUB', 1, 'BAIK', '2020-07-08 10:55:40', '2020-07-08 10:55:40'),
(117, 42, 'AK10L-MA1', 650, 'CUB', 1, 'BAIK DAN SESUAI', '2020-07-09 07:19:47', '2020-07-09 07:19:47'),
(118, 42, 'AT10L-MB1', 1250, 'CUB', 1, 'BAIK DAN SESUAI', '2020-07-09 07:19:47', '2020-07-09 07:19:47'),
(119, 42, 'AK1-10LMA23', 300, 'CUB', 1, 'BAIK DAN SESUAI', '2020-07-09 07:19:47', '2020-07-09 07:19:47'),
(120, 43, 'AK1-10LMA23', 300, 'CUB', 1, 'BAIK', '2020-07-10 08:51:29', '2020-07-10 08:51:29'),
(121, 43, 'AK10L-MA1', 650, 'CUB', 1, 'BAIK', '2020-07-10 08:51:29', '2020-07-10 08:51:29'),
(122, 43, 'AT10L-MB1', 1250, 'CUB', 1, 'BAIK', '2020-07-10 08:51:29', '2020-07-10 08:51:29'),
(123, 44, 'AK1-10LMA23', 300, 'CUB', 1, 'BAIK', '2020-07-11 04:08:30', '2020-07-11 04:08:30'),
(124, 44, 'AK10L-MA1', 650, 'CUB', 1, 'BAIK', '2020-07-11 04:08:30', '2020-07-11 04:08:30'),
(125, 44, 'AT10L-MB1', 1250, 'CUB', 1, 'BAIK', '2020-07-11 04:08:30', '2020-07-11 04:08:30'),
(126, 45, 'AK10L-MA1', 650, 'CUB', 1, 'SESUAI', '2020-07-13 03:47:11', '2020-07-13 03:47:11'),
(127, 45, 'AT10L-MB1', 1250, 'CUB', 1, 'SESUAI', '2020-07-13 03:47:11', '2020-07-13 03:47:11'),
(128, 45, 'AK1-10LMA23', 300, 'CUB', 1, 'SESUAI', '2020-07-13 03:47:11', '2020-07-13 03:47:11'),
(129, 46, 'DS03L2332R-N', 160000, 'PCS', 1, 'BAIK', '2020-07-15 04:11:06', '2020-07-15 04:11:06'),
(130, 46, 'DS10L2138R-N', 120000, 'PCS', 1, 'BAIK', '2020-07-15 04:11:06', '2020-07-15 04:11:06'),
(131, 46, 'A016+R-V604R', 15136, 'PCS', 1, 'BAIK', '2020-07-15 04:11:06', '2020-07-15 04:11:06'),
(132, 47, 'AK1-10L', 1220, 'CUB', 1, 'SESUAI SURAT JALAN', '2020-07-15 06:51:13', '2020-07-15 06:51:13'),
(133, 48, 'AK10L-MA1', 650, 'CUB', 1, 'BAIK', '2020-07-22 07:11:49', '2020-07-22 07:11:49'),
(134, 48, 'AT10L-MB1', 1250, 'CUB', 1, 'BAIK', '2020-07-22 07:11:49', '2020-07-22 07:11:49'),
(135, 48, 'AK1-10LMA23', 300, 'CUB', 1, 'BAIK', '2020-07-22 07:11:49', '2020-07-22 07:11:49'),
(136, 49, 'AK1-10LMA23', 300, 'CUB', 1, 'SESUAI SURAT JALAN', '2020-07-23 03:20:49', '2020-07-23 03:20:49'),
(137, 49, 'AK10L-MA1', 650, 'CUB', 1, 'SESUAI SURAT JALAN', '2020-07-23 03:20:49', '2020-07-23 03:20:49'),
(138, 49, 'AT10L-MB1', 1250, 'CUB', 1, 'SESUAI SURAT JALAN', '2020-07-23 03:20:49', '2020-07-23 03:20:49'),
(139, 50, 'AK1-10LMA23', 300, 'CUB', 1, 'SESUAI SURAT JALAN', '2020-07-23 03:24:28', '2020-07-23 03:24:28'),
(140, 50, 'AK10L-MA1', 650, 'CUB', 1, 'SESUAI SURAT JALAN', '2020-07-23 03:24:28', '2020-07-23 03:24:28'),
(141, 50, 'AT10L-MB1', 1250, 'CUB', 1, 'SESUAI SURAT JALAN', '2020-07-23 03:24:28', '2020-07-23 03:24:28'),
(142, 51, 'DS03L2332R-N', 200000, 'PCS', 1, 'SESUAI SURAT JALAN', '2020-07-23 03:28:06', '2020-07-23 03:28:06'),
(143, 51, 'DS05L2238R-N', 100000, 'PCS', 1, 'SESUAI SURAT JALAN', '2020-07-23 03:28:06', '2020-07-23 03:28:06'),
(144, 51, 'DS10L2138R-N', 160000, 'PCS', 1, 'SESUAI SURAT JALAN', '2020-07-23 03:28:06', '2020-07-23 03:28:06'),
(145, 51, 'A016+R-V604R', 5544, 'PCS', 1, 'SESUAI SURAT JALAN', '2020-07-23 03:28:06', '2020-07-23 03:28:06'),
(146, 52, 'AK1-10LMA23', 300, 'CUB', 1, 'SESUAI SURAT JALAN', '2020-07-23 03:29:56', '2020-07-23 03:29:56'),
(147, 52, 'AK10L-MA1', 650, 'CUB', 1, 'SESUAI SURAT JALAN', '2020-07-23 03:29:56', '2020-07-23 03:29:56'),
(148, 52, 'AT10L-MB1', 1250, 'CUB', 1, 'SESUAI SURAT JALAN', '2020-07-23 03:29:56', '2020-07-23 03:29:56'),
(149, 53, 'DS03L2332R-N', 200000, 'PCS', 1, 'SESUAI SURAT JALAN', '2020-07-23 03:39:01', '2020-07-23 03:39:01'),
(150, 53, 'DS10L2138R-N', 120000, 'PCS', 1, 'SESUAI SURAT JALAN', '2020-07-23 03:39:01', '2020-07-23 03:39:01'),
(151, 53, 'A016+R-V604R', 13860, 'PCS', 1, 'SESUAI SURAT JALAN', '2020-07-23 03:39:01', '2020-07-23 03:39:01'),
(152, 54, '7701-49PDL-PBLUE', 12000, 'PCS', 1, 'SESUAI', '2020-07-24 09:20:40', '2020-07-24 09:20:40'),
(153, 54, '7702-49PDL-PPINK', 12000, 'PCS', 1, 'SESUAI', '2020-07-24 09:20:40', '2020-07-24 09:20:40'),
(154, 54, 'FB70G', 24, 'PCS', 1, 'SESUAI', '2020-07-24 09:20:40', '2020-07-24 09:20:40'),
(155, 54, 'NIC1832-N', 10000, 'PCS', 1, 'SESUAI', '2020-07-24 09:20:40', '2020-07-24 09:20:40'),
(156, 54, 'NIC2032-N', 30000, 'PCS', 1, 'SESUAI', '2020-07-24 09:20:40', '2020-07-24 09:20:40'),
(157, 54, 'SCL-HD', 60, 'CUB', 1, 'SESUAI', '2020-07-24 09:20:40', '2020-07-24 09:20:40'),
(158, 54, 'W-CATH 2225-N-E', 1000, 'PCS', 1, 'SESUAI', '2020-07-24 09:20:40', '2020-07-24 09:20:40'),
(159, 54, 'FB90G', 24, 'PCS', 1, 'SESUAI', '2020-07-24 09:20:40', '2020-07-24 09:20:40'),
(160, 54, 'ELISIO1-15H', 7440, 'PCS', 1, 'SESUAI', '2020-07-24 09:20:40', '2020-07-24 09:20:40'),
(161, 55, 'AK1-10LMA23', 300, 'CUB', 1, 'SESUAI SURAT JALAN', '2020-07-24 09:31:07', '2020-07-24 09:31:07'),
(162, 55, 'AK10L-MA1', 650, 'CUB', 1, 'SESUAI SURAT JALAN', '2020-07-24 09:31:07', '2020-07-24 09:31:07'),
(163, 55, 'AT10L-MB1', 1250, 'CUB', 1, 'SESUAI SURAT JALAN', '2020-07-24 09:31:07', '2020-07-24 09:31:07'),
(164, 56, 'AK10L-MA1', 650, 'CUB', 1, 'SESUAI', '2020-07-27 08:35:53', '2020-07-27 08:35:53'),
(165, 56, 'AT10L-MB1', 1250, 'CUB', 1, 'SESUAI', '2020-07-27 08:35:53', '2020-07-27 08:35:53'),
(166, 56, 'AK1-10LMA23', 300, 'CUB', 1, 'SESUAI', '2020-07-27 08:35:53', '2020-07-27 08:35:53'),
(171, 57, 'Steker Broco Arde', 10, 'PCS', 1, 'POGA-2008-0237', '2020-08-13 08:00:22', '2020-08-13 08:00:22'),
(172, 57, 'Vlock Shock 1 x 1/2', 5, 'PCS', 1, 'POGA-2008-0236', '2020-08-13 08:00:22', '2020-08-13 08:00:22'),
(173, 58, 'Rumah Bearing', 1, 'UNIT', 1, 'POGA-2008-0266', '2020-08-18 08:31:50', '2020-08-18 08:31:50'),
(174, 58, 'Pompa 220 Volt', 2, 'UNIT', 1, 'POGA-2007-0473', '2020-08-18 08:31:50', '2020-08-18 08:31:50'),
(176, 59, 'Treker 2 Kaki 12\"', 1, 'Unit', 1, 'POGA-2007-0539', '2020-08-19 09:55:32', '2020-08-19 09:55:32'),
(177, 60, 'AK10L-MA1', 650, 'CUB', 1, 'SESUAI', '2020-08-26 06:09:42', '2020-08-26 06:09:42'),
(178, 60, 'AT10L-MB1', 1250, 'CUB', 1, 'SESUAI', '2020-08-26 06:09:42', '2020-08-26 06:09:42'),
(179, 60, 'AK1-10LMA23', 300, 'CUB', 1, 'SESUAI', '2020-08-26 06:09:42', '2020-08-26 06:09:42'),
(183, 61, 'AK10L-MA1', 650, 'CUB', 1, 'SESUAI', '2020-08-26 06:51:43', '2020-08-26 06:51:43'),
(184, 61, 'AK1-10LMA23', 300, 'CUB', 1, 'SESUAI', '2020-08-26 06:51:43', '2020-08-26 06:51:43'),
(185, 61, 'AT10L-MB1', 1250, 'CUB', 1, 'SESUAI', '2020-08-26 06:51:43', '2020-08-26 06:51:43'),
(186, 62, 'AK10L-MA1', 650, 'CUB', 1, 'SESUAI', '2020-08-26 07:53:09', '2020-08-26 07:53:09'),
(187, 62, 'AT10L-MB1', 1250, 'CUB', 1, 'SESUAI', '2020-08-26 07:53:09', '2020-08-26 07:53:09'),
(188, 62, 'AK1-10LMA23', 300, 'CUB', 1, 'SESUAI', '2020-08-26 07:53:09', '2020-08-26 07:53:09'),
(192, 63, 'AT10L-MB1', 1250, 'CUB', 1, 'JUMLAH PAS KEADAAN BAIK', '2020-08-27 04:20:40', '2020-08-27 04:20:40'),
(193, 63, 'AK10L-MA1', 650, 'CUB', 1, 'JUMLAH PAS KEADAAN BAIK', '2020-08-27 04:20:40', '2020-08-27 04:20:40'),
(194, 63, 'AK1-10LMA23', 300, 'CUB', 1, 'JUMLAH PAS KEADAAN BAIK', '2020-08-27 04:20:40', '2020-08-27 04:20:40'),
(195, 64, 'AT10L-MB1', 1250, 'CUB', 1, 'SESUAI', '2020-08-27 06:17:12', '2020-08-27 06:17:12'),
(196, 64, 'AK10L-MA1', 650, 'CUB', 1, 'SESUAI', '2020-08-27 06:17:12', '2020-08-27 06:17:12'),
(197, 64, 'AK1-10LMA23', 300, 'CUB', 1, 'SESUAI', '2020-08-27 06:17:12', '2020-08-27 06:17:12'),
(198, 65, 'ALAT KESEHATAN', 759, 'COLLY', 1, 'TIDAK SESUAI', '2020-08-27 08:23:47', '2020-08-27 08:23:47'),
(199, 65, 'MESIN HD', 13, 'UNIT', 1, 'SESUAI', '2020-08-27 08:23:47', '2020-08-27 08:23:47'),
(200, 65, 'MESIN RO', 1, 'UNIT', 1, 'SESUAI', '2020-08-27 08:23:48', '2020-08-27 08:23:48'),
(201, 65, 'BARANG TAM', 42, 'COLLY', 1, 'TIDAK SESUAI', '2020-08-27 08:23:48', '2020-08-27 08:23:48'),
(202, 66, 'AK1-10L', 1220, 'CUB', 1, 'SESUAI', '2020-08-28 07:39:00', '2020-08-28 07:39:00'),
(203, 67, 'ALKES', 11, 'KOLI', 1, 'SESUAI', '2020-08-28 07:47:29', '2020-08-28 07:47:29'),
(204, 68, 'AT10L-MB1', 1250, 'CUB', 1, 'SESUAI', '2020-08-31 05:54:04', '2020-08-31 05:54:04'),
(205, 68, 'AK10L-MA1', 650, 'CUB', 1, 'SESUAI', '2020-08-31 05:54:04', '2020-08-31 05:54:04'),
(206, 68, 'AK1-10LMA23', 300, 'CUB', 1, 'SESUAI', '2020-08-31 05:54:04', '2020-08-31 05:54:04'),
(207, 69, 'AK1-10L', 1219, 'CUB', 1, 'SESUAI', '2020-08-31 06:31:19', '2020-08-31 06:31:19'),
(208, 69, 'AK1-10L', 1, 'CUB', 0, 'ISI KOSONG', '2020-08-31 06:31:19', '2020-08-31 06:31:19'),
(209, 70, 'AK10L-MA1', 650, 'CUB', 1, 'SESUAI', '2020-08-31 07:31:39', '2020-08-31 07:31:39'),
(210, 70, 'AT10L-MB1', 1250, 'CUB', 1, 'SESUAI', '2020-08-31 07:31:39', '2020-08-31 07:31:39'),
(211, 70, 'AK10L-MA23', 300, 'CUB', 1, 'SESUAI', '2020-08-31 07:31:39', '2020-08-31 07:31:39'),
(212, 71, 'ALAT KESEHATAN', 601, 'KOLI', 1, 'SUSUAI', '2020-08-31 08:18:09', '2020-08-31 08:18:09');

-- --------------------------------------------------------

--
-- Struktur dari tabel `event`
--

CREATE TABLE `event` (
  `id` int(10) UNSIGNED NOT NULL,
  `tanggal` date DEFAULT NULL,
  `nama_event` varchar(191) COLLATE utf8mb4_unicode_ci DEFAULT NULL,
  `jenis_event` smallint(6) DEFAULT NULL,
  `keterangan` text COLLATE utf8mb4_unicode_ci DEFAULT NULL,
  `lokasi` varchar(191) COLLATE utf8mb4_unicode_ci DEFAULT NULL,
  `all_dept` tinyint(1) DEFAULT 0,
  `created_by` int(10) UNSIGNED DEFAULT NULL,
  `created_at` timestamp NULL DEFAULT NULL,
  `updated_at` timestamp NULL DEFAULT NULL
) ENGINE=InnoDB DEFAULT CHARSET=utf8mb4 COLLATE=utf8mb4_unicode_ci;

--
-- Dumping data untuk tabel `event`
--

INSERT INTO `event` (`id`, `tanggal`, `nama_event`, `jenis_event`, `keterangan`, `lokasi`, `all_dept`, `created_by`, `created_at`, `updated_at`) VALUES
(16, '2020-06-10', 'sosialisasi sirus', 3, 'sosialisasi sirus', 'kantor moestopo R.BOM', 0, 40, '2020-06-10 04:02:22', '2020-06-10 04:02:22'),
(17, '2020-06-08', 'Briefing Mingguan Divisi TAM', 1, 'Briefing Mingguan Divisi TAM', 'Ruang Admin Teknisi Kantor Mojo', 0, 66, '2020-06-10 08:02:45', '2020-06-10 08:02:45'),
(18, '2020-06-11', 'Sosialisasi sirus app', 3, 'sosialiasi app sirus', 'kantor moestopo', 1, 62, '2020-06-11 07:36:52', '2020-06-11 07:36:52'),
(19, '2020-06-12', 'Briefing Mingguan Divisi TAM Periode Juni 2020', 1, 'Briefing Mingguan Tanggal 12 Juni 2020', 'Ruang Admin Teknisi Kantor Mojo', 0, 66, '2020-06-12 01:45:01', '2020-06-12 01:45:01'),
(22, '2020-06-15', 'Briefing Mingguan Divisi TAM Periode Juni 2020', 1, 'Briefing Mingguan Divisi TAM Periode Juni 2020', 'Ruang Admin Teknisi Kantor Mojo', 0, 66, '2020-06-16 01:09:07', '2020-06-16 01:09:07'),
(24, '2020-06-19', 'Briefing Mingguan Divisi TAM Periode Juni 2020', 1, 'Periode Juni 2020', 'Ruang Admin Teknisi Kantor Mojo', 0, 66, '2020-06-19 01:59:21', '2020-06-19 01:59:21'),
(25, '2020-06-22', 'Breafing harian', 1, 'Breafing harian', 'Cab Surabaya', 0, 38, '2020-06-22 01:44:14', '2020-06-22 01:44:14'),
(26, '2020-06-22', 'Briefing Mingguan Divisi TAM Periode Juni 2020', 1, 'Tanggal 22 Juni 2020', 'Ruang Admin Teknisi Kantor Mojo', 0, 66, '2020-06-22 02:10:48', '2020-06-22 02:10:48'),
(27, '2020-06-23', 'briefing pagi', 1, 'Briefing harian', 'Surabaya - Lantai 4', 0, 45, '2020-06-23 01:29:06', '2020-07-02 03:36:14'),
(28, '2020-06-23', 'Breafing harian', 1, 'Breafing harian', 'Cab Surabaya', 0, 38, '2020-06-23 01:33:24', '2020-06-23 01:33:24'),
(29, '2020-06-24', 'Briefing pagi', 1, 'Briefing pagi', 'Surabaya - Lantai 4', 0, 45, '2020-06-24 01:11:22', '2020-07-02 03:36:02'),
(30, '2020-06-25', 'Briefing pagi', 1, 'Briefing pagi', 'Surabaya - Lantai 4', 0, 45, '2020-06-25 01:35:40', '2020-07-02 03:35:49'),
(31, '2020-06-25', 'Training Mikrotik', 3, 'Training konfigurasi dasar dan troubleshooting mikrotik', 'SRU Surabaya Moestopo R.Meeting', 0, 40, '2020-06-25 04:41:09', '2020-06-25 06:36:05'),
(32, '2020-06-26', 'briefing pagi', 1, NULL, 'Surabaya - Lantai 4', 0, 45, '2020-06-26 01:18:17', '2020-07-02 03:35:38'),
(33, '2020-06-26', 'Briefing Mingguan Divisi TAM Periode Juni 2020', 1, 'Tanggal 26 Juni 2020', 'Ruang Admin Teknisi Kantor Mojo', 0, 66, '2020-06-26 01:35:14', '2020-06-26 01:35:14'),
(34, '2020-06-29', 'Briefing Pagi', 1, 'Briefing Pagi', 'Surabaya - Lantai 4', 0, 45, '2020-06-29 01:25:44', '2020-07-02 03:23:24'),
(35, '2020-06-29', 'Briefing Mingguan Divisi TAM Periode Juni 2020', 1, 'Tanggal 29 Juni 2020', 'Ruang Admin Teknisi Kantor Mojo', 0, 66, '2020-06-29 01:31:13', '2020-06-29 01:31:13'),
(36, '2020-06-30', 'Briefing Pagi', 1, 'Briefing Pagi', 'Surabaya - Lantai 4', 0, 45, '2020-06-30 01:29:50', '2020-07-02 03:23:10'),
(37, '2020-07-01', 'Briefing Pagi', 1, NULL, 'Surabaya - Lantai 4', 0, 45, '2020-07-01 01:39:31', '2020-07-02 03:22:52'),
(38, '2020-07-02', 'Briefing Pagi', 1, 'Briefing Pagi', 'Surabaya- Lantai 4', 0, 45, '2020-07-02 01:30:05', '2020-07-02 03:22:34'),
(39, '2020-07-02', 'Briefing Harian', 1, NULL, 'SRU Cabang Surabaya', 0, 44, '2020-07-02 01:39:21', '2020-07-02 01:39:52'),
(40, '2020-07-01', 'BRIEFING HARIAN', 1, 'pekerjaan yang telah dicapai hari ini.\r\ndan rencana kerja esok hari', 'GUDANG ROMOKALISARI', 0, 125, '2020-07-02 03:35:27', '2020-07-02 03:40:18'),
(41, '2020-07-01', 'notulen breafing', 1, 'breafing  pagi', 'kantor sru mojo', 0, 100, '2020-07-02 03:46:14', '2020-07-02 07:41:04'),
(43, '2020-07-02', 'briefing SCM', 1, 'briefing SCM, 2 Juli 2020', 'Ruang admin', 0, 126, '2020-07-02 04:55:53', '2020-07-02 04:55:53'),
(44, '2020-07-02', 'bbbbb', 1, 'nnnnnn', 'Ruang admin', 0, 126, '2020-07-02 04:56:45', '2020-07-02 04:56:45'),
(45, '2020-07-01', 'briefing harian', 1, '-pembagian kiiriman dalam kota dan mutasi antar gudang\r\n-perihal barang datang cairan ak1-10l dari jakarta \r\n-perihal update kode lot\r\n-perihal ceklist forklift yang rusak', 'gd kedinding', 0, 147, '2020-07-02 05:36:27', '2020-07-02 05:36:27'),
(46, '2020-07-02', 'briefing harian', 1, '-pembagian kiriman dalam kota dan mutasi \r\n-perihal bongkaran cairan ak1-10l yang hari ini bongkar agar bagian helper dan inventory menyiapkan tempat \r\n-perihal jaga kesehatan dan phisyical distancing dilingkungan gudang kedinding\r\n-perihal stok yang kurang aman,utk sgra dilakuakn mutasi ke dr depo ke gd kedinding', 'gd kedinding', 0, 147, '2020-07-02 05:42:29', '2020-07-02 05:42:29'),
(47, '2020-07-02', 'XXX', 1, 'XXX', 'Ruang admin', 0, 126, '2020-07-02 05:56:59', '2020-07-02 05:56:59'),
(48, '2020-07-02', 'notulen breafing', 1, 'breafing pagi', 'kantor sru mojo', 0, 100, '2020-07-02 07:49:18', '2020-07-02 07:49:18'),
(49, '2020-07-02', 'BRIEFING HARIAN', 1, 'KBAHAS KERJA HARIAN', 'GD. ROMOKALISARI', 0, 125, '2020-07-02 10:06:23', '2020-07-02 10:06:23'),
(50, '2020-07-03', 'Briefing Harian', 1, NULL, 'SRU Cabang Surabaya', 0, 44, '2020-07-03 01:27:36', '2020-07-03 01:27:36'),
(51, '2020-07-03', 'Briefing Pagi', 1, 'BRIEFING PAGI', 'Surabaya', 0, 45, '2020-07-03 01:30:53', '2020-07-03 01:30:53'),
(52, '2020-07-03', 'notulen breafing', 1, 'breafing pagi', 'kantor sru mojo', 0, 100, '2020-07-03 01:42:33', '2020-07-03 01:42:33'),
(53, '2020-07-03', 'BRIEFING HARIAN', 1, '- pembagian kiriman dalam kota dan mutasi \r\n- perihal identifikasi kode lot\r\n- perihal stok yang kurang aman,utk sgra dilakuakn mutasi ke dr depo ke gd kedinding \r\n- perihal jaga kesehatan dan phisyical distancing dilingkungan gudang kedinding \r\n- perihal follow up forklip', 'GUDANG KEDINDING', 0, 157, '2020-07-03 01:48:31', '2020-07-03 01:48:31'),
(54, '2020-07-03', 'Briefing Mingguan Divisi TAM Periode Juli 2020', 1, 'Tanggal 03 Juli 2020', 'Ruang Admin Teknisi Kantor Mojo', 0, 66, '2020-07-03 01:49:32', '2020-07-03 01:49:32'),
(55, '2020-07-03', 'BRIEFING PAGI', 1, 'Briefing Pagi', 'SURABAYA LT 4', 0, 50, '2020-07-03 04:51:37', '2020-07-03 04:59:48'),
(56, '2020-07-03', 'BRIEFING HARIAN', 1, 'barang yang terkirim dan masuk gudang', 'GD. ROMOKALISARI', 0, 125, '2020-07-03 09:43:02', '2020-07-03 09:43:02'),
(57, '2020-07-04', 'notulen brefing', 1, 'notulen brefing pagi', 'kantor sru mojo', 0, 100, '2020-07-04 01:44:40', '2020-07-04 01:45:04'),
(58, '2020-07-04', 'BRIEFING HARIAN', 1, '- perihal identifikasi kode lot \r\n- perihal jaga kesehatan dan phisyical distancing dilingkungan gudang kedinding \r\n- perihal follow up forklip\r\n-prepare gudang hari senin untuk penerimaan mesin 28 unit', 'GD KEDINDING', 0, 157, '2020-07-04 02:13:14', '2020-07-04 02:13:14'),
(59, '2020-07-04', 'BRIEFING HARIAN', 1, 'BAHAS KIRIMAN HARI INI', 'GD. ROMOKALISARI', 0, 125, '2020-07-04 05:07:46', '2020-07-04 05:07:46'),
(60, '2020-07-04', 'BRIEFING PAGI', 1, NULL, 'SURABAYA LT 4', 0, 50, '2020-07-04 05:57:07', '2020-07-04 05:57:07'),
(61, '2020-07-06', 'briefing pagi', 1, NULL, 'surabaya', 0, 45, '2020-07-06 01:39:54', '2020-07-06 01:39:54'),
(62, '2020-07-06', 'notulen breafing', 1, 'Breafing pagi', 'kantor sru mojo', 0, 100, '2020-07-07 01:41:23', '2020-07-07 03:35:27'),
(63, '2020-07-07', 'notulen breafing', 1, 'brefing pagi', 'kantor sru mojo', 0, 100, '2020-07-07 03:00:15', '2020-07-07 03:00:15'),
(64, '2020-07-06', 'BRIEFING HARIAN', 1, 'KERJA HARIAN', 'GD. ROMOKALISARI', 0, 125, '2020-07-07 09:18:15', '2020-07-07 09:18:15'),
(65, '2020-07-07', 'BRIEFING HARIAN', 1, 'KERJA HARI INI DAN ESOK HARI', 'GUDANG ROMOKALISARI', 0, 125, '2020-07-07 09:36:27', '2020-07-07 09:36:27'),
(66, '2020-07-08', 'notulen brefing', 1, 'brefing pagi', 'kantor sru mojo', 0, 100, '2020-07-08 01:26:03', '2020-07-08 01:26:03'),
(67, '2020-07-09', 'notulen breafing', 1, 'breafing pagi', 'kantor sru mojo', 0, 40, '2020-07-09 03:36:05', '2020-07-09 03:36:05'),
(68, '2020-07-10', 'briefing pagi', 1, NULL, 'surabaya', 0, 45, '2020-07-10 01:12:01', '2020-07-10 01:12:01'),
(69, '2020-07-10', 'notulen breafing', 1, 'notulen pagi', 'kantor sru mojo', 0, 100, '2020-07-10 01:48:56', '2020-07-10 01:48:56'),
(70, '2020-07-10', 'BRIEFING HARIAN', 1, '- perihal identifikasi kode lot\r\n - perihal jaga kesehatan dan phisyical distancing dilingkungan gudang kedinding \r\n- perihal prepare tempat utk penerimaan HDJ dan renal hari ini \r\n-pembagian kiriman dalam kota', 'GD KEDINDING', 0, 157, '2020-07-10 01:49:23', '2020-07-10 01:49:23'),
(71, '2020-07-09', 'BRIEFING HARIAN', 1, '- perihal identifikasi kode lot\r\n- perihal jaga kesehatan dan phisyical distancing dilingkungan gudang kedinding \r\n-perihal prepare tempat penerimaan renal\r\n-pembagian kiriman dalam kota', 'GD KEDINDING', 0, 157, '2020-07-10 01:53:37', '2020-07-10 01:53:37'),
(72, '2020-07-08', 'BRIEFING HARIAN', 1, 'KIRIMAN DAN STOK OPNAME', 'GUDANG ROMOKALISARI', 0, 125, '2020-07-10 09:00:16', '2020-07-10 09:00:16'),
(73, '2020-07-09', 'BRIEFING HARIAN', 1, 'STOK OPNAME DAN  AUDIT GUDANG ROMOKALISARI', 'GUDANG ROMOKALISARI', 0, 125, '2020-07-10 09:22:06', '2020-07-10 09:22:06'),
(74, '2020-07-10', 'BRIEFING HARIAN', 1, 'KIRIMAN HARI INI DAN PENGELUARAN CAIRAN YANG KODE LOT TERDEKAT', 'GUDANG ROMOKALISARI', 0, 125, '2020-07-10 09:22:51', '2020-07-10 09:22:51'),
(75, '2020-07-11', 'notulen brefing', 1, 'breafing pagi', 'kantor sru mojo', 0, 100, '2020-07-11 04:26:27', '2020-07-11 04:26:27'),
(76, '2020-07-13', 'briefing pagi', 1, NULL, 'surabaya', 0, 45, '2020-07-13 01:31:07', '2020-07-13 01:31:07'),
(77, '2020-07-13', 'notulen breafing', 1, 'brefing pagi', 'kantor sru mojo', 0, 100, '2020-07-13 02:10:44', '2020-07-13 02:10:44'),
(78, '2020-07-13', 'Briefing Mingguan Divisi TAM Periode Juli 2020', 1, 'TANGGAL 13 JULI 2020', 'Ruang Admin Teknisi Kantor Mojo', 0, 66, '2020-07-13 02:16:56', '2020-07-13 02:16:56'),
(79, '2020-07-11', 'BRIEFING HARIAN', 1, '- perihal jaga kesehatan dan phisyical distancing dilingkungan gudang kedinding\r\n- perihal prepare stock opname audit', 'GUDANG KEDINDING', 0, 157, '2020-07-13 03:36:07', '2020-07-13 03:36:07'),
(80, '2020-07-13', 'BRIEFING HARIAN', 1, '- perihal identifikasi kode lot\r\n- perihal prepare tempat utk penerimaan AK1 dan renal hari ini \r\n- perihal penerimaan mesin dari BAli\r\n- pembagian kiriman dalam kota\r\n- perihal jaga kesehatan dan phisyical distancing dilingkungan gudang kedinding', 'GUDANG KEDINDING', 0, 157, '2020-07-13 03:37:51', '2020-07-13 03:37:51'),
(81, '2020-07-13', 'BRIEFING HARIAN', 1, 'kerja hari ini', 'GUDANG ROMOKALISARI', 0, 125, '2020-07-13 09:52:29', '2020-07-13 09:52:29'),
(82, '2020-07-14', 'notulen brefing', 1, 'brefing pagi', 'kantor sru mojo', 0, 100, '2020-07-14 02:28:14', '2020-07-14 02:28:14'),
(83, '2020-07-14', 'BRIEFING HARIAN', 1, 'kiriman hari ini dan esok hari', 'GUDANG ROMOKALISARI', 0, 125, '2020-07-14 09:34:06', '2020-07-14 09:34:06'),
(84, '2020-07-15', 'notulen brefing', 1, 'brefing pagi', 'kantor sru mojo', 0, 100, '2020-07-15 01:18:16', '2020-07-15 01:18:16'),
(85, '2020-07-15', 'BRIEFING HARIAN', 1, 'pengiriman luar kota dan kiriman BALI yang di cancle karena sopir test nya Reaktif', 'GUDANG ROMOKALISARI', 0, 125, '2020-07-15 09:48:49', '2020-07-15 09:48:49'),
(86, '2020-07-16', 'notulen breafing', 1, 'brefing pagi', 'kantor sru mojo', 0, 100, '2020-07-16 01:46:29', '2020-07-16 01:46:29'),
(87, '2020-07-17', 'notulen breafing', 1, 'brefing pagi', 'kantor sru mojo', 0, 100, '2020-07-17 01:26:30', '2020-07-17 01:26:30'),
(88, '2020-07-20', 'notulen brefing', 1, 'breafing pagi', 'kantor sru mojo', 0, 100, '2020-07-20 01:42:41', '2020-07-20 01:42:41'),
(89, '2020-07-20', 'Briefing Mingguan Divisi TAM Periode Juli 2020', 1, 'TANGGAL 20 JULI 2020', 'Ruang Admin Teknisi Kantor Mojo', 0, 66, '2020-07-20 02:32:21', '2020-07-20 02:32:21'),
(90, '2020-07-21', 'notulen breafing', 1, 'notulen pagi', 'kantor sru mojo', 0, 100, '2020-07-21 02:56:07', '2020-07-21 02:56:07'),
(91, '2020-07-21', 'BRIEFING HARIAN', 1, 'kiriman hari ini, dan penerimaan renal hari ini.\r\nkiriman besok, 7 tujuan', 'GUDANG ROMOKALISARI', 0, 125, '2020-07-21 09:53:41', '2020-07-21 09:53:41'),
(92, '2020-07-22', 'notulen brefing', 1, 'notulen brefing', 'kantor sru mojo', 0, 100, '2020-07-22 04:35:42', '2020-07-22 04:35:42'),
(93, '2020-07-22', 'BRIEFING HARIAN', 1, 'kiriman hari ini sesuai PL,\r\nPenerimaan 1 kontainer di gudang msp.1 sesuai surat jalan.\r\npenerimaan alkes di depo, sesuai surat jalan', 'GD. ROMOKALISARI', 0, 125, '2020-07-22 09:46:45', '2020-07-22 09:46:45'),
(94, '2020-07-23', 'brefing pagi', 1, 'notulen brefing', 'kantor sru mojo', 0, 100, '2020-07-23 01:35:18', '2020-07-23 01:35:18'),
(95, '2020-07-23', 'BRIEFING HARIAN', 1, 'terkirim semua, tidak ada pendingan.\r\nbongkar 1 kontainer sesuai surat jalan\r\nkiriman besok 13 tujuan.\r\nrencana 1 kontainer bongkar maspion.1', 'GUDANG ROMOKALISARI', 0, 125, '2020-07-23 09:48:26', '2020-07-23 09:48:26'),
(96, '2020-07-24', 'BRIEFING HARIAN', 1, '- perihal identifikasi kode lot\r\n- pembagian kiriman dalam kota \r\n- perihal mutasi antar gudang depo dan GDA\r\n- perihal jaga kesehatan dan phisyical distancing dilingkungan gudang kedinding', 'GD KEDINDING', 0, 157, '2020-07-24 09:10:47', '2020-07-24 09:10:47'),
(97, '2020-07-24', 'BRIEFING HARIAN', 1, 'kiriman terkirim dan ada pending\r\npenerimaan kontainer bongkar gudang maspion.1\r\npengerjaan penataan rak di maspion.1 sudah selesai', 'GUDANG ROMOKALISARI', 0, 125, '2020-07-24 09:28:11', '2020-07-24 09:28:11'),
(98, '2020-07-27', 'notulen brefing', 1, 'brefing pagi', 'kantor sru mojo', 0, 100, '2020-07-27 02:00:05', '2020-07-27 02:00:05'),
(99, '2020-07-27', 'Briefing Mingguan Divisi TAM Periode Juli 2020', 1, 'TANGGAL 27 JULI 2020', 'Ruang Admin Teknisi Kantor Mojo', 0, 66, '2020-07-27 02:13:49', '2020-07-27 02:13:49'),
(100, '2020-07-28', 'notulen brefing', 1, 'breafing pagi', 'kantor sru mojo', 0, 100, '2020-07-28 02:12:16', '2020-07-28 02:12:16'),
(101, '2020-07-28', 'BRIEFING HARIAN', 1, 'kiriman ada 16 tujuan dan pending 4 kiriman termasuk BALI\r\npenerimaan 1 kontainer\r\nkiriman besok ada 14 tujuan\r\npenerimaan kontainer besok ada 1\r\npenerimaan wingbox besok ada 1', 'GUDANG ROMOKALISARI', 0, 125, '2020-07-28 10:26:17', '2020-07-28 10:26:17'),
(102, '2020-07-29', 'notulen brefing', 1, 'breafing pagi', 'kantor sru mojo', 0, 100, '2020-07-29 01:44:17', '2020-07-29 01:44:17'),
(103, '2020-07-29', 'Briefing', 1, 'Briefing ITS', 'SRU Mojoklanggru', 0, 40, '2020-07-29 02:53:18', '2020-07-29 02:53:18'),
(104, '2020-07-30', 'notulen brefing', 1, 'notulen pagi', 'kantor sru mojo', 0, 100, '2020-07-30 01:36:42', '2020-07-30 01:36:42'),
(105, '2020-08-03', 'notulen brefing', 1, 'breafing pagi', 'kantor sru mojo', 0, 100, '2020-08-03 01:48:07', '2020-08-03 01:48:07'),
(106, '2020-08-03', 'Briefing Mingguan Divisi TAM Periode Agustus 2020', 1, 'Tanggal 03 Agustus 2020', 'Ruang Admin Teknisi Kantor Mojo', 0, 66, '2020-08-03 02:21:00', '2020-08-03 02:21:00'),
(107, '2020-08-04', 'notulen brefing', 1, 'breafing pagi', 'kantor sru mojo', 0, 100, '2020-08-04 02:25:46', '2020-08-04 02:25:46'),
(108, '2020-08-04', 'Breifing ITS', 1, 'Briefing kordinasi Internal ITS', 'SRU Mojoklanggru', 0, 48, '2020-08-04 03:15:51', '2020-08-04 03:15:51'),
(109, '2020-07-27', 'BRIEFING HARIAN', 1, 'kiriman ada 12 tujuan \r\npenerimaan kontainer 1 mobil\r\npenerimaan wingbox 1 mobil\r\nmeeting by zoom untuk pengisian berita Acara Opname\r\nkiriman besok ada 19 tujuan\r\nkiriman ke BALI 1 wingbox\r\npenerimaan kontainer besok 2 mobil', 'GUDANG ROMOKALISARI', 0, 125, '2020-08-04 09:06:37', '2020-08-04 09:06:37'),
(110, '2020-07-29', 'BRIEFING HARIAN', 1, 'ada 16 tujuan kiriman pendingan 4 tujuan tertulis di form pending kirim\r\npenerimaan kontainer 2 mobil\r\nstok opname di gudang romokalisari, sudah terlaksana dan sukses', 'GUDANG ROMOKALISARI', 0, 125, '2020-08-04 09:08:02', '2020-08-04 09:08:02'),
(111, '2020-08-05', 'notulen brefing', 1, 'brefing pagi', 'kantor sru mojo', 0, 100, '2020-08-05 02:27:11', '2020-08-05 02:27:11'),
(112, '2020-08-07', 'Briefing Mingguan Divisi TAM Periode Agustus 2020', 1, 'Tanggal 07 Agustus 2020', 'Ruang Admin Teknisi Kantor Mojo', 0, 66, '2020-08-07 02:24:25', '2020-08-07 02:24:25'),
(113, '2020-08-07', 'Briefing Mingguan Divisi TAM Periode Agustus 2020', 1, 'Tanggal 07 Agustus 2020', 'Ruang Admin Teknisi Kantor Mojo', 0, 66, '2020-08-07 02:26:04', '2020-08-07 02:26:04'),
(114, '2020-08-07', 'Briefing Mingguan Divisi TAM Periode Agustus 2020', 1, 'Tanggal 07 Agustus 2020', 'Ruang Admin Teknisi Kantor Mojo', 0, 66, '2020-08-07 02:30:39', '2020-08-07 02:30:39'),
(115, '2020-08-11', 'notulen brefing', 1, 'brefing pagi', 'kantor sru mojo', 0, 100, '2020-08-11 02:28:27', '2020-08-11 02:28:27'),
(116, '2020-08-11', 'Mondays Training', 2, 'Meeting zoom dengan tim Support ISO Surabaya pukul 09.00 s/d 10.00 WIB', 'Mojo Klangru Lor no 55', 1, 140, '2020-08-11 06:49:32', '2020-08-11 06:49:32'),
(117, '2020-08-03', 'BRIEFING HARIAN', 1, '- kiriman ada 13 tujuan tidak ada pending\r\n- kontainer 1 mobil bongkar gudang maspion.1\r\n- wingbox 1 mobil bongkar depo\r\n- kiriman besok ada BALI dan Cito Sudomo', 'GUDANG ROMOKALISARI', 0, 125, '2020-08-11 06:59:35', '2020-08-11 06:59:35'),
(118, '2020-08-04', 'BRIEFING HARIAN', 1, '- kiriman ada 15 tujuan tidak ada peding\r\n- 1 wingbox alkes\r\n- kiriman besok ada 11 tujuan\r\n- penerimaan kontainer besok ada 3', 'GUDANG ROMOKALISARI', 0, 125, '2020-08-11 07:01:02', '2020-08-11 07:01:02'),
(119, '2020-08-05', 'BRIEFING HARIAN', 1, '- kiriman ada 11 tujuan\r\n- penerimaan kontainer ada 3 mobil. bongkar gudang maspion.1 dan maspion.2\r\n- kiriman besok ada BALI', 'GUDANG ROMOKALISARI', 0, 125, '2020-08-11 07:01:54', '2020-08-11 07:01:54'),
(120, '2020-08-12', 'notulen brefing', 1, 'breafing pagi', 'kantor sru mojo', 0, 100, '2020-08-12 01:36:25', '2020-08-12 01:36:25'),
(121, '2020-08-10', 'Briefing Mingguan Divisi TAM Periode Agustus 2020', 1, 'Tanggal 10 Agustus 2020', 'Ruang Admin Teknisi Kantor Mojo', 0, 66, '2020-08-12 04:36:19', '2020-08-12 04:36:19'),
(122, '2020-08-13', 'notulen brefing', 1, 'breafing pagi', 'kantor sru mojo', 0, 100, '2020-08-13 01:25:13', '2020-08-13 01:25:13'),
(123, '2020-08-13', 'BRIEFING HARIAN', 1, '- perihal identifikasi kode lot - pembagian kiriman dalam kota - perihal mutasi antar gudang depo dan GDA - perihal jaga kesehatan dan phisyical distancing dilingkungan gudang kedinding', 'GUDANG KEDINDING', 0, 157, '2020-08-13 02:54:51', '2020-08-13 02:54:51'),
(124, '2020-08-12', 'BRIEFING HARIAN', 1, '- ada 9 tujuan kiriman tidak ada pending\r\n- triplek datang sebanyak 250 lembar di maspion.1\r\n- bongkar kontainer 1 mobil di gudang maspion.2\r\n- kiriman besok ada 15 tujuan\r\n- penerimaan kontainer besok ada 1 mobil', 'GUDANG ROMOKALISARI', 0, 125, '2020-08-14 01:59:28', '2020-08-14 01:59:28'),
(125, '2020-08-13', 'BRIEFING HARIAN', 1, '- kiriman aa 17 kiriman dan 1 pending (Umbu RARA)\r\n- bongkar kontainer 1 mobil gudang maspion.2\r\n- mutasi ke gudang A terkirim semua, tidak ada pending\r\n- audit inventaris kantor di gudang romokalisari.\r\n- kiriman besok ada 17 tujuan\r\n- penerimaan kontainer besok ada 1 mobil', 'GUDANG ROMOKALISARI', 0, 125, '2020-08-14 02:01:15', '2020-08-14 02:01:15'),
(126, '2020-08-14', 'Briefing Mingguan Divisi TAM Periode Agustus 2020', 1, 'Tanggal 14 Agustus 2020', 'Ruang Admin Teknisi Kantor Mojo', 0, 66, '2020-08-14 02:19:24', '2020-08-14 02:19:24'),
(127, '2020-08-14', 'Briefing Mingguan Divisi TAM Periode Agustus 2020', 1, 'Tanggal 14 Agustus 2020', 'Ruang Admin Teknisi Kantor Mojo', 0, 66, '2020-08-14 02:21:07', '2020-08-14 02:21:07'),
(128, '2020-08-19', 'notulen brefing', 1, 'breafing pagi', 'kantor sru mojo', 0, 100, '2020-08-19 02:06:16', '2020-08-19 02:06:16'),
(129, '2020-08-19', 'Briefing rutin harian', 1, 'Briefing rutin harian colection', 'KANTOR MOJO', 0, 38, '2020-08-19 04:33:30', '2020-08-19 04:33:30'),
(130, '2020-08-21', 'notulen breafing', 1, 'breafing pagi', 'kantor sru mojo', 0, 100, '2020-08-24 01:38:52', '2020-08-24 01:38:52'),
(131, '2020-08-24', 'Briefing ITS', 1, 'Review mingguan', 'Kantor Mojoklanggru', 0, 16, '2020-08-24 02:56:31', '2020-08-24 02:57:05'),
(132, '2020-08-24', 'brefing pagi', 1, 'notulen breafing', 'kantor sru mojo', 0, 100, '2020-08-24 03:19:09', '2020-08-24 03:19:09'),
(133, '2020-08-14', 'BRIEFING HARIAN', 1, '- kiriman ada 17 tujuan dan pending 3 tujuan\r\n- penerimaan kontainer ada 1 mobil\r\n- mutasi dari gudang maspion.1 untuk item FG-SC-002\r\n- kiriman besok ada 19 tujuan\r\n- penerimaan kontainer besok ada 1 mobil\r\n- penerimaan wingbox besok ada 2 mobil', 'GUDANG ROMOKALISARI', 0, 125, '2020-08-24 09:39:30', '2020-08-24 09:39:30'),
(134, '2020-08-18', 'BRIEFING HARIAN', 1, '- ada 20 tujuan kiriman\r\n- penerimaan kontainer ada 2 mobil\r\n- kiriman besok ada 17 tujuan', 'GUDANG ROMOKALISARI', 0, 125, '2020-08-24 09:41:05', '2020-08-24 09:41:05'),
(135, '2020-08-19', 'BRIEFING HARIAN', 1, '-ada 17 tujuan kiriman dan 2 pendingan\r\n- penerimaan kontainer tidak ada', 'GUDANG ROMOKALISARI', 0, 125, '2020-08-24 09:41:49', '2020-08-24 09:41:49'),
(136, '2020-08-21', 'BRIEFING HARIAN', 1, '- ada 9 tujuan kiriman\r\n- penerimaan kontainer', 'GUDANG ROMOKALISARI', 0, 125, '2020-08-24 09:42:31', '2020-08-24 09:42:31'),
(137, '2020-08-24', 'BRIEFING HARIAN', 1, '- ada 11 tujuan kiriman\r\n- pendingan ada 1 tujuan\r\n- kontainer ada 2 mobil\r\n- kiriman besok 14 tujuan\r\n- penerimaan kontainer besok ada 1 mobil\r\n- penerimaan wingbox besok ada 2 mobil', 'GUDANG ROMOKALISARI', 0, 125, '2020-08-24 09:44:02', '2020-08-24 09:44:02'),
(138, '2020-08-25', 'notulen brefing', 1, 'breafing pagi', 'kantor sru mojo', 0, 100, '2020-08-25 01:38:10', '2020-08-25 01:38:10'),
(139, '2020-08-26', 'notulen brefing', 1, 'breafing pagi', 'kantor sru mojo', 0, 100, '2020-08-25 01:58:03', '2020-08-25 01:58:52'),
(140, '2020-08-25', 'coba', 1, 'coba', 'surabaya', 0, 1, '2020-08-25 03:06:47', '2020-08-25 03:06:47'),
(141, '2020-08-27', 'notulen brefing', 1, 'breafing pagi', 'kantor sru mojo', 0, 100, '2020-08-26 01:39:38', '2020-08-27 01:54:00'),
(142, '2020-08-25', 'BRIEFING HARIAN', 1, '- kiriman ada 16 tujuan\r\n- pendingan mutasi ke gudang A\r\n- penerimaan wingbox 1 mobil untuk alkes dan mesin\r\n- penerimaan kontainer 2 mobil bongkar msp.1 dan msp.2\r\n- kiriman besok ada 6 tujuan\r\n- penerimaan kontainer besok ada 2 mobil\r\n- besok ada muat wingbox ke BALI 1 mobil', 'GUDANG ROMOKALISARI', 0, 125, '2020-08-26 03:02:22', '2020-08-26 03:02:22'),
(143, '2020-08-24', 'BRIEFING HARIAN', 1, '- perihal identifikasi kode lot - pembagian kiriman dalam kota - perihal mutasi antar gudang depo dan GDA - perihal jaga kesehatan dan phisyical distancing dilingkungan gudang kedinding', 'GD KEDINDING', 0, 157, '2020-08-26 04:07:22', '2020-08-26 04:07:22'),
(144, '2020-08-25', 'BRIEFING HARIAN', 1, '- perihal identifikasi kode lot - pembagian kiriman dalam kota - perihal mutasi antar gudang depo dan GDA - perihal jaga kesehatan dan phisyical distancing dilingkungan gudang kedinding  - perihal bongkaran jayameksi 1 kontainer', 'GD KEDINDING', 0, 157, '2020-08-26 04:08:04', '2020-08-26 04:08:04'),
(145, '2020-08-26', 'BRIEFING HARIAN', 1, '- perihal identifikasi kode lot - pembagian kiriman dalam kota - perihal mutasi dari gudang depo dan GDA - perihal jaga kesehatan dan phisyical distancing dilingkungan gudang kedinding', 'GD KEDINDING', 0, 157, '2020-08-26 04:08:54', '2020-08-26 04:08:54'),
(146, '2020-08-26', 'BRIEFING HARIAN', 1, '- kiriman ada 6 tujuan dan 2 pendingan\r\n- penerimaan kontainer ada 2 mobil dan bongkar di gudang masp.1 dan msp.2\r\n- kiriman besok ada 13 tujuan \r\n- penerimaan kontainer besok ada 2 mobil\r\n- persiapan stok opname bulanan seluruh gudang, baik dari fisik dan lot numbernya', 'GUDANG ROMOKALISARI', 0, 125, '2020-08-26 09:38:28', '2020-08-26 09:38:28'),
(147, '2020-08-28', 'Briefing Mingguan Divisi TAM Periode Agustus 2020', 1, 'Tanggal 28 Agustus 2020', 'Ruang Admin Teknisi Kantor Mojo', 0, 66, '2020-08-31 01:38:59', '2020-08-31 01:38:59'),
(148, '2020-08-31', 'Briefing Mingguan Divisi TAM Periode Agustus 2020', 1, 'Tanggal 31 Agustus 2020', 'Ruang Admin Teknisi Kantor Mojo', 0, 66, '2020-08-31 02:11:01', '2020-08-31 02:11:01'),
(149, '2020-08-31', 'Meeting Digitalisasi', 2, 'meeting mingguan', 'Kantor SRU Surabaya LT2', 0, 48, '2020-08-31 09:35:39', '2020-08-31 09:35:39');

-- --------------------------------------------------------

--
-- Struktur dari tabel `event_absen`
--

CREATE TABLE `event_absen` (
  `id` int(10) UNSIGNED NOT NULL,
  `event_id` int(10) UNSIGNED DEFAULT NULL,
  `karyawan_id` int(10) UNSIGNED DEFAULT NULL,
  `in` datetime DEFAULT NULL,
  `out` datetime DEFAULT NULL,
  `time` double DEFAULT NULL,
  `created_at` timestamp NULL DEFAULT NULL,
  `updated_at` timestamp NULL DEFAULT NULL
) ENGINE=InnoDB DEFAULT CHARSET=utf8mb4 COLLATE=utf8mb4_unicode_ci;

--
-- Dumping data untuk tabel `event_absen`
--

INSERT INTO `event_absen` (`id`, `event_id`, `karyawan_id`, `in`, `out`, `time`, `created_at`, `updated_at`) VALUES
(16, 16, 40, '2020-06-10 11:02:56', '2020-06-10 13:45:02', 162, '2020-06-10 04:02:56', '2020-06-10 06:45:02'),
(17, 16, 37, '2020-06-10 11:03:14', NULL, NULL, '2020-06-10 04:03:14', '2020-06-10 04:03:14'),
(18, 16, 55, '2020-06-10 11:03:28', NULL, NULL, '2020-06-10 04:03:28', '2020-06-10 04:03:28'),
(19, 18, 40, '2020-06-11 14:37:44', NULL, NULL, '2020-06-11 07:37:44', '2020-06-11 07:37:44'),
(20, 19, 71, '2020-06-12 08:55:17', '2020-06-12 10:01:40', 66, '2020-06-12 01:55:17', '2020-06-12 03:01:40'),
(21, 19, 66, '2020-06-12 08:55:56', '2020-06-12 10:08:12', 72, '2020-06-12 01:55:56', '2020-06-12 03:08:12'),
(22, 19, 74, '2020-06-12 09:21:19', '2020-06-12 10:01:50', 40, '2020-06-12 02:21:19', '2020-06-12 03:01:50'),
(23, 19, 75, '2020-06-12 09:21:30', '2020-06-12 10:01:59', 40, '2020-06-12 02:21:30', '2020-06-12 03:01:59'),
(24, 19, 76, '2020-06-12 09:21:39', '2020-06-12 10:02:09', 40, '2020-06-12 02:21:39', '2020-06-12 03:02:09'),
(25, 19, 77, '2020-06-12 09:21:47', '2020-06-12 10:02:25', 40, '2020-06-12 02:21:47', '2020-06-12 03:02:25'),
(27, 24, 71, '2020-06-19 09:09:24', '2020-06-19 09:39:27', 30, '2020-06-19 02:09:24', '2020-06-19 02:39:27'),
(28, 24, 71, '2020-06-19 09:09:24', NULL, NULL, '2020-06-19 02:09:24', '2020-06-19 02:09:24'),
(29, 24, 75, '2020-06-19 09:09:36', '2020-06-19 09:39:49', 30, '2020-06-19 02:09:36', '2020-06-19 02:39:49'),
(30, 24, 78, '2020-06-19 09:09:45', '2020-06-19 09:40:03', 30, '2020-06-19 02:09:45', '2020-06-19 02:40:03'),
(31, 24, 66, '2020-06-19 09:09:55', '2020-06-19 09:43:48', 33, '2020-06-19 02:09:55', '2020-06-19 02:43:48'),
(32, 24, 77, '2020-06-19 09:10:03', '2020-06-19 09:43:58', 33, '2020-06-19 02:10:03', '2020-06-19 02:43:58'),
(33, 25, 38, '2020-06-22 08:45:27', '2020-06-22 11:06:47', 141, '2020-06-22 01:45:27', '2020-06-22 04:06:47'),
(34, 25, 80, '2020-06-22 08:45:46', '2020-06-22 11:07:04', 141, '2020-06-22 01:45:46', '2020-06-22 04:07:04'),
(35, 25, 79, '2020-06-22 08:48:27', '2020-06-22 11:07:17', 138, '2020-06-22 01:48:27', '2020-06-22 04:07:17'),
(36, 25, 82, '2020-06-22 08:48:42', '2020-06-22 11:08:15', 139, '2020-06-22 01:48:42', '2020-06-22 04:08:15'),
(37, 25, 81, '2020-06-22 08:51:22', '2020-06-22 11:08:40', 137, '2020-06-22 01:51:22', '2020-06-22 04:08:40'),
(38, 26, 71, '2020-06-22 09:11:04', '2020-06-22 09:46:19', 35, '2020-06-22 02:11:04', '2020-06-22 02:46:19'),
(39, 26, 74, '2020-06-22 09:11:15', '2020-06-22 09:46:29', 35, '2020-06-22 02:11:15', '2020-06-22 02:46:29'),
(40, 26, 75, '2020-06-22 09:11:23', '2020-06-22 09:46:37', 35, '2020-06-22 02:11:23', '2020-06-22 02:46:37'),
(41, 26, 78, '2020-06-22 09:11:37', '2020-06-22 09:46:51', 35, '2020-06-22 02:11:37', '2020-06-22 02:46:51'),
(42, 26, 66, '2020-06-22 09:11:51', '2020-06-22 09:46:59', 35, '2020-06-22 02:11:51', '2020-06-22 02:46:59'),
(43, 25, 44, '2020-06-22 10:16:10', '2020-06-22 11:07:51', 51, '2020-06-22 03:16:10', '2020-06-22 04:07:51'),
(44, 25, 49, '2020-06-22 10:25:56', '2020-06-22 11:08:59', 43, '2020-06-22 03:25:56', '2020-06-22 04:08:59'),
(45, 28, 38, '2020-06-23 08:47:37', NULL, NULL, '2020-06-23 01:47:37', '2020-06-23 01:47:37'),
(46, 28, 80, '2020-06-23 08:47:50', NULL, NULL, '2020-06-23 01:47:50', '2020-06-23 01:47:50'),
(47, 28, 79, '2020-06-23 08:48:02', NULL, NULL, '2020-06-23 01:48:02', '2020-06-23 01:48:02'),
(48, 28, 44, '2020-06-23 08:48:27', NULL, NULL, '2020-06-23 01:48:27', '2020-06-23 01:48:27'),
(49, 28, 86, '2020-06-23 08:48:41', NULL, NULL, '2020-06-23 01:48:41', '2020-06-23 01:48:41'),
(50, 28, 119, '2020-06-23 08:48:58', NULL, NULL, '2020-06-23 01:48:58', '2020-06-23 01:48:58'),
(51, 28, 81, '2020-06-23 08:49:10', NULL, NULL, '2020-06-23 01:49:10', '2020-06-23 01:49:10'),
(52, 29, 43, '2020-06-24 09:03:31', NULL, NULL, '2020-06-24 02:03:31', '2020-06-24 02:03:31'),
(53, 31, 40, '2020-06-25 13:36:26', '2020-06-25 15:22:44', 106, '2020-06-25 06:36:26', '2020-06-25 08:22:44'),
(54, 31, 48, '2020-06-25 13:36:48', '2020-06-25 15:22:55', 106, '2020-06-25 06:36:48', '2020-06-25 08:22:55'),
(55, 31, 16, '2020-06-25 13:37:51', '2020-06-25 15:23:23', 105, '2020-06-25 06:37:51', '2020-06-25 08:23:23'),
(56, 33, 71, '2020-06-26 09:07:44', NULL, NULL, '2020-06-26 02:07:44', '2020-06-26 02:07:44'),
(57, 33, 74, '2020-06-26 09:07:53', NULL, NULL, '2020-06-26 02:07:53', '2020-06-26 02:07:53'),
(58, 33, 75, '2020-06-26 09:08:01', NULL, NULL, '2020-06-26 02:08:01', '2020-06-26 02:08:01'),
(59, 33, 76, '2020-06-26 09:08:11', NULL, NULL, '2020-06-26 02:08:11', '2020-06-26 02:08:11'),
(60, 33, 77, '2020-06-26 09:08:19', NULL, NULL, '2020-06-26 02:08:19', '2020-06-26 02:08:19'),
(61, 33, 66, '2020-06-26 09:08:49', NULL, NULL, '2020-06-26 02:08:49', '2020-06-26 02:08:49'),
(62, 33, 78, '2020-06-26 09:09:03', NULL, NULL, '2020-06-26 02:09:03', '2020-06-26 02:09:03'),
(63, 35, 71, '2020-06-29 09:13:00', NULL, NULL, '2020-06-29 02:13:00', '2020-06-29 02:13:00'),
(64, 35, 74, '2020-06-29 09:13:06', NULL, NULL, '2020-06-29 02:13:06', '2020-06-29 02:13:06'),
(65, 35, 76, '2020-06-29 09:13:24', NULL, NULL, '2020-06-29 02:13:24', '2020-06-29 02:13:24'),
(66, 35, 77, '2020-06-29 09:13:34', NULL, NULL, '2020-06-29 02:13:34', '2020-06-29 02:13:34'),
(67, 35, 78, '2020-06-29 09:16:32', NULL, NULL, '2020-06-29 02:16:32', '2020-06-29 02:16:32'),
(68, 35, 66, '2020-06-29 09:16:41', NULL, NULL, '2020-06-29 02:16:41', '2020-06-29 02:16:41'),
(69, 39, 44, '2020-07-02 08:48:43', NULL, NULL, '2020-07-02 01:48:43', '2020-07-02 01:48:43'),
(70, 41, 100, '2020-07-02 10:48:16', NULL, NULL, '2020-07-02 03:48:16', '2020-07-02 03:48:16'),
(71, 46, 147, '2020-07-02 12:43:05', NULL, NULL, '2020-07-02 05:43:05', '2020-07-02 05:43:05'),
(72, 46, 158, '2020-07-02 12:43:38', NULL, NULL, '2020-07-02 05:43:38', '2020-07-02 05:43:38'),
(73, 46, 163, '2020-07-02 12:43:48', NULL, NULL, '2020-07-02 05:43:48', '2020-07-02 05:43:48'),
(74, 46, 149, '2020-07-02 12:43:59', NULL, NULL, '2020-07-02 05:43:59', '2020-07-02 05:43:59'),
(75, 46, 162, '2020-07-02 12:44:09', NULL, NULL, '2020-07-02 05:44:09', '2020-07-02 05:44:09'),
(76, 46, 157, '2020-07-02 12:44:41', NULL, NULL, '2020-07-02 05:44:41', '2020-07-02 05:44:41'),
(77, 46, 148, '2020-07-02 12:45:10', NULL, NULL, '2020-07-02 05:45:10', '2020-07-02 05:45:10'),
(78, 46, 151, '2020-07-02 12:45:21', NULL, NULL, '2020-07-02 05:45:21', '2020-07-02 05:45:21'),
(79, 46, 154, '2020-07-02 12:45:30', NULL, NULL, '2020-07-02 05:45:30', '2020-07-02 05:45:30'),
(80, 46, 161, '2020-07-02 12:45:41', NULL, NULL, '2020-07-02 05:45:41', '2020-07-02 05:45:41'),
(81, 46, 153, '2020-07-02 12:45:51', NULL, NULL, '2020-07-02 05:45:51', '2020-07-02 05:45:51'),
(82, 46, 164, '2020-07-02 12:46:00', NULL, NULL, '2020-07-02 05:46:00', '2020-07-02 05:46:00'),
(83, 46, 150, '2020-07-02 12:46:10', NULL, NULL, '2020-07-02 05:46:10', '2020-07-02 05:46:10'),
(84, 46, 152, '2020-07-02 12:46:19', NULL, NULL, '2020-07-02 05:46:19', '2020-07-02 05:46:19'),
(85, 41, 73, '2020-07-02 13:56:12', NULL, NULL, '2020-07-02 06:56:12', '2020-07-02 06:56:12'),
(86, 41, 94, '2020-07-02 13:56:31', NULL, NULL, '2020-07-02 06:56:31', '2020-07-02 06:56:31'),
(87, 41, 98, '2020-07-02 13:56:55', NULL, NULL, '2020-07-02 06:56:55', '2020-07-02 06:56:55'),
(88, 41, 103, '2020-07-02 13:57:20', NULL, NULL, '2020-07-02 06:57:20', '2020-07-02 06:57:20'),
(89, 41, 105, '2020-07-02 13:58:03', NULL, NULL, '2020-07-02 06:58:03', '2020-07-02 06:58:03'),
(90, 41, 96, '2020-07-02 13:58:38', NULL, NULL, '2020-07-02 06:58:38', '2020-07-02 06:58:38'),
(91, 48, 73, '2020-07-02 14:50:04', NULL, NULL, '2020-07-02 07:50:04', '2020-07-02 07:50:04'),
(92, 48, 100, '2020-07-02 14:50:20', NULL, NULL, '2020-07-02 07:50:20', '2020-07-02 07:50:20'),
(93, 48, 94, '2020-07-02 14:50:42', NULL, NULL, '2020-07-02 07:50:42', '2020-07-02 07:50:42'),
(94, 48, 95, '2020-07-02 14:51:37', NULL, NULL, '2020-07-02 07:51:37', '2020-07-02 07:51:37'),
(95, 48, 96, '2020-07-02 14:51:53', NULL, NULL, '2020-07-02 07:51:53', '2020-07-02 07:51:53'),
(96, 48, 98, '2020-07-02 14:52:05', NULL, NULL, '2020-07-02 07:52:05', '2020-07-02 07:52:05'),
(97, 48, 105, '2020-07-02 14:52:33', NULL, NULL, '2020-07-02 07:52:33', '2020-07-02 07:52:33'),
(98, 48, 103, '2020-07-02 14:52:45', NULL, NULL, '2020-07-02 07:52:45', '2020-07-02 07:52:45'),
(99, 52, 100, '2020-07-03 08:43:32', '2020-07-03 10:07:17', 83, '2020-07-03 01:43:32', '2020-07-03 03:07:17'),
(100, 52, 94, '2020-07-03 08:43:46', '2020-07-03 10:07:31', 83, '2020-07-03 01:43:46', '2020-07-03 03:07:31'),
(101, 52, 98, '2020-07-03 08:43:59', '2020-07-03 10:07:55', 83, '2020-07-03 01:43:59', '2020-07-03 03:07:55'),
(102, 52, 103, '2020-07-03 08:44:37', '2020-07-03 10:08:16', 83, '2020-07-03 01:44:37', '2020-07-03 03:08:16'),
(103, 52, 102, '2020-07-03 08:45:55', '2020-07-03 10:08:31', 82, '2020-07-03 01:45:55', '2020-07-03 03:08:31'),
(104, 50, 44, '2020-07-03 08:47:41', NULL, NULL, '2020-07-03 01:47:41', '2020-07-03 01:47:41'),
(105, 53, 147, '2020-07-03 08:48:52', NULL, NULL, '2020-07-03 01:48:52', '2020-07-03 01:48:52'),
(106, 53, 158, '2020-07-03 08:49:00', NULL, NULL, '2020-07-03 01:49:00', '2020-07-03 01:49:00'),
(107, 53, 163, '2020-07-03 08:49:08', NULL, NULL, '2020-07-03 01:49:08', '2020-07-03 01:49:08'),
(108, 53, 149, '2020-07-03 08:49:18', NULL, NULL, '2020-07-03 01:49:18', '2020-07-03 01:49:18'),
(109, 53, 162, '2020-07-03 08:49:26', NULL, NULL, '2020-07-03 01:49:26', '2020-07-03 01:49:26'),
(110, 53, 148, '2020-07-03 08:49:56', NULL, NULL, '2020-07-03 01:49:56', '2020-07-03 01:49:56'),
(111, 53, 151, '2020-07-03 08:50:07', NULL, NULL, '2020-07-03 01:50:07', '2020-07-03 01:50:07'),
(112, 53, 154, '2020-07-03 08:50:17', NULL, NULL, '2020-07-03 01:50:17', '2020-07-03 01:50:17'),
(113, 53, 161, '2020-07-03 08:50:26', NULL, NULL, '2020-07-03 01:50:26', '2020-07-03 01:50:26'),
(114, 53, 153, '2020-07-03 08:50:37', NULL, NULL, '2020-07-03 01:50:37', '2020-07-03 01:50:37'),
(115, 53, 164, '2020-07-03 08:50:50', NULL, NULL, '2020-07-03 01:50:50', '2020-07-03 01:50:50'),
(116, 53, 150, '2020-07-03 08:50:59', NULL, NULL, '2020-07-03 01:50:59', '2020-07-03 01:50:59'),
(117, 53, 152, '2020-07-03 08:51:10', NULL, NULL, '2020-07-03 01:51:10', '2020-07-03 01:51:10'),
(118, 53, 157, '2020-07-03 08:51:31', NULL, NULL, '2020-07-03 01:51:31', '2020-07-03 01:51:31'),
(119, 54, 71, '2020-07-03 09:09:31', NULL, NULL, '2020-07-03 02:09:31', '2020-07-03 02:09:31'),
(120, 54, 74, '2020-07-03 09:09:41', NULL, NULL, '2020-07-03 02:09:41', '2020-07-03 02:09:41'),
(121, 54, 75, '2020-07-03 09:09:52', NULL, NULL, '2020-07-03 02:09:52', '2020-07-03 02:09:52'),
(122, 54, 76, '2020-07-03 09:10:02', NULL, NULL, '2020-07-03 02:10:02', '2020-07-03 02:10:02'),
(123, 54, 77, '2020-07-03 09:10:12', NULL, NULL, '2020-07-03 02:10:12', '2020-07-03 02:10:12'),
(124, 54, 78, '2020-07-03 09:10:38', NULL, NULL, '2020-07-03 02:10:38', '2020-07-03 02:10:38'),
(125, 54, 66, '2020-07-03 09:10:47', NULL, NULL, '2020-07-03 02:10:47', '2020-07-03 02:10:47'),
(126, 57, 100, '2020-07-04 08:46:29', NULL, NULL, '2020-07-04 01:46:29', '2020-07-04 01:46:29'),
(127, 57, 73, '2020-07-04 08:46:46', NULL, NULL, '2020-07-04 01:46:46', '2020-07-04 01:46:46'),
(128, 57, 94, '2020-07-04 08:47:18', NULL, NULL, '2020-07-04 01:47:18', '2020-07-04 01:47:18'),
(129, 57, 95, '2020-07-04 08:47:39', '2020-07-04 08:48:42', 1, '2020-07-04 01:47:39', '2020-07-04 01:48:42'),
(130, 57, 98, '2020-07-04 08:47:52', NULL, NULL, '2020-07-04 01:47:52', '2020-07-04 01:47:52'),
(131, 57, 103, '2020-07-04 08:49:06', NULL, NULL, '2020-07-04 01:49:06', '2020-07-04 01:49:06'),
(132, 58, 157, '2020-07-04 09:14:41', NULL, NULL, '2020-07-04 02:14:41', '2020-07-04 02:14:41'),
(133, 58, 147, '2020-07-04 09:15:45', NULL, NULL, '2020-07-04 02:15:45', '2020-07-04 02:15:45'),
(134, 58, 158, '2020-07-04 09:16:01', NULL, NULL, '2020-07-04 02:16:01', '2020-07-04 02:16:01'),
(135, 58, 163, '2020-07-04 09:16:55', NULL, NULL, '2020-07-04 02:16:55', '2020-07-04 02:16:55'),
(136, 58, 149, '2020-07-04 09:17:12', NULL, NULL, '2020-07-04 02:17:12', '2020-07-04 02:17:12'),
(137, 58, 162, '2020-07-04 09:17:47', NULL, NULL, '2020-07-04 02:17:47', '2020-07-04 02:17:47'),
(138, 58, 148, '2020-07-04 09:18:05', NULL, NULL, '2020-07-04 02:18:05', '2020-07-04 02:18:05'),
(139, 58, 151, '2020-07-04 09:18:15', NULL, NULL, '2020-07-04 02:18:15', '2020-07-04 02:18:15'),
(140, 58, 154, '2020-07-04 09:18:26', NULL, NULL, '2020-07-04 02:18:26', '2020-07-04 02:18:26'),
(141, 58, 161, '2020-07-04 09:18:37', NULL, NULL, '2020-07-04 02:18:37', '2020-07-04 02:18:37'),
(142, 58, 153, '2020-07-04 09:18:46', NULL, NULL, '2020-07-04 02:18:46', '2020-07-04 02:18:46'),
(143, 58, 164, '2020-07-04 09:18:55', NULL, NULL, '2020-07-04 02:18:55', '2020-07-04 02:18:55'),
(144, 58, 150, '2020-07-04 09:19:04', NULL, NULL, '2020-07-04 02:19:04', '2020-07-04 02:19:04'),
(145, 58, 152, '2020-07-04 09:19:12', NULL, NULL, '2020-07-04 02:19:12', '2020-07-04 02:19:12'),
(146, 59, 125, '2020-07-04 12:08:24', NULL, NULL, '2020-07-04 05:08:24', '2020-07-04 05:08:24'),
(147, 59, 124, '2020-07-04 12:08:35', NULL, NULL, '2020-07-04 05:08:35', '2020-07-04 05:08:35'),
(148, 63, 100, '2020-07-07 10:01:31', '2020-07-07 10:29:30', 27, '2020-07-07 03:01:31', '2020-07-07 03:29:30'),
(149, 63, 73, '2020-07-07 10:02:03', '2020-07-07 10:29:12', 27, '2020-07-07 03:02:03', '2020-07-07 03:29:12'),
(150, 63, 94, '2020-07-07 10:02:16', '2020-07-07 10:29:43', 27, '2020-07-07 03:02:16', '2020-07-07 03:29:43'),
(151, 63, 95, '2020-07-07 10:02:26', '2020-07-07 10:29:53', 27, '2020-07-07 03:02:26', '2020-07-07 03:29:53'),
(152, 63, 96, '2020-07-07 10:02:40', '2020-07-07 10:30:05', 27, '2020-07-07 03:02:40', '2020-07-07 03:30:05'),
(153, 63, 98, '2020-07-07 10:02:53', '2020-07-07 10:30:14', 27, '2020-07-07 03:02:53', '2020-07-07 03:30:14'),
(154, 63, 102, '2020-07-07 10:03:37', '2020-07-07 10:30:27', 26, '2020-07-07 03:03:37', '2020-07-07 03:30:27'),
(155, 63, 103, '2020-07-07 10:04:06', '2020-07-07 10:30:40', 26, '2020-07-07 03:04:06', '2020-07-07 03:30:40'),
(156, 62, 73, '2020-07-07 10:32:06', '2020-07-07 10:33:40', 1, '2020-07-07 03:32:06', '2020-07-07 03:33:40'),
(157, 62, 100, '2020-07-07 10:32:16', '2020-07-07 10:33:50', 1, '2020-07-07 03:32:16', '2020-07-07 03:33:50'),
(158, 62, 94, '2020-07-07 10:32:26', '2020-07-07 10:34:11', 1, '2020-07-07 03:32:26', '2020-07-07 03:34:11'),
(159, 62, 95, '2020-07-07 10:32:35', '2020-07-07 10:34:24', 1, '2020-07-07 03:32:35', '2020-07-07 03:34:24'),
(160, 62, 96, '2020-07-07 10:32:47', '2020-07-07 10:34:36', 1, '2020-07-07 03:32:47', '2020-07-07 03:34:36'),
(161, 62, 98, '2020-07-07 10:32:57', '2020-07-07 10:34:46', 1, '2020-07-07 03:32:57', '2020-07-07 03:34:46'),
(162, 62, 102, '2020-07-07 10:33:15', '2020-07-07 10:35:03', 1, '2020-07-07 03:33:15', '2020-07-07 03:35:03'),
(163, 62, 103, '2020-07-07 10:33:27', '2020-07-07 10:35:15', 1, '2020-07-07 03:33:27', '2020-07-07 03:35:15'),
(164, 65, 139, '2020-07-07 17:01:14', NULL, NULL, '2020-07-07 10:01:14', '2020-07-07 10:01:14'),
(165, 65, 129, '2020-07-07 17:01:24', NULL, NULL, '2020-07-07 10:01:24', '2020-07-07 10:01:24'),
(166, 65, 134, '2020-07-07 17:01:38', NULL, NULL, '2020-07-07 10:01:38', '2020-07-07 10:01:38'),
(167, 65, 131, '2020-07-07 17:01:50', NULL, NULL, '2020-07-07 10:01:50', '2020-07-07 10:01:50'),
(168, 65, 130, '2020-07-07 17:02:04', NULL, NULL, '2020-07-07 10:02:04', '2020-07-07 10:02:04'),
(169, 65, 124, '2020-07-07 17:02:14', NULL, NULL, '2020-07-07 10:02:14', '2020-07-07 10:02:14'),
(170, 65, 125, '2020-07-07 17:02:22', NULL, NULL, '2020-07-07 10:02:22', '2020-07-07 10:02:22'),
(171, 65, 127, '2020-07-07 17:02:31', NULL, NULL, '2020-07-07 10:02:31', '2020-07-07 10:02:31'),
(172, 65, 133, '2020-07-07 17:02:40', NULL, NULL, '2020-07-07 10:02:40', '2020-07-07 10:02:40'),
(173, 65, 132, '2020-07-07 17:02:48', NULL, NULL, '2020-07-07 10:02:48', '2020-07-07 10:02:48'),
(174, 65, 128, '2020-07-07 17:04:17', NULL, NULL, '2020-07-07 10:04:17', '2020-07-07 10:04:17'),
(175, 66, 73, '2020-07-08 08:31:14', '2020-07-08 09:15:15', 44, '2020-07-08 01:31:14', '2020-07-08 02:15:15'),
(176, 66, 100, '2020-07-08 08:31:28', '2020-07-08 09:15:30', 44, '2020-07-08 01:31:28', '2020-07-08 02:15:30'),
(177, 66, 94, '2020-07-08 08:31:39', '2020-07-08 09:16:24', 44, '2020-07-08 01:31:39', '2020-07-08 02:16:24'),
(178, 66, 95, '2020-07-08 08:31:52', '2020-07-08 09:16:38', 44, '2020-07-08 01:31:52', '2020-07-08 02:16:38'),
(179, 66, 98, '2020-07-08 08:32:21', '2020-07-08 09:16:55', 44, '2020-07-08 01:32:21', '2020-07-08 02:16:55'),
(180, 66, 103, '2020-07-08 08:32:35', '2020-07-08 09:17:18', 44, '2020-07-08 01:32:35', '2020-07-08 02:17:18'),
(181, 67, 73, '2020-07-09 10:43:29', '2020-07-09 11:24:16', 40, '2020-07-09 03:43:29', '2020-07-09 04:24:16'),
(182, 67, 100, '2020-07-09 10:43:43', '2020-07-09 11:24:32', 40, '2020-07-09 03:43:43', '2020-07-09 04:24:32'),
(183, 67, 95, '2020-07-09 10:44:07', '2020-07-09 11:24:46', 40, '2020-07-09 03:44:07', '2020-07-09 04:24:46'),
(184, 67, 98, '2020-07-09 10:44:34', '2020-07-09 11:25:12', 40, '2020-07-09 03:44:34', '2020-07-09 04:25:12'),
(185, 67, 96, '2020-07-09 10:44:50', '2020-07-09 11:25:00', 40, '2020-07-09 03:44:50', '2020-07-09 04:25:00'),
(186, 67, 103, '2020-07-09 10:45:08', '2020-07-09 11:25:30', 40, '2020-07-09 03:45:08', '2020-07-09 04:25:30'),
(187, 69, 73, '2020-07-10 08:49:29', '2020-07-10 08:55:49', 6, '2020-07-10 01:49:29', '2020-07-10 01:55:49'),
(188, 70, 147, '2020-07-10 08:49:44', NULL, NULL, '2020-07-10 01:49:44', '2020-07-10 01:49:44'),
(189, 69, 100, '2020-07-10 08:49:46', '2020-07-10 08:55:59', 6, '2020-07-10 01:49:46', '2020-07-10 01:55:59'),
(190, 70, 158, '2020-07-10 08:49:52', NULL, NULL, '2020-07-10 01:49:52', '2020-07-10 01:49:52'),
(191, 70, 163, '2020-07-10 08:50:00', NULL, NULL, '2020-07-10 01:50:00', '2020-07-10 01:50:00'),
(192, 69, 94, '2020-07-10 08:50:01', '2020-07-10 08:56:17', 6, '2020-07-10 01:50:01', '2020-07-10 01:56:17'),
(193, 70, 157, '2020-07-10 08:50:09', NULL, NULL, '2020-07-10 01:50:09', '2020-07-10 01:50:09'),
(194, 69, 95, '2020-07-10 08:50:11', '2020-07-10 08:56:29', 6, '2020-07-10 01:50:11', '2020-07-10 01:56:29'),
(195, 70, 149, '2020-07-10 08:50:18', NULL, NULL, '2020-07-10 01:50:18', '2020-07-10 01:50:18'),
(196, 69, 96, '2020-07-10 08:50:23', '2020-07-10 08:56:42', 6, '2020-07-10 01:50:23', '2020-07-10 01:56:42'),
(197, 70, 162, '2020-07-10 08:50:29', NULL, NULL, '2020-07-10 01:50:29', '2020-07-10 01:50:29'),
(198, 70, 148, '2020-07-10 08:50:39', NULL, NULL, '2020-07-10 01:50:39', '2020-07-10 01:50:39'),
(199, 70, 151, '2020-07-10 08:50:48', NULL, NULL, '2020-07-10 01:50:48', '2020-07-10 01:50:48'),
(200, 70, 154, '2020-07-10 08:50:57', NULL, NULL, '2020-07-10 01:50:57', '2020-07-10 01:50:57'),
(201, 70, 161, '2020-07-10 08:51:05', NULL, NULL, '2020-07-10 01:51:05', '2020-07-10 01:51:05'),
(202, 70, 153, '2020-07-10 08:51:16', NULL, NULL, '2020-07-10 01:51:16', '2020-07-10 01:51:16'),
(203, 69, 103, '2020-07-10 08:51:23', '2020-07-10 08:57:14', 5, '2020-07-10 01:51:23', '2020-07-10 01:57:14'),
(204, 70, 164, '2020-07-10 08:51:27', NULL, NULL, '2020-07-10 01:51:27', '2020-07-10 01:51:27'),
(205, 69, 98, '2020-07-10 08:51:42', '2020-07-10 08:56:52', 5, '2020-07-10 01:51:42', '2020-07-10 01:56:52'),
(206, 70, 152, '2020-07-10 08:52:01', NULL, NULL, '2020-07-10 01:52:01', '2020-07-10 01:52:01'),
(207, 75, 73, '2020-07-11 11:27:32', '2020-07-11 11:50:15', 22, '2020-07-11 04:27:32', '2020-07-11 04:50:15'),
(208, 75, 100, '2020-07-11 11:27:48', '2020-07-11 11:50:26', 22, '2020-07-11 04:27:48', '2020-07-11 04:50:26'),
(209, 75, 94, '2020-07-11 11:28:30', '2020-07-11 11:50:36', 22, '2020-07-11 04:28:30', '2020-07-11 04:50:36'),
(210, 75, 95, '2020-07-11 11:28:48', '2020-07-11 11:50:45', 21, '2020-07-11 04:28:48', '2020-07-11 04:50:45'),
(211, 75, 96, '2020-07-11 11:29:01', '2020-07-11 11:51:01', 22, '2020-07-11 04:29:01', '2020-07-11 04:51:01'),
(212, 75, 98, '2020-07-11 11:29:10', '2020-07-11 11:51:13', 22, '2020-07-11 04:29:10', '2020-07-11 04:51:13'),
(213, 77, 73, '2020-07-13 09:11:07', '2020-07-13 09:33:22', 22, '2020-07-13 02:11:07', '2020-07-13 02:33:22'),
(214, 77, 100, '2020-07-13 09:11:19', '2020-07-13 09:33:34', 22, '2020-07-13 02:11:19', '2020-07-13 02:33:34'),
(215, 77, 94, '2020-07-13 09:11:44', '2020-07-13 09:33:45', 22, '2020-07-13 02:11:44', '2020-07-13 02:33:45'),
(216, 77, 95, '2020-07-13 09:13:01', '2020-07-13 09:33:54', 20, '2020-07-13 02:13:01', '2020-07-13 02:33:54'),
(217, 77, 96, '2020-07-13 09:13:16', '2020-07-13 09:34:24', 21, '2020-07-13 02:13:16', '2020-07-13 02:34:24'),
(218, 77, 98, '2020-07-13 09:13:27', '2020-07-13 09:34:36', 21, '2020-07-13 02:13:27', '2020-07-13 02:34:36'),
(219, 77, 102, '2020-07-13 09:13:41', '2020-07-13 09:35:02', 21, '2020-07-13 02:13:41', '2020-07-13 02:35:02'),
(220, 77, 103, '2020-07-13 09:14:00', '2020-07-13 09:35:27', 21, '2020-07-13 02:14:00', '2020-07-13 02:35:27'),
(221, 78, 71, '2020-07-13 09:17:37', '2020-07-13 10:04:08', 46, '2020-07-13 02:17:37', '2020-07-13 03:04:08'),
(222, 78, 75, '2020-07-13 09:17:44', '2020-07-13 10:04:14', 46, '2020-07-13 02:17:44', '2020-07-13 03:04:14'),
(223, 78, 78, '2020-07-13 09:17:51', '2020-07-13 10:04:44', 46, '2020-07-13 02:17:51', '2020-07-13 03:04:44'),
(224, 78, 66, '2020-07-13 09:17:59', '2020-07-13 10:05:11', 47, '2020-07-13 02:17:59', '2020-07-13 03:05:11'),
(225, 78, 77, '2020-07-13 09:18:07', '2020-07-13 10:04:32', 46, '2020-07-13 02:18:07', '2020-07-13 03:04:32'),
(226, 78, 76, '2020-07-13 09:19:09', '2020-07-13 10:04:23', 45, '2020-07-13 02:19:09', '2020-07-13 03:04:23'),
(227, 80, 157, '2020-07-13 10:38:09', NULL, NULL, '2020-07-13 03:38:09', '2020-07-13 03:38:09'),
(228, 80, 147, '2020-07-13 10:38:17', NULL, NULL, '2020-07-13 03:38:17', '2020-07-13 03:38:17'),
(229, 80, 158, '2020-07-13 10:38:24', NULL, NULL, '2020-07-13 03:38:24', '2020-07-13 03:38:24'),
(230, 80, 163, '2020-07-13 10:38:33', NULL, NULL, '2020-07-13 03:38:33', '2020-07-13 03:38:33'),
(231, 80, 149, '2020-07-13 10:38:44', NULL, NULL, '2020-07-13 03:38:44', '2020-07-13 03:38:44'),
(232, 80, 162, '2020-07-13 10:38:57', NULL, NULL, '2020-07-13 03:38:57', '2020-07-13 03:38:57'),
(233, 80, 148, '2020-07-13 10:39:07', NULL, NULL, '2020-07-13 03:39:07', '2020-07-13 03:39:07'),
(234, 80, 151, '2020-07-13 10:39:18', NULL, NULL, '2020-07-13 03:39:18', '2020-07-13 03:39:18'),
(235, 80, 154, '2020-07-13 10:39:29', NULL, NULL, '2020-07-13 03:39:29', '2020-07-13 03:39:29'),
(236, 80, 161, '2020-07-13 10:39:37', NULL, NULL, '2020-07-13 03:39:37', '2020-07-13 03:39:37'),
(237, 80, 150, '2020-07-13 10:39:46', NULL, NULL, '2020-07-13 03:39:46', '2020-07-13 03:39:46'),
(238, 80, 152, '2020-07-13 10:39:52', NULL, NULL, '2020-07-13 03:39:52', '2020-07-13 03:39:52'),
(239, 82, 73, '2020-07-14 09:28:33', '2020-07-14 09:44:38', 16, '2020-07-14 02:28:33', '2020-07-14 02:44:38'),
(240, 82, 100, '2020-07-14 09:28:45', '2020-07-14 09:44:51', 16, '2020-07-14 02:28:45', '2020-07-14 02:44:51'),
(241, 82, 95, '2020-07-14 09:29:04', '2020-07-14 09:45:03', 15, '2020-07-14 02:29:04', '2020-07-14 02:45:03'),
(242, 82, 96, '2020-07-14 09:29:17', '2020-07-14 09:45:14', 15, '2020-07-14 02:29:17', '2020-07-14 02:45:14'),
(243, 82, 98, '2020-07-14 09:29:27', '2020-07-14 09:45:28', 16, '2020-07-14 02:29:27', '2020-07-14 02:45:28'),
(244, 82, 103, '2020-07-14 09:29:49', '2020-07-14 09:45:41', 15, '2020-07-14 02:29:49', '2020-07-14 02:45:41'),
(245, 82, 48, '2020-07-14 16:10:54', '2020-07-14 16:11:17', 0, '2020-07-14 09:10:54', '2020-07-14 09:11:17'),
(246, 84, 73, '2020-07-15 08:18:58', '2020-07-15 08:33:06', 14, '2020-07-15 01:18:58', '2020-07-15 01:33:06'),
(247, 84, 100, '2020-07-15 08:19:12', '2020-07-15 08:33:19', 14, '2020-07-15 01:19:12', '2020-07-15 01:33:19'),
(248, 84, 94, '2020-07-15 08:19:37', '2020-07-15 08:33:32', 13, '2020-07-15 01:19:37', '2020-07-15 01:33:32'),
(249, 84, 95, '2020-07-15 08:19:56', '2020-07-15 08:33:45', 13, '2020-07-15 01:19:56', '2020-07-15 01:33:45'),
(250, 84, 96, '2020-07-15 08:20:23', '2020-07-15 08:33:57', 13, '2020-07-15 01:20:23', '2020-07-15 01:33:57'),
(251, 84, 98, '2020-07-15 08:20:36', '2020-07-15 08:34:09', 13, '2020-07-15 01:20:36', '2020-07-15 01:34:09'),
(252, 84, 103, '2020-07-15 08:21:00', '2020-07-15 08:34:35', 13, '2020-07-15 01:21:00', '2020-07-15 01:34:35'),
(253, 86, 73, '2020-07-16 08:47:23', '2020-07-16 09:12:30', 25, '2020-07-16 01:47:23', '2020-07-16 02:12:30'),
(254, 86, 100, '2020-07-16 08:47:37', '2020-07-16 09:12:43', 25, '2020-07-16 01:47:37', '2020-07-16 02:12:43'),
(255, 86, 94, '2020-07-16 08:48:31', '2020-07-16 09:12:55', 24, '2020-07-16 01:48:31', '2020-07-16 02:12:55'),
(256, 86, 95, '2020-07-16 08:48:48', '2020-07-16 09:13:06', 24, '2020-07-16 01:48:48', '2020-07-16 02:13:06'),
(257, 86, 96, '2020-07-16 08:49:04', '2020-07-16 09:13:21', 24, '2020-07-16 01:49:04', '2020-07-16 02:13:21'),
(258, 86, 98, '2020-07-16 08:49:18', '2020-07-16 09:13:39', 24, '2020-07-16 01:49:18', '2020-07-16 02:13:39'),
(259, 86, 103, '2020-07-16 08:49:33', '2020-07-16 09:14:19', 24, '2020-07-16 01:49:33', '2020-07-16 02:14:19'),
(260, 87, 73, '2020-07-17 08:31:54', '2020-07-17 08:53:13', 21, '2020-07-17 01:31:54', '2020-07-17 01:53:13'),
(261, 87, 100, '2020-07-17 08:32:04', '2020-07-17 08:53:23', 21, '2020-07-17 01:32:04', '2020-07-17 01:53:23'),
(262, 87, 95, '2020-07-17 08:32:22', '2020-07-17 08:53:33', 21, '2020-07-17 01:32:22', '2020-07-17 01:53:33'),
(263, 87, 96, '2020-07-17 08:32:47', '2020-07-17 08:53:45', 20, '2020-07-17 01:32:47', '2020-07-17 01:53:45'),
(264, 87, 98, '2020-07-17 08:32:58', '2020-07-17 08:54:01', 21, '2020-07-17 01:32:58', '2020-07-17 01:54:01'),
(265, 87, 103, '2020-07-17 08:33:20', '2020-07-17 08:54:19', 20, '2020-07-17 01:33:20', '2020-07-17 01:54:19'),
(266, 88, 73, '2020-07-20 08:46:10', '2020-07-20 08:57:26', 11, '2020-07-20 01:46:10', '2020-07-20 01:57:26'),
(267, 88, 100, '2020-07-20 08:46:47', '2020-07-20 08:57:40', 10, '2020-07-20 01:46:47', '2020-07-20 01:57:40'),
(268, 88, 94, '2020-07-20 08:47:06', '2020-07-20 08:57:52', 10, '2020-07-20 01:47:06', '2020-07-20 01:57:52'),
(269, 88, 95, '2020-07-20 08:47:17', '2020-07-20 08:58:02', 10, '2020-07-20 01:47:17', '2020-07-20 01:58:02'),
(270, 88, 98, '2020-07-20 08:47:46', '2020-07-20 08:58:21', 10, '2020-07-20 01:47:46', '2020-07-20 01:58:21'),
(271, 88, 102, '2020-07-20 08:48:18', '2020-07-20 08:58:42', 10, '2020-07-20 01:48:18', '2020-07-20 01:58:42'),
(272, 88, 103, '2020-07-20 08:48:32', '2020-07-20 08:59:26', 10, '2020-07-20 01:48:32', '2020-07-20 01:59:26'),
(273, 89, 71, '2020-07-20 09:32:37', '2020-07-20 10:34:11', 61, '2020-07-20 02:32:37', '2020-07-20 03:34:11'),
(274, 89, 75, '2020-07-20 09:32:44', '2020-07-20 10:34:37', 61, '2020-07-20 02:32:44', '2020-07-20 03:34:37'),
(275, 89, 78, '2020-07-20 09:32:51', '2020-07-20 10:35:07', 62, '2020-07-20 02:32:51', '2020-07-20 03:35:07'),
(276, 89, 66, '2020-07-20 09:32:58', '2020-07-20 10:35:16', 62, '2020-07-20 02:32:58', '2020-07-20 03:35:16'),
(277, 89, 77, '2020-07-20 09:33:27', '2020-07-20 10:35:00', 61, '2020-07-20 02:33:27', '2020-07-20 03:35:00'),
(278, 89, 74, '2020-07-20 10:34:19', '2020-07-20 10:34:27', 0, '2020-07-20 03:34:19', '2020-07-20 03:34:27'),
(279, 89, 76, '2020-07-20 10:34:46', '2020-07-20 10:34:53', 0, '2020-07-20 03:34:46', '2020-07-20 03:34:53'),
(280, 90, 73, '2020-07-21 10:00:21', NULL, NULL, '2020-07-21 03:00:21', '2020-07-21 03:00:21'),
(281, 90, 100, '2020-07-21 10:00:31', NULL, NULL, '2020-07-21 03:00:31', '2020-07-21 03:00:31'),
(282, 90, 94, '2020-07-21 10:00:41', NULL, NULL, '2020-07-21 03:00:41', '2020-07-21 03:00:41'),
(283, 90, 95, '2020-07-21 10:00:53', NULL, NULL, '2020-07-21 03:00:53', '2020-07-21 03:00:53'),
(284, 90, 96, '2020-07-21 10:01:07', NULL, NULL, '2020-07-21 03:01:07', '2020-07-21 03:01:07'),
(285, 90, 102, '2020-07-21 10:01:20', NULL, NULL, '2020-07-21 03:01:20', '2020-07-21 03:01:20'),
(286, 90, 103, '2020-07-21 10:01:33', NULL, NULL, '2020-07-21 03:01:33', '2020-07-21 03:01:33'),
(287, 92, 73, '2020-07-22 11:39:43', '2020-07-22 11:59:01', 19, '2020-07-22 04:39:43', '2020-07-22 04:59:01'),
(288, 92, 100, '2020-07-22 11:39:56', '2020-07-22 11:59:12', 19, '2020-07-22 04:39:56', '2020-07-22 04:59:12'),
(289, 92, 95, '2020-07-22 11:40:07', '2020-07-22 11:59:39', 19, '2020-07-22 04:40:07', '2020-07-22 04:59:39'),
(290, 92, 96, '2020-07-22 11:40:20', '2020-07-22 11:59:51', 19, '2020-07-22 04:40:20', '2020-07-22 04:59:51'),
(291, 92, 98, '2020-07-22 11:40:31', '2020-07-22 12:00:02', 19, '2020-07-22 04:40:31', '2020-07-22 05:00:02'),
(292, 92, 103, '2020-07-22 11:40:48', '2020-07-22 12:00:21', 19, '2020-07-22 04:40:48', '2020-07-22 05:00:21'),
(293, 92, 94, '2020-07-22 11:59:21', NULL, NULL, '2020-07-22 04:59:21', '2020-07-22 04:59:21'),
(294, 94, 73, '2020-07-23 08:36:39', '2020-07-23 08:58:47', 22, '2020-07-23 01:36:39', '2020-07-23 01:58:47'),
(295, 94, 100, '2020-07-23 08:36:57', '2020-07-23 08:58:56', 21, '2020-07-23 01:36:57', '2020-07-23 01:58:56'),
(296, 94, 94, '2020-07-23 08:37:08', '2020-07-23 08:59:06', 21, '2020-07-23 01:37:08', '2020-07-23 01:59:06'),
(297, 94, 95, '2020-07-23 08:37:19', '2020-07-23 08:59:15', 21, '2020-07-23 01:37:19', '2020-07-23 01:59:15'),
(298, 94, 98, '2020-07-23 08:37:34', '2020-07-23 08:59:26', 21, '2020-07-23 01:37:34', '2020-07-23 01:59:26'),
(299, 94, 103, '2020-07-23 08:37:59', '2020-07-23 08:59:45', 21, '2020-07-23 01:37:59', '2020-07-23 01:59:45'),
(300, 96, 157, '2020-07-24 16:11:07', NULL, NULL, '2020-07-24 09:11:07', '2020-07-24 09:11:07'),
(301, 96, 147, '2020-07-24 16:11:16', NULL, NULL, '2020-07-24 09:11:16', '2020-07-24 09:11:16'),
(302, 96, 163, '2020-07-24 16:11:37', NULL, NULL, '2020-07-24 09:11:37', '2020-07-24 09:11:37'),
(303, 96, 149, '2020-07-24 16:11:47', NULL, NULL, '2020-07-24 09:11:47', '2020-07-24 09:11:47'),
(304, 96, 162, '2020-07-24 16:11:57', NULL, NULL, '2020-07-24 09:11:57', '2020-07-24 09:11:57'),
(305, 96, 148, '2020-07-24 16:12:04', NULL, NULL, '2020-07-24 09:12:04', '2020-07-24 09:12:04'),
(306, 96, 151, '2020-07-24 16:12:12', NULL, NULL, '2020-07-24 09:12:12', '2020-07-24 09:12:12'),
(307, 96, 153, '2020-07-24 16:12:21', NULL, NULL, '2020-07-24 09:12:21', '2020-07-24 09:12:21'),
(308, 96, 164, '2020-07-24 16:12:31', NULL, NULL, '2020-07-24 09:12:31', '2020-07-24 09:12:31'),
(309, 96, 150, '2020-07-24 16:12:41', NULL, NULL, '2020-07-24 09:12:41', '2020-07-24 09:12:41'),
(310, 96, 152, '2020-07-24 16:12:47', NULL, NULL, '2020-07-24 09:12:47', '2020-07-24 09:12:47'),
(311, 98, 73, '2020-07-27 09:01:15', '2020-07-27 09:51:18', 50, '2020-07-27 02:01:15', '2020-07-27 02:51:18'),
(312, 98, 100, '2020-07-27 09:01:36', '2020-07-27 09:51:28', 49, '2020-07-27 02:01:36', '2020-07-27 02:51:28'),
(313, 98, 94, '2020-07-27 09:01:48', '2020-07-27 09:51:39', 49, '2020-07-27 02:01:48', '2020-07-27 02:51:39'),
(314, 98, 95, '2020-07-27 09:01:58', '2020-07-27 09:51:46', 49, '2020-07-27 02:01:58', '2020-07-27 02:51:46'),
(315, 98, 96, '2020-07-27 09:02:20', '2020-07-27 09:51:56', 49, '2020-07-27 02:02:20', '2020-07-27 02:51:56'),
(316, 98, 98, '2020-07-27 09:02:41', '2020-07-27 09:52:08', 49, '2020-07-27 02:02:41', '2020-07-27 02:52:08'),
(317, 98, 102, '2020-07-27 09:03:08', '2020-07-27 09:52:23', 49, '2020-07-27 02:03:08', '2020-07-27 02:52:23'),
(318, 98, 103, '2020-07-27 09:03:21', '2020-07-27 09:52:35', 49, '2020-07-27 02:03:21', '2020-07-27 02:52:35'),
(319, 99, 71, '2020-07-27 09:14:08', '2020-07-27 10:11:22', 57, '2020-07-27 02:14:08', '2020-07-27 03:11:22'),
(320, 99, 75, '2020-07-27 09:14:15', '2020-07-27 10:11:30', 57, '2020-07-27 02:14:15', '2020-07-27 03:11:30'),
(321, 99, 78, '2020-07-27 09:14:26', '2020-07-27 10:11:37', 57, '2020-07-27 02:14:26', '2020-07-27 03:11:37'),
(322, 99, 66, '2020-07-27 09:14:34', '2020-07-27 10:11:46', 57, '2020-07-27 02:14:34', '2020-07-27 03:11:46'),
(323, 99, 77, '2020-07-27 09:14:41', '2020-07-27 10:11:53', 57, '2020-07-27 02:14:41', '2020-07-27 03:11:53'),
(324, 100, 73, '2020-07-28 09:13:29', '2020-07-28 09:51:58', 38, '2020-07-28 02:13:29', '2020-07-28 02:51:58'),
(325, 100, 100, '2020-07-28 09:13:42', '2020-07-28 09:52:13', 38, '2020-07-28 02:13:42', '2020-07-28 02:52:13'),
(326, 100, 94, '2020-07-28 09:13:58', '2020-07-28 09:52:27', 38, '2020-07-28 02:13:58', '2020-07-28 02:52:27'),
(327, 100, 95, '2020-07-28 09:14:07', '2020-07-28 09:52:39', 38, '2020-07-28 02:14:07', '2020-07-28 02:52:39'),
(328, 100, 96, '2020-07-28 09:14:21', '2020-07-28 09:52:53', 38, '2020-07-28 02:14:21', '2020-07-28 02:52:53'),
(329, 100, 98, '2020-07-28 09:14:30', '2020-07-28 09:53:03', 38, '2020-07-28 02:14:30', '2020-07-28 02:53:03'),
(330, 100, 102, '2020-07-28 09:14:45', '2020-07-28 09:53:18', 38, '2020-07-28 02:14:45', '2020-07-28 02:53:18'),
(331, 100, 103, '2020-07-28 09:15:02', '2020-07-28 09:53:33', 38, '2020-07-28 02:15:02', '2020-07-28 02:53:33'),
(332, 102, 73, '2020-07-29 08:47:27', '2020-07-29 10:00:08', 72, '2020-07-29 01:47:27', '2020-07-29 03:00:08'),
(333, 102, 100, '2020-07-29 09:02:59', '2020-07-29 10:00:29', 57, '2020-07-29 02:02:59', '2020-07-29 03:00:29'),
(334, 102, 94, '2020-07-29 09:03:10', '2020-07-29 10:00:43', 57, '2020-07-29 02:03:10', '2020-07-29 03:00:43'),
(335, 102, 95, '2020-07-29 09:03:22', '2020-07-29 10:00:55', 57, '2020-07-29 02:03:22', '2020-07-29 03:00:55'),
(336, 102, 96, '2020-07-29 09:03:33', '2020-07-29 10:02:12', 58, '2020-07-29 02:03:33', '2020-07-29 03:02:12'),
(337, 102, 98, '2020-07-29 09:03:45', '2020-07-29 10:02:22', 58, '2020-07-29 02:03:45', '2020-07-29 03:02:22'),
(338, 102, 103, '2020-07-29 09:04:06', '2020-07-29 10:03:10', 59, '2020-07-29 02:04:06', '2020-07-29 03:03:10'),
(339, 103, 16, '2020-07-29 09:54:56', NULL, NULL, '2020-07-29 02:54:56', '2020-07-29 02:54:56'),
(340, 103, 40, '2020-07-29 09:55:06', NULL, NULL, '2020-07-29 02:55:06', '2020-07-29 02:55:06'),
(341, 103, 48, '2020-07-29 09:55:30', NULL, NULL, '2020-07-29 02:55:30', '2020-07-29 02:55:30'),
(342, 104, 73, '2020-07-30 08:41:37', '2020-07-30 08:57:08', 15, '2020-07-30 01:41:37', '2020-07-30 01:57:08'),
(343, 104, 100, '2020-07-30 08:41:48', '2020-07-30 08:57:20', 15, '2020-07-30 01:41:48', '2020-07-30 01:57:20'),
(344, 104, 94, '2020-07-30 08:42:01', '2020-07-30 08:57:30', 15, '2020-07-30 01:42:01', '2020-07-30 01:57:30'),
(345, 104, 95, '2020-07-30 08:42:11', '2020-07-30 08:57:42', 15, '2020-07-30 01:42:11', '2020-07-30 01:57:42'),
(346, 104, 96, '2020-07-30 08:42:30', '2020-07-30 08:57:55', 15, '2020-07-30 01:42:30', '2020-07-30 01:57:55'),
(347, 104, 98, '2020-07-30 08:42:43', '2020-07-30 08:58:12', 15, '2020-07-30 01:42:43', '2020-07-30 01:58:12'),
(348, 104, 103, '2020-07-30 08:43:06', '2020-07-30 08:58:28', 15, '2020-07-30 01:43:06', '2020-07-30 01:58:28'),
(349, 105, 73, '2020-08-03 08:57:38', '2020-08-03 09:27:04', 29, '2020-08-03 01:57:38', '2020-08-03 02:27:04'),
(350, 105, 100, '2020-08-03 08:57:47', '2020-08-03 09:27:34', 29, '2020-08-03 01:57:47', '2020-08-03 02:27:34'),
(351, 105, 95, '2020-08-03 08:58:25', '2020-08-03 09:27:46', 29, '2020-08-03 01:58:25', '2020-08-03 02:27:46'),
(352, 105, 96, '2020-08-03 08:58:53', '2020-08-03 09:28:02', 29, '2020-08-03 01:58:53', '2020-08-03 02:28:02'),
(353, 105, 103, '2020-08-03 08:59:08', '2020-08-03 09:28:24', 29, '2020-08-03 01:59:08', '2020-08-03 02:28:24'),
(354, 106, 71, '2020-08-03 09:21:39', '2020-08-03 10:15:20', 53, '2020-08-03 02:21:39', '2020-08-03 03:15:20'),
(355, 106, 74, '2020-08-03 09:21:49', '2020-08-03 10:15:26', 53, '2020-08-03 02:21:49', '2020-08-03 03:15:26'),
(356, 106, 75, '2020-08-03 09:21:57', '2020-08-03 10:15:34', 53, '2020-08-03 02:21:57', '2020-08-03 03:15:34'),
(357, 106, 76, '2020-08-03 09:22:04', '2020-08-03 10:15:40', 53, '2020-08-03 02:22:04', '2020-08-03 03:15:40'),
(358, 106, 77, '2020-08-03 09:22:11', '2020-08-03 10:15:48', 53, '2020-08-03 02:22:11', '2020-08-03 03:15:48'),
(359, 106, 78, '2020-08-03 09:22:18', '2020-08-03 10:16:06', 53, '2020-08-03 02:22:18', '2020-08-03 03:16:06'),
(360, 106, 66, '2020-08-03 09:22:32', '2020-08-03 10:16:12', 53, '2020-08-03 02:22:32', '2020-08-03 03:16:12'),
(361, 107, 73, '2020-08-04 09:52:38', '2020-08-04 10:15:47', 23, '2020-08-04 02:52:38', '2020-08-04 03:15:47'),
(362, 107, 100, '2020-08-04 09:52:50', '2020-08-04 10:15:59', 23, '2020-08-04 02:52:50', '2020-08-04 03:15:59'),
(363, 107, 94, '2020-08-04 09:53:03', '2020-08-04 10:16:10', 23, '2020-08-04 02:53:03', '2020-08-04 03:16:10'),
(364, 107, 95, '2020-08-04 09:53:15', '2020-08-04 10:16:23', 23, '2020-08-04 02:53:15', '2020-08-04 03:16:23'),
(365, 107, 96, '2020-08-04 09:53:29', '2020-08-04 10:16:35', 23, '2020-08-04 02:53:29', '2020-08-04 03:16:35'),
(366, 107, 103, '2020-08-04 09:54:21', '2020-08-04 10:17:09', 22, '2020-08-04 02:54:21', '2020-08-04 03:17:09'),
(367, 107, 98, '2020-08-04 09:54:35', '2020-08-04 10:16:44', 22, '2020-08-04 02:54:35', '2020-08-04 03:16:44'),
(368, 108, 40, '2020-08-04 10:16:06', NULL, NULL, '2020-08-04 03:16:06', '2020-08-04 03:16:06'),
(369, 108, 48, '2020-08-04 10:16:52', NULL, NULL, '2020-08-04 03:16:52', '2020-08-04 03:16:52'),
(370, 108, 16, '2020-08-04 10:17:12', NULL, NULL, '2020-08-04 03:17:12', '2020-08-04 03:17:12'),
(371, 111, 73, '2020-08-05 09:27:55', '2020-08-05 09:37:16', 9, '2020-08-05 02:27:55', '2020-08-05 02:37:16'),
(372, 111, 100, '2020-08-05 09:28:25', '2020-08-05 09:37:27', 9, '2020-08-05 02:28:25', '2020-08-05 02:37:27'),
(373, 111, 94, '2020-08-05 09:28:39', '2020-08-05 09:37:37', 8, '2020-08-05 02:28:39', '2020-08-05 02:37:37'),
(374, 111, 95, '2020-08-05 09:28:53', '2020-08-05 09:37:47', 8, '2020-08-05 02:28:53', '2020-08-05 02:37:47'),
(375, 111, 96, '2020-08-05 09:29:16', '2020-08-05 09:38:06', 8, '2020-08-05 02:29:16', '2020-08-05 02:38:06'),
(376, 111, 98, '2020-08-05 09:29:37', '2020-08-05 09:38:16', 8, '2020-08-05 02:29:37', '2020-08-05 02:38:16'),
(377, 111, 103, '2020-08-05 09:29:52', '2020-08-05 09:38:29', 8, '2020-08-05 02:29:52', '2020-08-05 02:38:29'),
(378, 115, 73, '2020-08-11 09:30:12', '2020-08-11 09:56:00', 25, '2020-08-11 02:30:12', '2020-08-11 02:56:00'),
(379, 115, 100, '2020-08-11 09:30:29', '2020-08-11 09:56:09', 25, '2020-08-11 02:30:29', '2020-08-11 02:56:09'),
(380, 115, 94, '2020-08-11 09:30:47', '2020-08-11 09:56:20', 25, '2020-08-11 02:30:47', '2020-08-11 02:56:20'),
(381, 115, 95, '2020-08-11 09:30:59', '2020-08-11 09:56:30', 25, '2020-08-11 02:30:59', '2020-08-11 02:56:30'),
(382, 115, 96, '2020-08-11 09:31:13', '2020-08-11 09:56:42', 25, '2020-08-11 02:31:13', '2020-08-11 02:56:42'),
(383, 115, 98, '2020-08-11 09:31:26', '2020-08-11 09:56:51', 25, '2020-08-11 02:31:26', '2020-08-11 02:56:51'),
(384, 115, 103, '2020-08-11 09:32:14', '2020-08-11 09:57:05', 24, '2020-08-11 02:32:14', '2020-08-11 02:57:05'),
(385, 116, 140, '2020-08-11 13:52:33', NULL, NULL, '2020-08-11 06:52:33', '2020-08-11 06:52:33'),
(386, 120, 73, '2020-08-12 08:37:40', '2020-08-12 08:54:21', 16, '2020-08-12 01:37:40', '2020-08-12 01:54:21'),
(387, 120, 100, '2020-08-12 08:37:57', '2020-08-12 08:54:32', 16, '2020-08-12 01:37:57', '2020-08-12 01:54:32'),
(388, 120, 94, '2020-08-12 08:38:26', '2020-08-12 08:54:50', 16, '2020-08-12 01:38:26', '2020-08-12 01:54:50'),
(389, 120, 95, '2020-08-12 08:38:37', '2020-08-12 08:55:02', 16, '2020-08-12 01:38:37', '2020-08-12 01:55:02'),
(390, 120, 96, '2020-08-12 08:38:50', '2020-08-12 08:55:33', 16, '2020-08-12 01:38:50', '2020-08-12 01:55:33'),
(391, 120, 98, '2020-08-12 08:39:05', '2020-08-12 08:56:05', 17, '2020-08-12 01:39:05', '2020-08-12 01:56:05'),
(392, 120, 102, '2020-08-12 08:39:27', NULL, NULL, '2020-08-12 01:39:27', '2020-08-12 01:39:27'),
(393, 120, 103, '2020-08-12 08:39:51', '2020-08-12 08:56:28', 16, '2020-08-12 01:39:51', '2020-08-12 01:56:28'),
(394, 122, 73, '2020-08-13 09:03:13', '2020-08-13 09:09:38', 6, '2020-08-13 02:03:13', '2020-08-13 02:09:38'),
(395, 122, 100, '2020-08-13 09:03:36', '2020-08-13 09:09:25', 5, '2020-08-13 02:03:36', '2020-08-13 02:09:25'),
(396, 122, 94, '2020-08-13 09:03:47', '2020-08-13 09:09:12', 5, '2020-08-13 02:03:47', '2020-08-13 02:09:12'),
(397, 122, 95, '2020-08-13 09:03:57', '2020-08-13 09:08:58', 5, '2020-08-13 02:03:57', '2020-08-13 02:08:58'),
(398, 122, 96, '2020-08-13 09:04:07', '2020-08-13 09:08:08', 4, '2020-08-13 02:04:07', '2020-08-13 02:08:08'),
(399, 122, 98, '2020-08-13 09:04:19', '2020-08-13 09:07:51', 3, '2020-08-13 02:04:19', '2020-08-13 02:07:51'),
(400, 122, 103, '2020-08-13 09:04:34', '2020-08-13 09:07:30', 2, '2020-08-13 02:04:34', '2020-08-13 02:07:30'),
(401, 123, 157, '2020-08-13 09:55:15', NULL, NULL, '2020-08-13 02:55:15', '2020-08-13 02:55:15'),
(402, 123, 147, '2020-08-13 09:55:24', NULL, NULL, '2020-08-13 02:55:24', '2020-08-13 02:55:24'),
(403, 123, 158, '2020-08-13 09:55:31', NULL, NULL, '2020-08-13 02:55:31', '2020-08-13 02:55:31'),
(404, 123, 163, '2020-08-13 09:55:38', NULL, NULL, '2020-08-13 02:55:38', '2020-08-13 02:55:38'),
(405, 123, 149, '2020-08-13 09:55:48', NULL, NULL, '2020-08-13 02:55:48', '2020-08-13 02:55:48'),
(406, 123, 162, '2020-08-13 09:56:04', NULL, NULL, '2020-08-13 02:56:04', '2020-08-13 02:56:04'),
(407, 123, 148, '2020-08-13 09:56:22', NULL, NULL, '2020-08-13 02:56:22', '2020-08-13 02:56:22'),
(408, 123, 151, '2020-08-13 09:56:40', NULL, NULL, '2020-08-13 02:56:40', '2020-08-13 02:56:40'),
(409, 123, 154, '2020-08-13 09:56:55', NULL, NULL, '2020-08-13 02:56:55', '2020-08-13 02:56:55'),
(410, 123, 161, '2020-08-13 09:57:04', NULL, NULL, '2020-08-13 02:57:04', '2020-08-13 02:57:04'),
(411, 123, 153, '2020-08-13 09:57:17', NULL, NULL, '2020-08-13 02:57:17', '2020-08-13 02:57:17'),
(412, 123, 164, '2020-08-13 09:57:25', NULL, NULL, '2020-08-13 02:57:25', '2020-08-13 02:57:25'),
(413, 123, 152, '2020-08-13 09:57:35', NULL, NULL, '2020-08-13 02:57:35', '2020-08-13 02:57:35'),
(414, 127, 71, '2020-08-14 09:33:30', NULL, NULL, '2020-08-14 02:33:30', '2020-08-14 02:33:30'),
(415, 127, 74, '2020-08-14 09:34:39', NULL, NULL, '2020-08-14 02:34:39', '2020-08-14 02:34:39'),
(416, 127, 75, '2020-08-14 09:34:53', NULL, NULL, '2020-08-14 02:34:53', '2020-08-14 02:34:53'),
(417, 127, 76, '2020-08-14 09:36:18', NULL, NULL, '2020-08-14 02:36:18', '2020-08-14 02:36:18'),
(418, 127, 78, '2020-08-14 09:36:36', NULL, NULL, '2020-08-14 02:36:36', '2020-08-14 02:36:36'),
(419, 127, 66, '2020-08-14 09:38:02', NULL, NULL, '2020-08-14 02:38:02', '2020-08-14 02:38:02'),
(420, 127, 58, '2020-08-14 09:38:21', NULL, NULL, '2020-08-14 02:38:21', '2020-08-14 02:38:21'),
(421, 128, 73, '2020-08-19 09:07:42', '2020-08-19 09:27:40', 19, '2020-08-19 02:07:42', '2020-08-19 02:27:40'),
(422, 128, 100, '2020-08-19 09:07:54', '2020-08-19 09:27:54', 20, '2020-08-19 02:07:54', '2020-08-19 02:27:54'),
(423, 128, 94, '2020-08-19 09:08:06', '2020-08-19 09:30:26', 22, '2020-08-19 02:08:06', '2020-08-19 02:30:26'),
(424, 128, 95, '2020-08-19 09:08:20', '2020-08-19 09:32:25', 24, '2020-08-19 02:08:20', '2020-08-19 02:32:25'),
(425, 128, 96, '2020-08-19 09:08:33', '2020-08-19 09:32:35', 24, '2020-08-19 02:08:33', '2020-08-19 02:32:35'),
(426, 128, 98, '2020-08-19 09:08:44', '2020-08-19 09:32:46', 24, '2020-08-19 02:08:44', '2020-08-19 02:32:46'),
(427, 128, 102, '2020-08-19 09:09:02', '2020-08-19 09:33:16', 24, '2020-08-19 02:09:02', '2020-08-19 02:33:16'),
(428, 128, 103, '2020-08-19 09:09:14', '2020-08-19 09:33:30', 24, '2020-08-19 02:09:14', '2020-08-19 02:33:30'),
(429, 131, 16, '2020-08-24 10:01:23', NULL, NULL, '2020-08-24 03:01:23', '2020-08-24 03:01:23'),
(430, 131, 48, '2020-08-24 10:01:41', NULL, NULL, '2020-08-24 03:01:41', '2020-08-24 03:01:41'),
(431, 131, 40, '2020-08-24 10:01:52', NULL, NULL, '2020-08-24 03:01:52', '2020-08-24 03:01:52'),
(432, 132, 73, '2020-08-24 10:21:46', '2020-08-24 10:24:12', 2, '2020-08-24 03:21:46', '2020-08-24 03:24:12'),
(433, 132, 100, '2020-08-24 10:22:02', '2020-08-24 10:24:23', 2, '2020-08-24 03:22:02', '2020-08-24 03:24:23'),
(434, 132, 95, '2020-08-24 10:22:22', NULL, NULL, '2020-08-24 03:22:22', '2020-08-24 03:22:22'),
(435, 132, 96, '2020-08-24 10:22:34', NULL, NULL, '2020-08-24 03:22:34', '2020-08-24 03:22:34'),
(436, 132, 98, '2020-08-24 10:22:46', NULL, NULL, '2020-08-24 03:22:46', '2020-08-24 03:22:46'),
(437, 132, 99, '2020-08-24 10:23:01', NULL, NULL, '2020-08-24 03:23:01', '2020-08-24 03:23:01'),
(438, 132, 102, '2020-08-24 10:23:19', NULL, NULL, '2020-08-24 03:23:19', '2020-08-24 03:23:19'),
(439, 132, 103, '2020-08-24 10:23:44', '2020-08-24 10:27:34', 3, '2020-08-24 03:23:44', '2020-08-24 03:27:34'),
(440, 138, 73, '2020-08-25 09:00:30', '2020-08-25 09:05:00', 4, '2020-08-25 02:00:30', '2020-08-25 02:05:00'),
(441, 138, 100, '2020-08-25 09:00:44', '2020-08-25 09:05:20', 4, '2020-08-25 02:00:44', '2020-08-25 02:05:20'),
(442, 138, 94, '2020-08-25 09:00:55', '2020-08-25 09:05:37', 4, '2020-08-25 02:00:55', '2020-08-25 02:05:37'),
(443, 138, 95, '2020-08-25 09:01:06', '2020-08-25 09:05:48', 4, '2020-08-25 02:01:06', '2020-08-25 02:05:48'),
(444, 138, 96, '2020-08-25 09:01:18', '2020-08-25 09:06:02', 4, '2020-08-25 02:01:18', '2020-08-25 02:06:02'),
(445, 138, 98, '2020-08-25 09:01:32', NULL, NULL, '2020-08-25 02:01:32', '2020-08-25 02:01:32'),
(446, 138, 102, '2020-08-25 09:01:49', '2020-08-25 09:06:22', 4, '2020-08-25 02:01:49', '2020-08-25 02:06:22'),
(447, 138, 103, '2020-08-25 09:02:04', '2020-08-25 09:06:34', 4, '2020-08-25 02:02:04', '2020-08-25 02:06:34'),
(448, 140, 16, '2020-08-25 10:08:06', '2020-08-25 10:08:33', 0, '2020-08-25 03:08:06', '2020-08-25 03:08:33'),
(449, 139, 73, '2020-08-26 08:40:41', '2020-08-26 08:54:31', 13, '2020-08-26 01:40:41', '2020-08-26 01:54:31'),
(450, 139, 100, '2020-08-26 08:40:55', '2020-08-26 08:54:44', 13, '2020-08-26 01:40:55', '2020-08-26 01:54:44'),
(451, 139, 94, '2020-08-26 08:41:09', '2020-08-26 08:55:13', 14, '2020-08-26 01:41:09', '2020-08-26 01:55:13'),
(452, 139, 95, '2020-08-26 08:41:22', '2020-08-26 08:55:26', 14, '2020-08-26 01:41:22', '2020-08-26 01:55:26'),
(453, 139, 96, '2020-08-26 08:41:36', '2020-08-26 08:55:37', 14, '2020-08-26 01:41:36', '2020-08-26 01:55:37'),
(454, 139, 98, '2020-08-26 08:41:59', NULL, NULL, '2020-08-26 01:41:59', '2020-08-26 01:41:59'),
(455, 139, 102, '2020-08-26 08:42:25', '2020-08-26 08:55:57', 13, '2020-08-26 01:42:25', '2020-08-26 01:55:57'),
(456, 139, 103, '2020-08-26 08:42:44', '2020-08-26 08:56:13', 13, '2020-08-26 01:42:44', '2020-08-26 01:56:13'),
(457, 141, 73, '2020-08-27 09:00:14', '2020-08-27 09:43:57', 43, '2020-08-27 02:00:14', '2020-08-27 02:43:57'),
(458, 141, 100, '2020-08-27 09:00:30', '2020-08-27 09:44:10', 43, '2020-08-27 02:00:30', '2020-08-27 02:44:10'),
(459, 141, 94, '2020-08-27 09:01:27', '2020-08-27 09:44:22', 42, '2020-08-27 02:01:27', '2020-08-27 02:44:22'),
(460, 141, 95, '2020-08-27 09:01:53', '2020-08-27 09:44:36', 42, '2020-08-27 02:01:53', '2020-08-27 02:44:36'),
(461, 141, 96, '2020-08-27 09:02:16', '2020-08-27 09:44:50', 42, '2020-08-27 02:02:16', '2020-08-27 02:44:50'),
(462, 141, 98, '2020-08-27 09:02:38', '2020-08-27 09:45:02', 42, '2020-08-27 02:02:38', '2020-08-27 02:45:02'),
(463, 141, 103, '2020-08-27 09:02:54', '2020-08-27 09:45:15', 42, '2020-08-27 02:02:54', '2020-08-27 02:45:15'),
(464, 148, 71, '2020-08-31 10:51:30', NULL, NULL, '2020-08-31 03:51:30', '2020-08-31 03:51:30'),
(465, 148, 74, '2020-08-31 10:51:40', NULL, NULL, '2020-08-31 03:51:40', '2020-08-31 03:51:40'),
(466, 148, 75, '2020-08-31 10:51:48', NULL, NULL, '2020-08-31 03:51:48', '2020-08-31 03:51:48'),
(467, 148, 76, '2020-08-31 10:51:56', NULL, NULL, '2020-08-31 03:51:56', '2020-08-31 03:51:56'),
(468, 148, 77, '2020-08-31 10:52:06', NULL, NULL, '2020-08-31 03:52:06', '2020-08-31 03:52:06'),
(469, 148, 66, '2020-08-31 10:52:16', NULL, NULL, '2020-08-31 03:52:16', '2020-08-31 03:52:16'),
(470, 149, 48, '2020-08-31 16:36:31', '2020-08-31 16:37:11', 0, '2020-08-31 09:36:31', '2020-08-31 09:37:11');

-- --------------------------------------------------------

--
-- Struktur dari tabel `event_dept`
--

CREATE TABLE `event_dept` (
  `id` int(10) UNSIGNED NOT NULL,
  `event_id` int(10) UNSIGNED DEFAULT NULL,
  `dept_id` int(10) UNSIGNED DEFAULT NULL,
  `created_at` timestamp NULL DEFAULT NULL,
  `updated_at` timestamp NULL DEFAULT NULL
) ENGINE=InnoDB DEFAULT CHARSET=utf8mb4 COLLATE=utf8mb4_unicode_ci;

--
-- Dumping data untuk tabel `event_dept`
--

INSERT INTO `event_dept` (`id`, `event_id`, `dept_id`, `created_at`, `updated_at`) VALUES
(35, 16, 1, '2020-06-10 04:02:22', '2020-06-10 04:02:22'),
(36, 16, 3, '2020-06-10 04:02:22', '2020-06-10 04:02:22'),
(37, 17, 5, '2020-06-10 08:02:45', '2020-06-10 08:02:45'),
(38, 19, 5, '2020-06-12 01:45:01', '2020-06-12 01:45:01'),
(41, 22, 5, '2020-06-16 01:09:07', '2020-06-16 01:09:07'),
(43, 24, 5, '2020-06-19 01:59:21', '2020-06-19 01:59:21'),
(45, 26, 5, '2020-06-22 02:10:48', '2020-06-22 02:10:48'),
(46, 25, 11, '2020-06-22 04:10:35', '2020-06-22 04:10:35'),
(48, 28, 11, '2020-06-23 01:33:24', '2020-06-23 01:33:24'),
(52, 31, 1, '2020-06-25 06:36:05', '2020-06-25 06:36:05'),
(54, 33, 5, '2020-06-26 01:35:14', '2020-06-26 01:35:14'),
(56, 35, 5, '2020-06-29 01:31:13', '2020-06-29 01:31:13'),
(61, 39, 11, '2020-07-02 01:39:52', '2020-07-02 01:39:52'),
(62, 38, 12, '2020-07-02 03:22:34', '2020-07-02 03:22:34'),
(63, 37, 12, '2020-07-02 03:22:52', '2020-07-02 03:22:52'),
(64, 36, 12, '2020-07-02 03:23:10', '2020-07-02 03:23:10'),
(65, 34, 12, '2020-07-02 03:23:24', '2020-07-02 03:23:24'),
(67, 32, 12, '2020-07-02 03:35:38', '2020-07-02 03:35:38'),
(68, 30, 12, '2020-07-02 03:35:49', '2020-07-02 03:35:49'),
(69, 29, 12, '2020-07-02 03:36:02', '2020-07-02 03:36:02'),
(70, 27, 12, '2020-07-02 03:36:14', '2020-07-02 03:36:14'),
(71, 40, 2, '2020-07-02 03:40:18', '2020-07-02 03:40:18'),
(74, 43, 2, '2020-07-02 04:55:53', '2020-07-02 04:55:53'),
(75, 44, 2, '2020-07-02 04:56:45', '2020-07-02 04:56:45'),
(76, 45, 2, '2020-07-02 05:36:27', '2020-07-02 05:36:27'),
(77, 46, 2, '2020-07-02 05:42:29', '2020-07-02 05:42:29'),
(78, 47, 2, '2020-07-02 05:56:59', '2020-07-02 05:56:59'),
(80, 41, 4, '2020-07-02 07:41:04', '2020-07-02 07:41:04'),
(82, 48, 4, '2020-07-02 07:53:16', '2020-07-02 07:53:16'),
(83, 49, 2, '2020-07-02 10:06:23', '2020-07-02 10:06:23'),
(84, 50, 11, '2020-07-03 01:27:36', '2020-07-03 01:27:36'),
(85, 51, 12, '2020-07-03 01:30:53', '2020-07-03 01:30:53'),
(87, 53, 2, '2020-07-03 01:48:31', '2020-07-03 01:48:31'),
(88, 54, 5, '2020-07-03 01:49:32', '2020-07-03 01:49:32'),
(89, 52, 4, '2020-07-03 01:53:24', '2020-07-03 01:53:24'),
(91, 55, 11, '2020-07-03 04:59:48', '2020-07-03 04:59:48'),
(92, 56, 2, '2020-07-03 09:43:02', '2020-07-03 09:43:02'),
(94, 57, 4, '2020-07-04 01:45:04', '2020-07-04 01:45:04'),
(95, 58, 2, '2020-07-04 02:13:14', '2020-07-04 02:13:14'),
(96, 59, 2, '2020-07-04 05:07:46', '2020-07-04 05:07:46'),
(97, 60, 11, '2020-07-04 05:57:07', '2020-07-04 05:57:07'),
(98, 61, 12, '2020-07-06 01:39:54', '2020-07-06 01:39:54'),
(101, 63, 4, '2020-07-07 03:00:15', '2020-07-07 03:00:15'),
(103, 62, 4, '2020-07-07 03:35:27', '2020-07-07 03:35:27'),
(104, 64, 2, '2020-07-07 09:18:15', '2020-07-07 09:18:15'),
(105, 65, 2, '2020-07-07 09:36:27', '2020-07-07 09:36:27'),
(107, 66, 4, '2020-07-08 01:43:27', '2020-07-08 01:43:27'),
(108, 67, 4, '2020-07-09 03:36:05', '2020-07-09 03:36:05'),
(109, 68, 12, '2020-07-10 01:12:01', '2020-07-10 01:12:01'),
(110, 69, 4, '2020-07-10 01:48:56', '2020-07-10 01:48:56'),
(111, 70, 2, '2020-07-10 01:49:23', '2020-07-10 01:49:23'),
(112, 71, 2, '2020-07-10 01:53:37', '2020-07-10 01:53:37'),
(113, 72, 2, '2020-07-10 09:00:16', '2020-07-10 09:00:16'),
(114, 73, 2, '2020-07-10 09:22:06', '2020-07-10 09:22:06'),
(115, 74, 2, '2020-07-10 09:22:51', '2020-07-10 09:22:51'),
(116, 75, 4, '2020-07-11 04:26:27', '2020-07-11 04:26:27'),
(118, 76, 12, '2020-07-13 01:41:53', '2020-07-13 01:41:53'),
(119, 77, 4, '2020-07-13 02:10:44', '2020-07-13 02:10:44'),
(120, 78, 5, '2020-07-13 02:16:56', '2020-07-13 02:16:56'),
(121, 79, 2, '2020-07-13 03:36:07', '2020-07-13 03:36:07'),
(122, 80, 2, '2020-07-13 03:37:51', '2020-07-13 03:37:51'),
(123, 81, 2, '2020-07-13 09:52:29', '2020-07-13 09:52:29'),
(124, 82, 4, '2020-07-14 02:28:14', '2020-07-14 02:28:14'),
(125, 83, 2, '2020-07-14 09:34:06', '2020-07-14 09:34:06'),
(126, 84, 4, '2020-07-15 01:18:16', '2020-07-15 01:18:16'),
(127, 85, 2, '2020-07-15 09:48:49', '2020-07-15 09:48:49'),
(128, 86, 4, '2020-07-16 01:46:29', '2020-07-16 01:46:29'),
(129, 87, 4, '2020-07-17 01:26:30', '2020-07-17 01:26:30'),
(130, 88, 4, '2020-07-20 01:42:41', '2020-07-20 01:42:41'),
(131, 89, 5, '2020-07-20 02:32:21', '2020-07-20 02:32:21'),
(132, 90, 4, '2020-07-21 02:56:07', '2020-07-21 02:56:07'),
(133, 91, 2, '2020-07-21 09:53:41', '2020-07-21 09:53:41'),
(134, 92, 4, '2020-07-22 04:35:42', '2020-07-22 04:35:42'),
(135, 93, 2, '2020-07-22 09:46:45', '2020-07-22 09:46:45'),
(136, 94, 4, '2020-07-23 01:35:18', '2020-07-23 01:35:18'),
(137, 95, 2, '2020-07-23 09:48:26', '2020-07-23 09:48:26'),
(138, 96, 2, '2020-07-24 09:10:47', '2020-07-24 09:10:47'),
(139, 97, 2, '2020-07-24 09:28:11', '2020-07-24 09:28:11'),
(140, 98, 4, '2020-07-27 02:00:05', '2020-07-27 02:00:05'),
(141, 99, 5, '2020-07-27 02:13:49', '2020-07-27 02:13:49'),
(142, 100, 4, '2020-07-28 02:12:16', '2020-07-28 02:12:16'),
(143, 101, 2, '2020-07-28 10:26:17', '2020-07-28 10:26:17'),
(144, 102, 4, '2020-07-29 01:44:17', '2020-07-29 01:44:17'),
(145, 103, 1, '2020-07-29 02:53:18', '2020-07-29 02:53:18'),
(146, 104, 4, '2020-07-30 01:36:42', '2020-07-30 01:36:42'),
(147, 105, 4, '2020-08-03 01:48:07', '2020-08-03 01:48:07'),
(148, 106, 5, '2020-08-03 02:21:00', '2020-08-03 02:21:00'),
(149, 107, 4, '2020-08-04 02:25:46', '2020-08-04 02:25:46'),
(150, 108, 1, '2020-08-04 03:15:51', '2020-08-04 03:15:51'),
(151, 109, 2, '2020-08-04 09:06:37', '2020-08-04 09:06:37'),
(152, 110, 2, '2020-08-04 09:08:02', '2020-08-04 09:08:02'),
(153, 111, 4, '2020-08-05 02:27:11', '2020-08-05 02:27:11'),
(154, 113, 5, '2020-08-07 02:26:04', '2020-08-07 02:26:04'),
(155, 114, 5, '2020-08-07 02:30:39', '2020-08-07 02:30:39'),
(156, 115, 4, '2020-08-11 02:28:27', '2020-08-11 02:28:27'),
(157, 117, 2, '2020-08-11 06:59:35', '2020-08-11 06:59:35'),
(158, 118, 2, '2020-08-11 07:01:02', '2020-08-11 07:01:02'),
(159, 119, 2, '2020-08-11 07:01:54', '2020-08-11 07:01:54'),
(160, 120, 4, '2020-08-12 01:36:25', '2020-08-12 01:36:25'),
(161, 121, 5, '2020-08-12 04:36:19', '2020-08-12 04:36:19'),
(162, 122, 4, '2020-08-13 01:25:14', '2020-08-13 01:25:14'),
(163, 123, 2, '2020-08-13 02:54:51', '2020-08-13 02:54:51'),
(164, 124, 2, '2020-08-14 01:59:28', '2020-08-14 01:59:28'),
(165, 125, 2, '2020-08-14 02:01:15', '2020-08-14 02:01:15'),
(166, 127, 5, '2020-08-14 02:21:07', '2020-08-14 02:21:07'),
(167, 128, 4, '2020-08-19 02:06:16', '2020-08-19 02:06:16'),
(168, 129, 11, '2020-08-19 04:33:30', '2020-08-19 04:33:30'),
(169, 130, 4, '2020-08-24 01:38:52', '2020-08-24 01:38:52'),
(171, 131, 1, '2020-08-24 02:57:05', '2020-08-24 02:57:05'),
(172, 132, 4, '2020-08-24 03:19:09', '2020-08-24 03:19:09'),
(173, 133, 2, '2020-08-24 09:39:30', '2020-08-24 09:39:30'),
(174, 134, 2, '2020-08-24 09:41:05', '2020-08-24 09:41:05'),
(175, 135, 2, '2020-08-24 09:41:49', '2020-08-24 09:41:49'),
(176, 136, 2, '2020-08-24 09:42:31', '2020-08-24 09:42:31'),
(177, 137, 2, '2020-08-24 09:44:02', '2020-08-24 09:44:02'),
(178, 138, 4, '2020-08-25 01:38:10', '2020-08-25 01:38:10'),
(180, 139, 4, '2020-08-25 01:58:52', '2020-08-25 01:58:52'),
(181, 140, 11, '2020-08-25 03:06:47', '2020-08-25 03:06:47'),
(182, 140, 1, '2020-08-25 03:06:47', '2020-08-25 03:06:47'),
(184, 142, 2, '2020-08-26 03:02:22', '2020-08-26 03:02:22'),
(185, 143, 2, '2020-08-26 04:07:22', '2020-08-26 04:07:22'),
(186, 144, 2, '2020-08-26 04:08:04', '2020-08-26 04:08:04'),
(187, 145, 2, '2020-08-26 04:08:54', '2020-08-26 04:08:54'),
(188, 146, 2, '2020-08-26 09:38:28', '2020-08-26 09:38:28'),
(189, 141, 4, '2020-08-27 01:54:00', '2020-08-27 01:54:00'),
(190, 147, 5, '2020-08-31 01:38:59', '2020-08-31 01:38:59'),
(191, 148, 5, '2020-08-31 02:11:01', '2020-08-31 02:11:01'),
(192, 149, 11, '2020-08-31 09:35:39', '2020-08-31 09:35:39'),
(193, 149, 1, '2020-08-31 09:35:39', '2020-08-31 09:35:39'),
(194, 149, 12, '2020-08-31 09:35:39', '2020-08-31 09:35:39'),
(195, 149, 4, '2020-08-31 09:35:39', '2020-08-31 09:35:39');

-- --------------------------------------------------------

--
-- Struktur dari tabel `hrd_cuti_detail`
--

CREATE TABLE `hrd_cuti_detail` (
  `id` int(10) UNSIGNED NOT NULL,
  `cuti_id` int(10) UNSIGNED DEFAULT NULL,
  `pengganti_id` int(10) UNSIGNED DEFAULT NULL,
  `controller_id` int(10) UNSIGNED DEFAULT NULL,
  `deskripsi` varchar(191) COLLATE utf8mb4_unicode_ci DEFAULT NULL,
  `keterangan` varchar(191) COLLATE utf8mb4_unicode_ci DEFAULT NULL,
  `created_at` timestamp NULL DEFAULT NULL,
  `updated_at` timestamp NULL DEFAULT NULL
) ENGINE=InnoDB DEFAULT CHARSET=utf8mb4 COLLATE=utf8mb4_unicode_ci;

--
-- Dumping data untuk tabel `hrd_cuti_detail`
--

INSERT INTO `hrd_cuti_detail` (`id`, `cuti_id`, `pengganti_id`, `controller_id`, `deskripsi`, `keterangan`, `created_at`, `updated_at`) VALUES
(18, 6, 16, 37, 'maintenance pc', NULL, '2020-04-16 03:40:53', '2020-04-16 03:40:53'),
(19, 6, 48, 37, 'maintenance program', NULL, '2020-04-16 03:40:53', '2020-04-16 03:40:53'),
(20, 18, 113, 120, 'Pengajuan dana Renovasi', NULL, '2020-07-01 03:03:43', '2020-07-01 03:03:43'),
(21, 18, 113, 120, 'Update data mesin', NULL, '2020-07-01 03:03:43', '2020-07-01 03:03:43'),
(25, 10, 125, 57, 'membuat surat jalan kiriman & mutasi', NULL, '2020-07-02 07:49:36', '2020-07-02 07:49:36'),
(26, 10, 125, 57, 'membuat planing kiriman & di email', NULL, '2020-07-02 07:49:36', '2020-07-02 07:49:36'),
(27, 10, 125, 57, 'cek ED barang & lot number di sistem Sirup', NULL, '2020-07-02 07:49:36', '2020-07-02 07:49:36'),
(28, 10, 125, 57, 'membuat laporan harian stock accurcy & stock take', NULL, '2020-07-02 07:49:36', '2020-07-02 07:49:36'),
(29, 55, 131, 124, 'penerimaan kontainer di gudang maspion.1', 'mengecek penerimaan barang dan pengeluaran barang di gudang maspion.1', '2020-07-24 05:10:52', '2020-07-24 05:10:52'),
(38, 79, 72, 37, 'Control keberlangsungan operasional', NULL, '2020-08-18 02:30:32', '2020-08-18 02:30:32'),
(39, 79, 72, 37, 'Control efisiensi biaya operasional', NULL, '2020-08-18 02:30:32', '2020-08-18 02:30:32'),
(40, 79, 72, 37, 'Control PO customer menjadi SO', NULL, '2020-08-18 02:30:32', '2020-08-18 02:30:32'),
(41, 79, 72, 37, 'Control SO jadi surat jalan', NULL, '2020-08-18 02:30:32', '2020-08-18 02:30:32'),
(42, 79, 72, 37, 'Control surat jalan jadi faktur', NULL, '2020-08-18 02:30:32', '2020-08-18 02:30:32'),
(43, 79, 72, 37, 'Control pengiriman barang ke customer', NULL, '2020-08-18 02:30:32', '2020-08-18 02:30:32'),
(44, 79, 72, 37, 'control distribusi faktur ke semua bagian', NULL, '2020-08-18 02:30:32', '2020-08-18 02:30:32'),
(45, 79, 72, 37, 'Control persediaan barang dagang', NULL, '2020-08-18 02:30:32', '2020-08-18 02:30:32'),
(46, 79, 72, 37, 'Control penyimpanan barang', NULL, '2020-08-18 02:30:32', '2020-08-18 02:30:32'),
(47, 79, 72, 37, 'Control semua project operasional dan ISO', NULL, '2020-08-18 02:30:32', '2020-08-18 02:30:32');

-- --------------------------------------------------------

--
-- Struktur dari tabel `hrd_cuti_header`
--

CREATE TABLE `hrd_cuti_header` (
  `id` int(10) UNSIGNED NOT NULL,
  `karyawan_id` int(10) UNSIGNED DEFAULT NULL,
  `tanggal_bergabung` date DEFAULT NULL,
  `tanggal_awal` date DEFAULT NULL,
  `tanggal_akhir` date DEFAULT NULL,
  `alasan` varchar(191) COLLATE utf8mb4_unicode_ci DEFAULT NULL,
  `alamat` text COLLATE utf8mb4_unicode_ci DEFAULT NULL,
  `no_telp` varchar(13) COLLATE utf8mb4_unicode_ci DEFAULT NULL,
  `jenis_cuti` smallint(6) DEFAULT NULL,
  `pengganti_id` int(10) UNSIGNED DEFAULT NULL,
  `controller_id` int(10) UNSIGNED DEFAULT NULL,
  `upload_file` varchar(255) COLLATE utf8mb4_unicode_ci DEFAULT NULL,
  `created_by` int(10) UNSIGNED DEFAULT NULL,
  `created_at` timestamp NULL DEFAULT NULL,
  `updated_at` timestamp NULL DEFAULT NULL
) ENGINE=InnoDB DEFAULT CHARSET=utf8mb4 COLLATE=utf8mb4_unicode_ci;

--
-- Dumping data untuk tabel `hrd_cuti_header`
--

INSERT INTO `hrd_cuti_header` (`id`, `karyawan_id`, `tanggal_bergabung`, `tanggal_awal`, `tanggal_akhir`, `alasan`, `alamat`, `no_telp`, `jenis_cuti`, `pengganti_id`, `controller_id`, `upload_file`, `created_by`, `created_at`, `updated_at`) VALUES
(5, 48, '2018-12-01', '2020-04-14', '2020-04-14', 'Sakit tanpa surat dokter', 'Perumahan Griya Samudra Asri Blok F11 No 9 Kramat Jegu, Kec. Taman, Kab. Sidoarjo', '085784406018', 1, 16, 40, NULL, 48, '2020-04-15 02:07:40', '2020-04-15 02:07:40'),
(6, 40, '2016-09-01', '2020-04-14', '2020-04-14', 'liburan', 'Jl Laras liris', '08564666666', 1, 48, 37, NULL, 40, '2020-04-16 03:38:09', '2020-04-16 03:38:09'),
(7, 48, '2018-12-01', '2020-05-12', '2020-05-12', 'Izin keperluan pribadi', 'Perumahan Griya Samudra Asri Blok F11 No. 9 Kramat Jegu, Kec. Taman, Kab. Sidoarjo', '085784406018', 1, 16, 40, NULL, 1, '2020-05-13 01:43:53', '2020-05-13 01:43:53'),
(9, 40, '2020-06-11', '2020-06-11', '2020-06-12', 'liburan', 'jl. laras liris', '0855', 1, 16, 48, '1592289396_6f1e98c7d1b6f5ee817a4b7794e6a8d6.png', 62, '2020-06-11 07:18:13', '2020-06-16 06:36:36'),
(10, 134, '2016-04-01', '2020-08-07', '2020-08-08', 'Adik kandung menikah', 'JL. Roomo gang 2 RT.006 RW.002 Manyar- Gresik', '0895632335235', 1, 125, 57, '1594286445_Pengajuan Cuti an. Rima Fatwa tgl 7 - 8 Agustus 2020.pdf', 134, '2020-06-23 10:28:23', '2020-07-09 09:20:45'),
(11, 135, '2017-09-17', '2020-06-23', '2020-06-23', 'SAKIT', 'JL. KALIJUDAN GG VI NO 26 SURABAYA', '085212107668', 1, 136, 137, '1594286386_S. Izin an. ida Nor R tgl 23 Juni 2020.pdf', 135, '2020-06-24 04:56:44', '2020-07-09 09:19:46'),
(12, 37, '1988-11-01', '2020-06-27', '2020-06-27', 'keperluan keluarga', 'Perum Puri Maharani B3 No. 3\r\nMasangan Wetan- Sidoarjo', '08887666363', 1, 126, 126, '1594263851_S. Izin an. Wiwik Sy tgl 27 Juni 2020.pdf', 37, '2020-06-25 06:28:11', '2020-07-09 03:04:11'),
(13, 89, '2016-12-15', '2020-06-24', '2020-06-24', 'SAKIT', 'JL. LONTAR TELAGA INDAH NO. 54 SURABAYA', '0881036102957', 1, 90, 72, '1594263815_S. Izin an. Devi Setiyowati tgl 24 Juni 2020.pdf', 89, '2020-06-25 07:44:01', '2020-07-09 03:03:35'),
(14, 43, '2016-06-23', '2020-06-20', '2020-06-20', 'Keperluan Keluarga', 'Jl. Lebak Jaya V Utara Rawasan B 11 No. 36 Surabaya', '085746600610', 1, 46, 41, '1594286196_S. Izin an. Exti Luasiani tgl 20 juni 2020.pdf', 43, '2020-06-26 03:54:37', '2020-07-09 09:16:36'),
(15, 138, '2016-08-30', '2020-06-25', '2020-06-25', 'sakit', 'Jl. Kalijudan gg 6 No.26 Surabaya', '081703944564', 1, 57, 88, '1594286178_S. Izin an. Yulia Wulandari tgl 25 juni 2020.pdf', 138, '2020-06-27 03:22:52', '2020-07-09 09:16:18'),
(16, 80, '2013-06-17', '2020-06-29', '2020-06-30', 'Anak Sakit', 'Kaliwaron No. 28', '087854154545', 1, 79, 38, '1594284691_S. Izin an. Agustin Megawati tgl 29-30 Juni 2020.pdf', 80, '2020-07-01 01:19:42', '2020-07-09 08:51:31'),
(17, 16, '2018-05-01', '2020-06-30', '2020-06-30', 'Sakit tanpa surat keterangan dokter', 'Menganti Gg. Bayu RT 05 RW 02 Menganti Gresik', '082235533312', 1, 48, 40, '1594284567_S. Izin an. Liztrianto Pujohardiko tgl 30 juni 2020.pdf', 16, '2020-07-01 01:35:45', '2020-07-09 08:49:27'),
(18, 112, '2020-06-01', '2020-06-30', '2020-06-30', 'Menjaga anak', 'Medokan Sawah - Rungkut', '082142859411', 1, 113, 120, '1594284675_S. izin an. Maria Monika tgl 30 Juni 2020.pdf', 112, '2020-07-01 03:01:58', '2020-07-09 08:51:15'),
(19, 108, '2017-09-02', '2020-07-03', '2020-07-03', 'keperluan alasan keluarga', 'jl. Bubutan V no 8A', '087854620900', 1, 101, 57, '1594284713_S. Izin an. Eka Yuniar tgl 3 Juli 2020.pdf', 108, '2020-07-02 02:30:36', '2020-07-09 08:51:53'),
(20, 48, '2018-12-01', '2020-07-02', '2020-07-02', 'Sakit tanpa surat dokter', 'Perumahan Griya Samudra Asri Blok F11 No. 09 Kramat Jegu, Kec. Taman, Kab. Sidoarjo', '085784406018', 1, 16, 40, '1594283362_S. Izin an. Nuzulul Mas\'ud tgl 2 Juli 2020.pdf', 48, '2020-07-03 06:12:33', '2020-07-09 08:29:22'),
(21, 113, '2018-11-01', '2020-07-03', '2020-07-03', 'Keperluan keluarga', 'Asrama Koterm A F/03 Surabaya', '085730323131', 1, 97, 85, '1594283291_S. Izin an. Anastasia Natallita tgl 3 Juli 2020.pdf', 113, '2020-07-04 03:49:39', '2020-07-09 08:28:11'),
(22, 146, '2020-07-03', '2020-07-03', '2020-07-03', 'ada saudara meninggal', 'jl.ampel suci 38 surabaya', '08123292664', 1, 83, 57, '1594283268_S. Izin an. Rony Hidayat tgl 3 Juli 2020.pdf', 146, '2020-07-06 01:56:39', '2020-07-09 08:27:48'),
(23, 39, '2018-12-03', '2020-07-04', '2020-07-04', 'demam', 'Manyar kartika 7 no 16 A', '083849394777', 1, 126, 52, '1594281160_S. Izin an. Andrew Antonio tgl 4 Juli 2020.jpg', 39, '2020-07-06 03:28:43', '2020-07-09 07:52:40'),
(24, 49, '2018-12-01', '2020-07-03', '2020-07-04', 'Sakit', 'Jl. Kapas Gading Madya gang 5 no. 26 B', '082234859569', 1, 72, 126, '1594281553_S. Izin an. Hariyati tgl 3-4 Juli 2020.jpg', 49, '2020-07-07 03:14:25', '2020-07-09 07:59:13'),
(25, 84, '2018-09-01', '2020-07-02', '2020-07-04', 'Sakit', 'Jalan Margorejo Gang III E no 43 Surabaya', '082233150525', 1, 72, 37, '1594281203_S. Izin an. Antika Fitri tgl 2-4 Juli 2020.jpg', 84, '2020-07-07 06:10:49', '2020-07-09 07:53:23'),
(26, 139, '2014-06-02', '2020-07-02', '2020-07-03', 'Keperluan keluarga', 'Nyamplungan 6 no 15', '08816979406', 1, 151, 124, '1594108074_Form_Cuti_Shinwan.pdf', 139, '2020-07-07 07:42:40', '2020-07-07 07:47:54'),
(27, 86, '2005-04-01', '2020-07-02', '2020-07-02', 'sakit tanpa ada surat dokter', 'kendangsari gg sd impres no 6 surabaya', '08563622783', 1, 81, 38, '1594281052_S. Izin an. Suhariyanto tgl 2 Juli 2020.jpg', 86, '2020-07-08 04:40:51', '2020-07-09 07:50:52'),
(28, 86, '2005-04-01', '2020-07-06', '2020-07-07', 'sakit tidak ada surat dokter', 'kendangsari gg sd impres no 6 surabaya', '08563622783', 1, 81, 38, '1594281040_S. Izin an. Suhariyanto tgl 6-7 Juli 2020.jpg', 86, '2020-07-08 04:48:45', '2020-07-09 07:50:40'),
(29, 88, '2000-08-04', '2020-07-08', '2020-07-08', 'sakit karena pinggang kecetet', 'Jl. Kaliwaron No. 30', '085755651738', 1, 138, 115, '1594280517_S. Izin an. Mutmaimah tgl 8 Juli 2020.pdf', 88, '2020-07-09 02:28:50', '2020-07-09 07:41:57'),
(30, 173, '2016-10-03', '2020-07-08', '2020-07-08', 'Izin Keperluan Keluarga', 'Surabaya', '082257053647', 1, 186, 74, '1594443400_S. Izin an. Heri Kisworo tgl 8 Juli 2020.pdf', 173, '2020-07-09 04:07:46', '2020-07-11 04:56:40'),
(31, 175, '2016-10-03', '2020-07-07', '2020-07-07', 'Sakit', 'Jl. Kalijudan Gg 6 Surabaya', '089630804669', 1, 116, 115, '1594623427_S. Izin an. M. Dimas Fithroh tgl 7 Juli 2020.jpg', 175, '2020-07-10 07:09:37', '2020-07-13 06:57:07'),
(32, 71, '0001-01-01', '2020-07-06', '2020-07-06', 'Tidak melampirkan surat dokter (sakit vertigo)', 'Surabaya', '082132189183', 1, 75, 52, '1594443416_S. izin an. Gatot Soepriadi tgl 6 Juli 2020.jpg', 66, '2020-07-11 02:01:27', '2020-07-11 04:56:56'),
(33, 71, '0001-01-01', '2020-07-08', '2020-07-09', 'Tidak melampirkan surat dokter (sakit vertigo)', 'Surabaya', '082132189183', 1, 75, 52, '1594443428_S. izin an. Gatot Soepriadi tgl 8-9 Jul 2020.pdf', 66, '2020-07-11 02:02:58', '2020-07-11 04:57:08'),
(34, 83, '2015-01-05', '2020-07-11', '2020-07-11', 'ADA KEPERLUAN KELUARGA', 'JL.SEMOLOWARU UTARA III NO 44 A', '0895341350624', 1, 108, 57, '1594623463_S. izin an. Lia Nur Azizah tgl 11 Juli 2020.jpg', 83, '2020-07-13 01:36:41', '2020-07-13 06:57:43'),
(35, 137, '2015-03-01', '2020-08-07', '2020-08-07', 'MENIKAH (AKAD)', 'JL. SIDONIPAH III/17\r\nSURABAYA', '081327000887', 1, 135, 126, '1594623488_S. Izin an. fauziah tgl 7 Agustus 2020.jpg', 137, '2020-07-13 02:36:37', '2020-07-13 06:58:08'),
(36, 197, '2011-11-01', '2020-07-11', '2020-07-11', 'Ibu Kandung meninggal', 'di Bangkalan ( Jln. KH Moh Kholil Gg Xi/ 305 Bangkalan )', '08155045760', 3, 115, 115, '1594623517_S. Cuti khusus an. Tri Wijaksono tgl 11 Juli 2020.jpg', 197, '2020-07-13 03:48:56', '2020-07-13 06:58:37'),
(37, 57, '1994-04-04', '2020-07-04', '2020-07-04', 'sakit Flue ( batuk, pusing, demam )', 'Dinoyo sekolahan', '08999290427', 1, 72, 37, '1594626523_S. izin an. Anggraini tgl 4,8,11 Juli 2020.pdf', 57, '2020-07-13 07:29:48', '2020-07-13 07:48:43'),
(38, 104, '1999-06-01', '2020-07-10', '2020-07-10', 'sakit tidak ada surat dokter', 'Ploso', '083856538114', 1, 105, 99, '1594714835_S. izin an. Mutmainah tgl 10 Juli 2020.jpg', 104, '2020-07-14 03:39:28', '2020-07-14 08:20:35'),
(39, 104, '1999-06-01', '2020-07-13', '2020-07-13', 'Sakit tidak ada surat dokter', 'Surabaya', '083856538114', 1, 105, 99, '1594717199_S. izin an. Mutmainah tgl 13 Juli 2020.pdf', 55, '2020-07-14 08:23:00', '2020-07-14 08:59:59'),
(40, 72, '2011-08-08', '2020-07-17', '2020-07-17', 'SAKIT', 'JL. KALIWARON NO 30 SURABAYA', '081553789968', 1, 108, 57, '1595221981_S. izin an. Sepbrina Eka Rahmawati tgl 17 Jul 2020.pdf', 72, '2020-07-20 02:10:18', '2020-07-20 05:13:01'),
(41, 109, '2016-10-17', '2020-07-17', '2020-07-17', 'mengurus kepindahan sekolah anak', 'satu hari', '082333563611', 1, 156, 72, '1595222008_S. izin an. Candra Eka P tgl 17 jul 2020.pdf', 109, '2020-07-20 03:02:09', '2020-07-20 05:13:28'),
(42, 56, '2020-07-20', '2020-07-20', '2020-07-20', 'Izin keperluan daftar sekolah anak', 'Banyuwangi', '087853325999', 1, 55, 52, NULL, 55, '2020-07-20 05:21:29', '2020-07-20 05:21:29'),
(43, 50, '1999-07-01', '2020-07-14', '2020-07-14', 'anak sakit', 'Jl kendang Sari gg 7 Sekolahan No.50A Surabaya', '081331656667', 1, 44, 41, '1595393239_S. Izin an. Erni Pribayanti tgl 14 Jul 2020.pdf', 50, '2020-07-20 08:11:28', '2020-07-22 04:47:19'),
(44, 50, '1999-07-01', '2020-07-22', '2020-07-22', 'ijin urus SIM', 'Jl Kendang Sari gg 7 Sekolahan No.50A Surabaya', '081331656667', 1, 44, 41, '1595393228_S. izin an. erni Pribayanti tgl 22 Jul 2020.pdf', 50, '2020-07-20 08:21:04', '2020-07-22 04:47:08'),
(45, 155, '2010-03-01', '2020-07-14', '2020-07-14', 'Sakit tidak ada surat dokter', 'Surabaya', '08993637622', 1, 147, 57, '1595235756_S. izin an. Agus Nursalim tgl 14 jul 2020.pdf', 55, '2020-07-20 09:00:19', '2020-07-20 09:02:36'),
(46, 37, '1988-11-01', '2020-07-17', '2020-07-17', 'sakit lambung', 'Asembagus 3 no.38 A surabaya', '085731295445', 1, 41, 52, '1595393143_S. Izin an. Wiwik Sy tgl 17 Juli 2020.pdf', 37, '2020-07-21 02:05:27', '2020-07-22 04:45:43'),
(47, 98, '2011-03-21', '2020-07-21', '2020-07-21', 'saudara meninggal dunia', 'sawentar  no.11', '085733025100', 1, 99, 73, '1595409616_S. Izin an. Ari Sulistyo tgl 21 Juli 2020.jpg', 100, '2020-07-22 05:42:26', '2020-07-22 09:20:16'),
(48, 144, '2013-12-08', '2020-07-21', '2020-07-21', 'IJIN KEPERLUAN KELUARGA (KELUARGA MENINGGAL)', 'JL. SAWENTAR NO. 11 SURABAYA', '085769700152', 1, 145, 37, '1595404963_S. Izin an. Yanuar tgl 21 Juli 2020.jpg', 144, '2020-07-22 07:24:00', '2020-07-22 08:02:43'),
(49, 57, '1995-04-04', '2020-07-22', '2020-07-22', 'sakit Flue ( batuk, pusing, demam )', 'Dinoyo Sekolahan', '08999290427', 1, 72, 37, '1595488682_S. Izin Anggraini tgl 22 Jul 2020.pdf', 57, '2020-07-23 02:17:47', '2020-07-23 07:18:02'),
(50, 57, '1995-04-04', '2020-07-08', '2020-07-08', 'sakit Flue ( batuk, pusing, demam )', 'dinoyo sekolahan 4', '08999290427', 1, 72, 37, '1595488670_S. Izin Anggraini tgl 8 Jul 2020.pdf', 57, '2020-07-23 02:24:26', '2020-07-23 07:17:50'),
(51, 57, '1995-04-04', '2020-07-11', '2020-07-11', 'sakit Flue ( batuk, pusing, demam )', 'dinoyo sekolahan', '08999290427', 1, 72, 37, '1595488660_S. IZin Anggraini tgl 11 jul 2020.pdf', 57, '2020-07-23 02:35:41', '2020-07-23 07:17:40'),
(52, 46, '2018-08-01', '2020-08-10', '2020-08-10', 'Kepentingan Keluarga', 'Jatipurwo gg 4a no 16', '085784196965', 1, 43, 41, '1595574803_S. Izin an. Indah Agustin Rahayu tgl 10 Agst 2020.jpg', 46, '2020-07-23 04:39:57', '2020-07-24 07:13:23'),
(53, 74, '0001-01-01', '2020-07-13', '2020-07-13', 'Tidak melampirkan surat sakit', 'Kalijudan - Surabaya', '081259282800', 1, 75, 71, '1595562787_S. izin an. Okta Wirawan tgl 13 Jul 2020.jpg', 66, '2020-07-23 07:32:07', '2020-07-24 03:53:07'),
(54, 186, '0001-01-01', '2020-07-21', '2020-07-21', 'Saudara meninggal dunia', 'Gresik', '085815595253', 1, 173, 74, '1595925382_S. Izin an. Ahmad Fahmi tgl 21 Jul 2020.pdf', 66, '2020-07-23 07:35:19', '2020-07-28 08:36:22'),
(55, 132, '2020-03-02', '2020-07-23', '2020-07-23', 'mengurus surat2 kendaraan', 'Dupak IV/67, Bubutan- Surabaya', '082334737663', 1, 131, 124, '1595567383_CUTI FIKRI.pdf', 132, '2020-07-24 05:06:21', '2020-07-24 05:09:43'),
(56, 134, '2016-04-01', '2020-07-23', '2020-07-23', 'Sakit', 'Jl. Roomo gang 2 Rt.006 Rw. 002 , Manyar- Gresik', '0895632335235', 1, 125, 124, '1595827126_S. Izin an. Rima Fatwa tgl 23 Juli 2020.jpg', 134, '2020-07-24 07:46:37', '2020-07-27 05:18:46'),
(57, 101, '2014-06-16', '2020-07-24', '2020-07-24', 'IJIN KEPERLUAN KELUARGA (SAUDARA MENINGGAL)', 'JL. PUTRO AGUNG III NO. 37-E, SURABAYA', '087818323737', 1, 108, 73, '1595834357_S. Izin an. Nella Eko tgl 24 Juli 2020.pdf', 101, '2020-07-27 01:33:35', '2020-07-27 07:19:17'),
(58, 100, '1996-11-01', '2020-07-24', '2020-07-24', 'orang tua sakit', 'Jl.Petemon  v/64 Surabaya', '085102104765', 1, 140, 73, '1595827208_S. Izin an. Prihatin Ningsih tgl 24 Juli 2020.jpg', 100, '2020-07-27 01:42:21', '2020-07-27 05:20:08'),
(59, 60, '2017-02-09', '2020-07-24', '2020-07-24', 'istirahat karena sakit', 'Jl. Semampir Selatan Va No. 1a', '089607458537', 1, 45, 41, '1595833262_S. Izin an. septiana Pranawati tgl 24 jul 2020.jpg', 60, '2020-07-27 05:11:39', '2020-07-27 07:01:02'),
(60, 71, '0001-01-01', '2020-07-23', '2020-07-23', 'Tidak melampirkan surat sakit', 'Sidotopo - Surabaya', '082132189183', 1, 75, 74, '1595925371_S. Izin an. Gatot Soepriadi tgl 23 Jul 2020.pdf', 66, '2020-07-27 08:50:08', '2020-07-28 08:36:11'),
(61, 157, '2018-12-10', '2020-07-27', '2020-07-27', 'IBU SAKIT', 'RUNGKUT LOR 5 NO.40 SURABAYA', '08385565889', 1, 159, 147, '1596078947_S. Izin an. Emy Darmayanti tgl 27 Juli 2020.pdf', 157, '2020-07-29 01:48:02', '2020-07-30 03:15:47'),
(63, 43, '2016-06-23', '2020-07-27', '2020-07-27', 'jaga anak sakit', 'Jl. Lebak Jaya V Utara Rawasan Kav B-11 No. 36 Surabaya', '085746600610', 1, 46, 41, '1596079677_S. Izin an. Exti Lusiani tgl 27 Jul 2020.jpg', 43, '2020-07-29 02:08:35', '2020-07-30 03:27:57'),
(64, 138, '2016-09-01', '2020-08-14', '2020-08-14', 'Acara pernikahan saudara', 'Jl. Raya Gadungan Karanganyar RT 37/RW 15 Kec. Poncokusumo', '081703944564', 1, 88, 57, '1596689388_S. Izin an. Yulia Wulandari tgl 14 Agst\'20.jpg', 138, '2020-07-30 07:57:01', '2020-08-06 04:49:48'),
(65, 175, '2016-10-03', '2020-08-14', '2020-08-14', 'Acara pernikahan saudara', 'Jl. Gadungan Karanganyar RT/37 RW 15 Kec. Poncokusumo', '089630804669', 1, 116, 115, '1596689350_S. Izin an. M Dimas Fithroh tgl 14 Agst\'20.jpg', 175, '2020-07-30 08:19:34', '2020-08-06 04:49:10'),
(67, 171, '0001-01-01', '2020-08-05', '2020-08-05', 'Izin jaga ibu sakit', 'Sidoarjo', '081386693338', 1, 170, 75, '1598347785_S. Izin an. Yudha Satriya tgl 5 Agst 2020.pdf', 66, '2020-08-06 02:32:21', '2020-08-25 09:29:45'),
(68, 158, '2012-01-01', '2020-07-16', '2020-07-16', 'SAKIT', 'JASEM RT 12/RW 2,SIDOARJO', '081332061610', 1, 147, 57, NULL, 147, '2020-08-06 04:54:43', '2020-08-06 05:00:30'),
(69, 158, '2012-01-01', '2020-07-21', '2020-07-21', 'SAKIT', 'JASEM RT 12/RW 02,SIDOARJO', '081332061610', 1, 147, 57, NULL, 147, '2020-08-06 04:56:54', '2020-08-06 05:00:43'),
(70, 158, '2012-01-01', '2020-07-24', '2020-07-24', 'SAKIT', 'JASEM RT 12/RW 02,SIDOARJO', '081332061610', 1, 147, 57, NULL, 147, '2020-08-06 04:58:10', '2020-08-06 05:02:06'),
(71, 47, '2010-05-01', '2020-08-05', '2020-08-05', 'Keperluan Keluarga', 'Jl. Kebonsari Gg VII No 49 Surabaya', '087851117475', 1, 43, 41, '1596704760_S. Izin an. Fia Artamila tgl 5 Agst\'20.pdf', 47, '2020-08-06 05:20:46', '2020-08-06 09:06:00'),
(72, 122, '2017-03-01', '2020-08-05', '2020-08-05', 'Mengurus STR Perawat', 'sikatan 2 no 29', '089686089039', 1, 117, 117, NULL, 117, '2020-08-06 09:49:36', '2020-08-06 09:49:36'),
(73, 58, '2017-10-01', '2020-08-06', '2020-08-06', 'anak sakit', 'keputih 2a no 6 surabaya', '083857177676', 1, 78, 66, '1597223649_S. Izin an. Indah rahmawati tgl 6 Agst 2020.pdf', 58, '2020-08-07 03:04:18', '2020-08-12 09:14:09'),
(74, 189, '0001-01-01', '2020-08-10', '2020-08-10', 'Tidak melampirkan surat sakit', 'Surabaya', '089677417817', 1, 190, 76, '1597294525_S. izin an. feby Dwita D tgl 10 Agst 2020.pdf', 66, '2020-08-11 03:33:41', '2020-08-13 04:55:25'),
(75, 40, '2016-09-01', '2020-08-05', '2020-08-05', 'Melayat Saudara meninggal dunia', 'Jl. Bubutan V no.8A', '085649563312', 1, 48, 37, '1597131864_S. Izin an. Kristia Budi Utomo tgl 5 Agst 2020.pdf', 40, '2020-08-11 04:04:01', '2020-08-11 07:44:24'),
(76, 74, '0001-01-01', '2020-08-06', '2020-08-06', 'Izin Keperluan Keluarga', 'Kalijudan - Surabaya', '081259282800', 1, 75, 71, '1597294516_S. Izin an. Okta Wirawan tgl 6 Agst 2020.pdf', 66, '2020-08-12 09:36:56', '2020-08-13 04:55:16'),
(77, 71, '0001-01-01', '2020-08-06', '2020-08-06', 'Tidak melampirkan surat dokter', 'Situbondo - Surabaya', '082132189183', 1, 75, 52, '1597294504_S. izin an. Gatot Soepriadi tgl 6 Agst 2020.pdf', 66, '2020-08-12 09:39:03', '2020-08-13 04:55:04'),
(78, 94, '2015-04-09', '2020-08-03', '2020-08-03', 'sakit tidak ada surat dokter', 'Jombang', '085736195343', 1, 95, 73, '1597312708_S. Izin an. Sleman tgl 3 Agst 2020.pdf', 94, '2020-08-13 04:57:44', '2020-08-13 09:58:28'),
(79, 126, '2013-07-01', '2020-09-14', '2020-11-14', 'Cuti melahirkan', 'Jl. sidonipah VII/29, Surabaya', '081259617350', 3, 72, 37, '1597735376_Formulir cuti ifa-teken lengkap.pdf', 126, '2020-08-14 03:37:09', '2020-08-18 07:22:56'),
(80, 46, '2018-08-01', '2020-08-13', '2020-08-13', 'Kepentingan Keluarga', 'Jatipurwo gg 4 no 16', '085784196965', 1, 43, 41, '1597394871_S. izin an. Indah Agustin R tgl 13 Agst 2020.pdf', 46, '2020-08-14 03:37:50', '2020-08-14 08:47:51'),
(81, 38, '2015-08-03', '2020-08-21', '2020-08-21', 'Orang Tua meninggal', 'Perum Pondok Jati Blok I no.6 Sidoarjo', '081295859310', 1, 50, 41, '1598242342_S. izin an. Witarnoko tgl 21 Agst 2020.pdf', 38, '2020-08-24 01:57:09', '2020-08-24 04:12:22'),
(82, 77, '0001-01-01', '2020-08-12', '2020-08-12', 'Mengurus SIM', 'Mojokerto', '081234706314', 1, 190, 76, '1598240298_S. izin an. Andy Dwi Lunggono tgl 12 Agst 2020.pdf', 66, '2020-08-24 01:58:23', '2020-08-24 03:38:18'),
(83, 188, '0001-01-01', '2020-08-14', '2020-08-14', 'Tidak melampirkan surat sakit', 'Malang', '087871157867', 1, 174, 74, '1598325020_S. Izin an. Iqbal Arya Sena tgl 14 Agst 2020.pdf', 66, '2020-08-24 02:07:48', '2020-08-25 03:10:20'),
(84, 126, '2013-07-01', '2020-08-21', '2020-08-21', 'saudara meninggal dunia', 'perum alam juanda', '081259617350', 1, 72, 37, '1598325008_S. Izin an. Latifah tgl 21 Agst 2020.pdf', 126, '2020-08-24 04:31:37', '2020-08-25 03:10:08'),
(85, 101, '2014-06-16', '2020-08-24', '2020-08-24', 'IJIN KEPERLUAN KELUARGA (ANAK SAKIT)', 'Jl. Putro Agung III No. 37 - E, Surabaya', '087818323737', 1, 108, 73, '1598324997_S. Izin an. Nella Eko S tgl 24 Agst 2020.pdf', 101, '2020-08-25 01:41:28', '2020-08-25 03:09:57'),
(86, 193, '2010-04-05', '2020-08-18', '2020-08-18', 'Menunggu Ibu Mertua Opname', 'jalan Makmur no 13 Sedati, Gedangan SIDOARJO', '082257573524', 1, 197, 197, NULL, 193, '2020-08-25 02:57:08', '2020-08-25 02:57:08'),
(87, 117, '2013-07-06', '2020-08-18', '2020-08-18', 'Keperluan keluarga', 'Sidoarjo', '087856616509', 1, 122, 52, NULL, 55, '2020-08-25 09:45:19', '2020-08-25 09:45:19'),
(91, 147, '2014-06-02', '2020-08-07', '2020-08-07', 'Sakit tidak ada surat dokter', 'Surabaya', '-', 1, 158, 57, '1598427789_Formulir Cuti 91.pdf', 55, '2020-08-26 07:03:33', '2020-08-26 07:43:09'),
(92, 158, '2012-01-01', '2020-08-25', '2020-08-25', 'MENGURUS PERPANJANGAN SIM', 'SIDOARJO', '-', 1, 147, 57, '1598428013_Formulir Cuti 92.pdf', 147, '2020-08-26 07:44:53', '2020-08-26 07:46:53'),
(93, 151, '2016-01-01', '2020-08-03', '2020-08-03', 'SAKIT TIDAK ADA  SURAT DOKTER', 'SIDOARJO', '-', 1, 161, 57, '1598508067_S. Izin an. M. Rizky tgl 3 Agst 2020.pdf', 147, '2020-08-26 07:49:02', '2020-08-27 06:01:07'),
(94, 85, '2015-06-08', '2020-08-25', '2020-08-25', 'Sakit Tanpa Surat Dr.', 'Surabaya', '081234028834', 1, 92, 52, '1598429724_S. Izin an. Heru Royce Sabara tgl 25 Agst 2020.pdf', 85, '2020-08-26 08:00:25', '2020-08-26 08:15:24'),
(95, 98, '2011-03-21', '2020-08-25', '2020-08-25', 'ada keperluan keluarga', 'sidoarjo', '085733025100', 1, 99, 73, '1598430180_S. Izin an. Ari Sulistyo tgl 25 Agst 2020.pdf', 98, '2020-08-26 08:03:48', '2020-08-26 08:23:00'),
(96, 160, '2010-01-01', '2020-08-03', '2020-08-03', 'SAKIT TIDAK ADA SURAT DOKTER', 'SURABAYA', '-', 1, 162, 57, '1598508055_S. izin an. Mardika Raning tgl 3 Agst 2020.pdf', 147, '2020-08-26 08:29:36', '2020-08-27 06:00:55'),
(97, 160, '2010-01-01', '2020-08-07', '2020-08-07', 'SAKIT TIDAK ADA SURAT DOKTER', 'SURABAYA', '-', 1, 162, 57, '1598508046_S. izin an. Mardika Raning tgl 7 Agst 2020.pdf', 147, '2020-08-26 08:55:46', '2020-08-27 06:00:46'),
(98, 114, '2018-08-01', '2020-08-26', '2020-08-26', 'Keperluan Keluarga', 'Surabaya', '082257247870', 1, 107, 85, '1598495764_S. izin an. Hamada Putra tgl 26 Agst 2020.jpg', 114, '2020-08-27 01:39:47', '2020-08-27 02:36:04'),
(100, 199, '1994-04-01', '2020-08-27', '2020-08-27', 'Sakit', 'Jl. Baratajaya V Barat No. 11 Surabaya', '081515953634', 1, 197, 115, '1598857106_S. Izin an. Chusnul Choironi tgl 27 Agst 2020.pdf', 199, '2020-08-28 09:15:48', '2020-08-31 06:58:26'),
(101, 184, '0001-01-01', '2020-08-25', '2020-08-25', 'Izin Keperluan Keluarga', 'Surabaya', '085334842421', 1, 170, 75, '1598857096_S. Izin an. Fajar Zahirul Alam tgl 25 Agst 2020.pdf', 66, '2020-08-28 09:16:27', '2020-08-31 06:58:16'),
(102, 51, '2013-12-02', '2020-09-23', '2020-09-23', 'Keperluan keluarga', 'Jl. Petemon 4 no. 34 Surabaya', '082140750088', 1, 45, 41, NULL, 51, '2020-08-31 02:54:19', '2020-08-31 02:54:19'),
(103, 108, '2017-09-02', '2020-08-27', '2020-08-28', 'IJIN KEPERLUAN KELUARGA (ANAK SAKIT)', 'Jl. Bubutan V No. 86, Surabaya', '087854620900', 1, 101, 57, '1598857502_S. Izin an. Eka Yuniar R tgl 27-28agst 2020.pdf', 108, '2020-08-31 06:22:53', '2020-08-31 07:05:02');

-- --------------------------------------------------------

--
-- Struktur dari tabel `hrd_izin`
--

CREATE TABLE `hrd_izin` (
  `id` int(10) UNSIGNED NOT NULL,
  `tanggal` date DEFAULT NULL,
  `karyawan_id` int(10) UNSIGNED DEFAULT NULL,
  `keperluan` smallint(6) DEFAULT NULL,
  `jam_masuk` time DEFAULT NULL,
  `jam_keluar` time DEFAULT NULL,
  `keterangan` text COLLATE utf8mb4_unicode_ci DEFAULT NULL,
  `nama_tujuan` varchar(191) COLLATE utf8mb4_unicode_ci DEFAULT NULL,
  `up_tujuan` varchar(191) COLLATE utf8mb4_unicode_ci DEFAULT NULL,
  `tujuan_kunjungan` text COLLATE utf8mb4_unicode_ci DEFAULT NULL,
  `informasi_tambahan` text COLLATE utf8mb4_unicode_ci DEFAULT NULL,
  `upload_file` varchar(255) COLLATE utf8mb4_unicode_ci DEFAULT NULL,
  `created_by` int(10) UNSIGNED DEFAULT NULL,
  `created_at` timestamp NULL DEFAULT NULL,
  `updated_at` timestamp NULL DEFAULT NULL
) ENGINE=InnoDB DEFAULT CHARSET=utf8mb4 COLLATE=utf8mb4_unicode_ci;

--
-- Dumping data untuk tabel `hrd_izin`
--

INSERT INTO `hrd_izin` (`id`, `tanggal`, `karyawan_id`, `keperluan`, `jam_masuk`, `jam_keluar`, `keterangan`, `nama_tujuan`, `up_tujuan`, `tujuan_kunjungan`, `informasi_tambahan`, `upload_file`, `created_by`, `created_at`, `updated_at`) VALUES
(24, '2020-06-15', 16, 3, '08:19:00', NULL, 'Ban Bocor', NULL, NULL, NULL, NULL, '1592290387_b4d4f9fceb691d46642d73446c20c76d_creative-happy-birthday-fonts-vector_550-253.jpeg', 16, '2020-06-16 04:29:47', '2020-06-16 06:53:07'),
(26, '2020-06-26', 48, 4, NULL, '15:00:00', 'Izin keperluan keluarga', NULL, NULL, NULL, NULL, '1594286299_S. Izin plg awal an. Nuzulul Mas\'ud tgl 26 Juni 2020.pdf', 48, '2020-06-24 07:14:53', '2020-07-09 09:18:19'),
(27, '2020-06-27', 132, 3, '08:23:00', NULL, 'Ban Motor Bocor', NULL, NULL, NULL, NULL, '1593224645_Formulir Izin Fikri.pdf', 124, '2020-06-27 02:12:27', '2020-06-27 02:24:05'),
(28, '2020-06-27', 147, 1, '13:00:00', '09:00:00', NULL, 'PT.SINAR RODA UTAMA (KANTOR MOESTOFO)', 'BAPAK MARNO DAN IBU ANGGRAINI', 'MEETING DENGAN BPK MARNO PERIHAL KM.DAN BERTEMU DENGAN IBU ANGGRAINI PERIHAL CEKLIST PEKERJAAN', NULL, '1594263694_S. Izin datang ke kantor an. Ratna Ariyanti tgl 27 Juni 2020.jpeg', 147, '2020-06-27 04:20:49', '2020-07-09 03:01:34'),
(29, '2020-06-29', 144, 4, NULL, '10:30:00', 'ada keluarga meninggal dunia', NULL, NULL, NULL, NULL, '1594367443_S. izin plg awal an. Yanuar  tgl 29 Juni 2020.pdf', 144, '2020-06-29 03:29:24', '2020-07-10 07:50:43'),
(30, '2020-06-29', 126, 3, '12:10:00', NULL, 'Periksa kandungan ke puskesmas', NULL, NULL, NULL, NULL, '1597806870_Formulir Izin telat JULI ifa- teken lengkap.pdf', 126, '2020-06-29 04:43:10', '2020-08-19 03:14:30'),
(31, '2020-06-29', 139, 4, NULL, '12:00:00', 'Tidak enak badan', NULL, NULL, NULL, NULL, '1593479668_Form_Izin_Shinwan.pdf', 124, '2020-06-30 00:57:56', '2020-06-30 01:14:28'),
(32, '2020-06-30', 99, 2, '00:00:00', '15:00:00', 'Antar anak ke Faskes', NULL, NULL, NULL, NULL, '1594286312_S. Izin plg awal an. Aris F tgl 30 Juni 2020.pdf', 99, '2020-06-30 08:17:29', '2020-07-09 09:18:32'),
(33, '2020-06-24', 94, 2, '00:00:00', '16:00:00', 'Ambil Sim A di Jombang', NULL, NULL, NULL, NULL, '1594283164_S. Izin plg awal an. Sleman tgl 24 Juni 2020.pdf', 94, '2020-07-01 06:25:15', '2020-07-09 08:26:04'),
(34, '2020-07-03', 145, 4, NULL, '08:57:00', 'SAKIT PANAS DAN BATUK', NULL, NULL, NULL, NULL, '1594283214_S. Izin plg awal an. vanny Kurniawanto tgl 3 Juli 2020.pdf', 83, '2020-07-03 01:50:50', '2020-07-09 08:26:54'),
(36, '2020-07-03', 39, 4, NULL, '12:00:00', 'agak demam, gejela flu', NULL, NULL, NULL, NULL, '1594281181_S. Izin pulang awal an. Andrew Antonio tgl 3 Juli 2020.jpg', 39, '2020-07-03 05:07:18', '2020-07-09 07:53:01'),
(37, '2020-07-03', 76, 3, '08:20:00', NULL, 'Terlambat bangun', NULL, NULL, NULL, NULL, '1594283192_S. Izin datang terlambat an. Isnin Tri tgl 3 Juli 2020.pdf', 76, '2020-07-03 07:12:15', '2020-07-09 08:26:32'),
(38, '2020-07-01', 139, 4, NULL, '09:10:00', 'Sakit', NULL, NULL, NULL, NULL, '1594107425_Form_Izin_Pak Shinwan.pdf', 139, '2020-07-07 07:33:48', '2020-07-07 07:37:05'),
(39, '2020-07-11', 97, 3, '08:51:00', NULL, 'keperluan keluarga', NULL, NULL, NULL, NULL, '1594435619_S. Izin terlambat an. E Putri Tgl 11 Juli 2020.jpg', 97, '2020-07-11 02:05:04', '2020-07-11 02:46:59'),
(41, '2020-07-11', 76, 3, '08:21:00', NULL, 'Terlambat bangun', NULL, NULL, NULL, NULL, '1594624924_S. Izin terlambat an. Isnin Tri tgl 11 Juli 2020.jpg', 66, '2020-07-11 03:56:45', '2020-07-13 07:22:04'),
(42, '2020-07-09', 120, 3, '08:37:00', NULL, 'Ban Bocor', NULL, NULL, NULL, NULL, '1594634231_Form_Izin_42.pdf', 120, '2020-07-13 09:49:05', '2020-07-13 09:57:11'),
(43, '2020-07-16', 56, 3, '10:12:00', NULL, 'Periksa ke Dokter', NULL, NULL, NULL, NULL, NULL, 55, '2020-07-16 03:50:47', '2020-07-16 03:50:47'),
(44, '2020-07-17', 144, 4, NULL, '09:00:00', 'Sakit kurang enak badan', NULL, NULL, NULL, NULL, '1595227547_S. izin pulang awal an. yanuar tgl 17 Jul 2020.jpg', 55, '2020-07-20 05:22:57', '2020-07-20 06:45:47'),
(46, '2020-07-04', 202, 4, NULL, '11:00:00', 'Ijin pulang awal, keperluan keluarga', NULL, NULL, NULL, NULL, '1595578833_S. Pulang awal an. Adam Aziz tgl 4 Jul 2020.jpg', 202, '2020-07-24 06:43:26', '2020-07-24 08:20:33'),
(47, '2020-07-09', 202, 3, '08:35:00', NULL, 'terlambat datang, dikarenakan kendala ban motor', NULL, NULL, NULL, NULL, '1595578819_S. izin terlambat an. Adam Aziz tgl 9 Juli 2020.jpg', 202, '2020-07-24 06:46:09', '2020-07-24 08:20:19'),
(49, '2020-07-03', 109, 3, '08:20:00', NULL, 'mencari tambal ban karena ban motor bocor', NULL, NULL, NULL, NULL, NULL, 109, '2020-07-30 03:59:18', '2020-07-30 03:59:18'),
(50, '2020-08-05', 147, 2, '00:00:00', '16:00:00', 'ke dokter', NULL, NULL, NULL, NULL, '1596704729_S. Izin plg awal an. Ratna Ariyanti tgl 5 Agst\'20.pdf', 147, '2020-08-05 08:58:36', '2020-08-06 09:05:29'),
(51, '2020-08-07', 97, 3, '08:15:00', NULL, 'keperluan keluarga', NULL, NULL, NULL, NULL, '1596775587_S. terlambat an. E. Patricia E. Putri tgl 7 Agst\'20.pdf', 97, '2020-08-07 01:32:18', '2020-08-07 04:46:27'),
(52, '2020-08-04', 120, 3, '08:40:00', NULL, 'Sepeda Motor Mogok', NULL, NULL, NULL, NULL, '1597394390_S. Izin terlambat Chandra W tgl 4 Agst 2020.pdf', 120, '2020-08-14 07:29:32', '2020-08-14 08:39:50'),
(53, '2020-07-08', 126, 3, '12:10:00', NULL, 'Periksa kandungan ke puskesmas', NULL, NULL, NULL, NULL, '1597818070_Formulir Izin telat JULI ifa- teken lengkap.pdf', 126, '2020-08-18 08:46:29', '2020-08-19 06:21:10'),
(54, '2020-08-10', 155, 3, '08:25:00', NULL, 'Ban bocor', NULL, NULL, NULL, NULL, '1598428699_S. izin datang terlambat an. Agus Nursalim tgl 10 Agst 2020.jpeg', 155, '2020-08-19 01:59:18', '2020-08-26 07:58:19'),
(55, '2020-08-19', 99, 1, '13:00:00', '10:00:00', NULL, 'BPJS Ketenagakerjaan', 'Customer Service', 'Email tidak Valid di BPJS Ketenagakerjaan', NULL, NULL, 99, '2020-08-19 03:18:57', '2020-08-19 03:19:28'),
(56, '2020-08-11', 159, 3, '09:45:00', NULL, 'BAN BOCOR', NULL, NULL, NULL, NULL, '1598323902_S. Izin terlambat an. Dhimas Bintoro Bayuaji tgl 11 Agst 2020.pdf', 147, '2020-08-21 04:42:35', '2020-08-25 02:51:42'),
(58, '2020-08-24', 113, 4, NULL, '13:00:00', 'Keperluan Keluarga', NULL, NULL, NULL, NULL, '1598240276_S. izin pulang awal an. Anastasia Natallita tgl 24 Agst\'20.pdf', 113, '2020-08-24 01:38:47', '2020-08-24 03:37:56'),
(59, '2020-08-21', 95, 2, '00:00:00', '10:00:00', 'Ibu Meninggal', NULL, NULL, NULL, NULL, '1598254748_S. Izin pulang awal an. Sukoyono tgl 21 Agst 2020.pdf', 95, '2020-08-24 03:11:51', '2020-08-24 07:39:08'),
(60, '2020-08-24', 78, 4, NULL, '15:30:00', 'tidak enak badan (diare)', NULL, NULL, NULL, NULL, '1598422850_S. Izin pulang awal an. Hazhiyah Nur Amalina tgl 24 Agst 2020.pdf', 65, '2020-08-24 06:27:47', '2020-08-26 06:20:50'),
(61, '2020-08-04', 202, 3, '08:36:00', NULL, 'Ijin terlambat, masalah kendaraan mogok', NULL, NULL, NULL, NULL, '1598509414_IJIN ADAM.jpg', 202, '2020-08-26 07:36:25', '2020-08-27 06:23:34');

-- --------------------------------------------------------

--
-- Struktur dari tabel `hrd_sakit`
--

CREATE TABLE `hrd_sakit` (
  `id` int(10) UNSIGNED NOT NULL,
  `karyawan_id` int(10) UNSIGNED DEFAULT NULL,
  `tanggal_awal` date DEFAULT NULL,
  `tanggal_akhir` date DEFAULT NULL,
  `tanggal_masuk` date DEFAULT NULL,
  `upload_file` varchar(255) COLLATE utf8mb4_unicode_ci DEFAULT NULL,
  `created_by` int(10) UNSIGNED DEFAULT NULL,
  `created_at` timestamp NULL DEFAULT NULL,
  `updated_at` timestamp NULL DEFAULT NULL
) ENGINE=InnoDB DEFAULT CHARSET=utf8mb4 COLLATE=utf8mb4_unicode_ci;

--
-- Dumping data untuk tabel `hrd_sakit`
--

INSERT INTO `hrd_sakit` (`id`, `karyawan_id`, `tanggal_awal`, `tanggal_akhir`, `tanggal_masuk`, `upload_file`, `created_by`, `created_at`, `updated_at`) VALUES
(8, 101, '2020-06-15', '2020-06-15', '2020-06-16', '1594263959_S. Sakit an. Nella Eko tgl 15 Juni 2020.pdf', 101, '2020-06-16 10:04:39', '2020-07-09 03:05:59'),
(9, 84, '2020-06-16', '2020-06-16', '2020-06-17', '1594367292_S. Sakit an. Antika Fitri tgl 16 Juni 2020.pdf', 84, '2020-06-17 02:16:08', '2020-07-10 07:48:12'),
(10, 40, '2020-06-19', '2020-06-19', '2020-06-20', '1592621295_20200620121445.pdf', 40, '2020-06-20 02:15:08', '2020-06-20 02:48:15'),
(11, 138, '2020-06-26', '2020-06-26', '2020-06-27', '1594361228_S. Sakit an. Yulia Wulandari tgl 26 Juni 2020.pdf', 138, '2020-06-27 03:25:10', '2020-07-10 06:07:08'),
(12, 147, '2020-06-30', '2020-07-01', '2020-07-20', '1594263563_S. Sakit an. Ratna Ariyanti tgl 30 Juni - 1juli 2020.jpeg', 147, '2020-07-02 05:38:48', '2020-07-09 02:59:23'),
(13, 49, '2020-07-02', '2020-07-02', '2020-07-06', '1594263622_S. Sakit an. hariyati tgl 2 Juli 2020.jpeg', 49, '2020-07-06 01:47:51', '2020-07-09 03:00:22'),
(14, 145, '2020-07-04', '2020-07-04', '2020-07-06', '1594283088_S. Sakit An. Vanny Kurniwanto tgl 4 Juli 2020.pdf', 145, '2020-07-06 01:51:43', '2020-07-09 08:24:48'),
(17, 131, '2020-07-06', '2020-07-06', '2020-07-07', '1594266538_S. Sakit an. Didik Kurniawan tgl 6 Juli 2020.pdf', 131, '2020-07-07 07:59:20', '2020-07-09 03:48:58'),
(18, 107, '2020-07-07', '2020-07-07', '2020-08-07', '1594176356_IMG_20200708_094222.jpg', 107, '2020-07-08 02:37:42', '2020-07-08 02:45:56'),
(19, 86, '2020-07-03', '2020-07-04', '2020-07-06', '1594281016_S. Sakit an. Suhariyanto tgl 3-4 Juli 2020.jpg', 86, '2020-07-08 04:43:13', '2020-07-09 07:50:16'),
(20, 16, '2020-07-07', '2020-07-09', '2020-07-10', '1594369708_S. Sakit an. Liztrianto Pujo Hardhiko tgl 7-9 Juli 2020.pdf', 16, '2020-07-10 02:58:49', '2020-07-10 08:28:28'),
(21, 122, '2020-06-24', '2020-06-25', '2020-06-26', '1594364533_S. Sakit an. Yohanes Felix tgl 24-25 Juni 2020.pdf', 55, '2020-07-10 06:58:35', '2020-07-10 07:02:13'),
(22, 99, '2020-07-09', '2020-07-09', '2020-07-10', '1594366668_S. Sakit an. Aris Firmansyah tgl 9 Juli 2020.jpg', 100, '2020-07-10 07:01:51', '2020-07-10 07:37:48'),
(23, 80, '2020-07-07', '2020-07-09', '2020-07-10', '1594443469_S. Sakit an. Agustin Megawati tgl 7-9 Juli 2020.jpeg1.jpg', 80, '2020-07-11 01:42:31', '2020-07-11 04:57:49'),
(24, 171, '2020-07-07', '2020-07-08', '2020-07-09', '1594443485_S. Sakit an. Yudha Satriya tgl 7-8 Juli 2020.jpg', 66, '2020-07-11 01:43:43', '2020-07-11 04:58:05'),
(25, 57, '2020-07-03', '2020-07-03', '2020-07-13', '1594623175_S. Sakit an. Anggraini tgl 3 juli 2020.jpeg', 57, '2020-07-13 01:17:31', '2020-07-13 06:52:55'),
(26, 197, '2020-07-09', '2020-07-09', '2020-07-10', '1594622925_S. Sakit an. Tri Wijaksono tgl 9 Juli 2020.jpg', 197, '2020-07-13 03:35:28', '2020-07-13 06:48:45'),
(27, 57, '2020-07-06', '2020-07-07', '2020-07-13', '1594623207_S. Sakit an. Anggraini tgl 6-7 Juli 2020.jpeg', 55, '2020-07-13 06:51:08', '2020-07-13 06:53:27'),
(28, 57, '2020-07-09', '2020-07-10', '2020-07-13', '1594623386_S. Sakit an. Anggraini tgl 9-10 Juli 2020.jpeg', 55, '2020-07-13 06:51:35', '2020-07-13 06:56:26'),
(29, 104, '2020-07-08', '2020-07-09', '2020-07-14', '1594714820_S. Sakit an. Mutmainah tgl 8-9 Jul 2020.jpg', 104, '2020-07-14 03:33:24', '2020-07-14 08:20:20'),
(30, 104, '2020-07-11', '2020-07-11', '2020-07-14', '1594714809_S. Sakit an. Mutmainah tgl 11 Juli 2020.jpg', 104, '2020-07-14 03:33:49', '2020-07-14 08:20:09'),
(31, 72, '2020-07-15', '2020-07-16', '2020-07-20', '1595222080_S. Sakit an. Sepbrina Eka Rahmawati tgl 15-16 Juli 2020.pdf', 72, '2020-07-20 02:05:08', '2020-07-20 05:14:40'),
(32, 58, '2020-07-17', '2020-07-21', '2020-07-22', '1595562741_S. Sakit an. Indah Rahmawati tgl 17-21 Jul 2020.jpg', 58, '2020-07-22 04:18:45', '2020-07-24 03:52:21'),
(33, 80, '2020-07-21', '2020-07-21', '2020-07-22', '1595481124_S. Sakit an. Agustin Megawati tgl 21 Jul 2020.jpg', 80, '2020-07-23 01:48:15', '2020-07-23 05:12:04'),
(34, 57, '2020-07-04', '2020-07-04', '2020-07-13', '1595489118_S. Izin an. Anggraini tgl 4 Jul 2020.pdf', 57, '2020-07-23 01:54:41', '2020-07-23 07:25:18'),
(35, 134, '2020-07-22', '2020-07-22', '2020-07-24', '1595827228_S. Sakit an. Rima Fatwa tgl 22 Juli 2020.jpg', 134, '2020-07-24 08:09:24', '2020-07-27 05:20:28'),
(36, 60, '2020-07-23', '2020-07-23', '2020-07-27', '1595833221_S. Sakit an. septiana Pranawati tgl 23 Jul 2020.jpg', 60, '2020-07-27 05:05:18', '2020-07-27 07:00:21'),
(37, 45, '2020-07-29', '2020-07-30', '2020-08-03', '1596605432_S. Sakit an. Thohiriyah tgl 29 - 30 Juli\'20.jpg', 45, '2020-08-03 07:40:45', '2020-08-05 05:30:32'),
(38, 102, '2020-08-03', '2020-08-03', '2020-08-04', '1596616143_S. Sakit an. MAsykur tgl 3 Agst\'20.jpg', 78, '2020-08-04 08:04:41', '2020-08-05 08:29:03'),
(39, 127, '2020-07-28', '2020-07-28', '2020-07-29', '1596689329_S. Sakit an. Sugianto tgl 28 Jul 2020.jpg', 127, '2020-08-05 03:22:40', '2020-08-06 04:48:49'),
(40, 164, '2020-08-05', '2020-08-05', '2020-08-06', '1596692984_S. Sakit an. Nur Hidayat tgl 5-7 Agst\'20.jpeg', 147, '2020-08-05 09:01:00', '2020-08-06 05:49:44'),
(41, 150, '2020-08-04', '2020-08-04', '2020-08-05', '1596690411_S. Sakit an. Rendra  tgl 4 Agst\'20.jpeg', 147, '2020-08-05 09:01:39', '2020-08-06 05:06:51'),
(43, 158, '2020-07-20', '2020-07-20', '2012-01-01', '1596692999_S. Sakit an. Arif Firmansyah tgl 20 Jul 2020.jpeg', 147, '2020-08-06 04:59:09', '2020-08-06 05:49:59'),
(44, 158, '2020-07-22', '2020-07-23', '2012-01-01', '1596693192_S. Sakit an. Arif Firmansyah Tgl 22-23Jul\'20.jpeg', 147, '2020-08-06 04:59:44', '2020-08-06 05:53:12'),
(45, 145, '2020-08-07', '2020-08-07', '2020-08-10', '1597223598_S. Sakit an. Vanny Kurniawanto tgl 7 Agst 2020.pdf', 145, '2020-08-10 01:54:09', '2020-08-12 09:13:18'),
(46, 175, '2020-08-10', '2020-08-12', '2020-08-13', '1597223631_S. Sakit an. M. Dimas Fithroh tgl 10-12 Agst 2020.pdf', 175, '2020-08-12 09:05:51', '2020-08-12 09:13:51'),
(47, 51, '2020-08-10', '2020-08-11', '2020-08-12', '1597294547_S. Sakit an. Vidiya Asmaul Husnah tgl 10-11 Agst 2020.pdf', 51, '2020-08-12 09:11:45', '2020-08-13 04:55:47'),
(48, 198, '2020-08-03', '2020-08-14', '2007-08-03', '1597394481_S. Sakit an. Ardian Tjahyatama tgl 3-14 Agst\'20.jpeg', 55, '2020-08-14 08:41:08', '2020-08-14 08:41:21'),
(49, 126, '2020-07-13', '2020-07-15', '2020-07-16', '1597820376_S. Sakit an. Latifah tgl 13-15Juli 2020.pdf', 126, '2020-08-18 08:39:50', '2020-08-19 06:59:36'),
(50, 58, '2020-08-18', '2020-08-19', '2020-08-24', '1598492341_p993.pdf', 66, '2020-08-24 06:59:30', '2020-08-27 01:39:01'),
(51, 208, '2020-08-18', '2020-08-19', '2020-08-24', '1598492795_SAKIT WAHYUDI.pdf', 66, '2020-08-24 09:14:15', '2020-08-27 01:46:35'),
(52, 160, '2020-08-04', '2020-08-06', '2020-08-10', '1598425094_S. Sakit an. Mardika Raning tgl 4-6 Agst\'20.jpeg', 55, '2020-08-26 06:57:53', '2020-08-26 06:58:14'),
(53, 160, '2020-08-04', '2020-08-06', '2020-08-10', '1598515489_S. Sakit an. Mardika Raning tgl 4-6 Agst\'20.jpeg', 147, '2020-08-26 08:58:32', '2020-08-27 08:04:49'),
(54, 198, '2020-08-18', '2020-08-28', '2020-08-31', '1598596220_S. Sakit an. Ardhian Tjahyatama tgl 18 - 28 Agst 2020.jpeg', 55, '2020-08-28 06:29:39', '2020-08-28 06:30:20'),
(56, 155, '2020-08-31', '2020-08-31', '2020-09-01', NULL, 159, '2020-09-01 02:42:43', '2020-09-01 02:42:43');

-- --------------------------------------------------------

--
-- Struktur dari tabel `hrd_unpaid`
--

CREATE TABLE `hrd_unpaid` (
  `id` int(10) UNSIGNED NOT NULL,
  `karyawan_id` int(10) UNSIGNED DEFAULT NULL,
  `tanggal_masuk` date DEFAULT NULL,
  `divisi` varchar(191) COLLATE utf8mb4_unicode_ci DEFAULT NULL,
  `tanggal_awal` date DEFAULT NULL,
  `tanggal_akhir` date DEFAULT NULL,
  `alasan` varchar(191) COLLATE utf8mb4_unicode_ci DEFAULT '',
  `atasan_id` int(10) UNSIGNED DEFAULT NULL,
  `upload_file` varchar(255) COLLATE utf8mb4_unicode_ci DEFAULT NULL,
  `created_by` int(10) UNSIGNED DEFAULT NULL,
  `created_at` timestamp NULL DEFAULT NULL,
  `updated_at` timestamp NULL DEFAULT NULL
) ENGINE=InnoDB DEFAULT CHARSET=utf8mb4 COLLATE=utf8mb4_unicode_ci;

--
-- Dumping data untuk tabel `hrd_unpaid`
--

INSERT INTO `hrd_unpaid` (`id`, `karyawan_id`, `tanggal_masuk`, `divisi`, `tanggal_awal`, `tanggal_akhir`, `alasan`, `atasan_id`, `upload_file`, `created_by`, `created_at`, `updated_at`) VALUES
(5, 111, '2020-06-23', 'Marketing', '2020-06-22', '2020-06-22', 'Urusan Keluarga', 85, '1594263387_Unpaid Leave an. Ruth Eliezer Efrata tgl 22 Juni 2020.pdf', 111, '2020-06-26 03:43:14', '2020-07-09 02:56:27'),
(7, 103, '2020-07-13', 'General Affairs', '2020-07-11', '2020-07-11', 'Jaga Anak', 73, '1594624878_Unpaid Leave an. Rio Mochamad Aditya tgl 11 Juli 2020.jpeg', 103, '2020-07-13 01:44:37', '2020-07-13 07:21:18'),
(8, 76, '2020-07-28', 'TAM', '2020-07-27', '2020-07-27', 'Tidak melampirkan surat sakit', 71, '1595990979_Unpaid Leave an. Isnin Tri Iswanto tgl 27 Juli 2020.pdf', 66, '2020-07-28 02:47:21', '2020-07-29 02:49:39'),
(10, 111, '2020-07-30', 'Marketing', '2020-07-29', '2020-07-29', 'urusan keluarga mendesak', 85, '1596078610_Unpaid Leave an. Ruth Eliezer Efrata tgl 29 Jul 2020.pdf', 111, '2020-07-30 02:11:50', '2020-07-30 03:10:10'),
(11, 112, '2020-08-06', 'Marketing', '2020-08-05', '2020-08-05', 'anak sakit', 85, '1597312678_Unpaid Leave an. Maria Monika Wijaya tgl 5 Agst 2020.pdf', 112, '2020-08-13 08:19:01', '2020-08-13 09:57:58'),
(12, 111, '2020-08-18', 'Marketing', '2020-08-13', '2020-08-14', 'Anak Opname di RS', 85, '1597723519_Unpaid Leave an. Ruth Eliezer E tgl 13-14 Agst 2020.pdf', 111, '2020-08-18 01:57:53', '2020-08-18 04:05:19'),
(13, 103, '2019-07-05', 'Umum', '2020-08-14', '2020-08-14', 'Saudara Menikah', 73, '1597820727_Unpaid Leave an. Rio Mochamad Aditya tgl 14 Agustus 2020.jpg', 103, '2020-08-18 09:50:04', '2020-08-19 07:05:27'),
(14, 66, '2019-12-12', 'TAM', '2020-08-21', '2020-08-21', 'Izin Keperluan Keluarga', 71, '1598348418_Unpaid Leave an. Novi Ayu Rahmawati tgl 21 Agst 2020.pdf', 66, '2020-08-24 06:11:19', '2020-08-25 09:40:18'),
(15, 78, '2020-08-26', 'DCQA', '2020-08-21', '2020-08-21', 'Izin sakit tanpa surat dokter', 71, '1598422976_Unpaid Leave an. Hazhiyah Nur Amalina tgl 21 Agst 2020.jpg', 65, '2020-08-24 06:32:44', '2020-08-26 06:22:56'),
(16, 208, '2020-08-24', 'TAM', '2020-08-21', '2020-08-21', 'Tidak melampirkan surat dokter', 74, '1598500276_Unpaid Leave an. Wahyudi Ridho Alfian tgl 21 Agst 2020.pdf', 66, '2020-08-24 09:30:14', '2020-08-27 03:51:16'),
(17, 78, '2020-08-26', 'TAM', '2020-08-25', '2020-08-25', 'Izin Sakit tanpa Surat Dokter', 71, '1598422928_Unpaid Leave an. Hazhiyah Nur Amalina tgl 25 Agst 2020.jpg', 65, '2020-08-26 01:39:44', '2020-08-26 06:22:08'),
(18, 58, '2017-10-02', 'ADMIN TEKNISI', '2020-08-21', '2020-08-21', 'SAKIT (kembali ke RS ambil hasil cek darah)', 71, '1598500254_Unpaid Leave an. Indah Rahmawati tgl 21 Agst 2020.pdf', 58, '2020-08-26 07:59:42', '2020-08-27 03:50:54');

-- --------------------------------------------------------

--
-- Struktur dari tabel `jenis_arsip`
--

CREATE TABLE `jenis_arsip` (
  `id` int(10) UNSIGNED NOT NULL,
  `jenis_arsip` varchar(191) COLLATE utf8mb4_unicode_ci DEFAULT NULL,
  `dept_id` int(10) UNSIGNED DEFAULT NULL,
  `status` smallint(1) DEFAULT 1,
  `created_by` int(10) UNSIGNED DEFAULT NULL,
  `created_at` timestamp NULL DEFAULT NULL,
  `updated_at` timestamp NULL DEFAULT NULL
) ENGINE=InnoDB DEFAULT CHARSET=utf8mb4 COLLATE=utf8mb4_unicode_ci;

--
-- Dumping data untuk tabel `jenis_arsip`
--

INSERT INTO `jenis_arsip` (`id`, `jenis_arsip`, `dept_id`, `status`, `created_by`, `created_at`, `updated_at`) VALUES
(6, 'Pengajuan Perbaikan', 1, 1, 1, '2020-03-03 09:11:25', '2020-03-03 09:11:25'),
(7, 'Pengajuan Pengadaan', 1, 1, 1, '2020-03-03 09:11:36', '2020-03-03 09:11:36'),
(10, 'PENGAJUAN DANA', 12, 1, 43, '2020-03-09 03:57:49', '2020-03-13 03:31:03'),
(14, 'VOUCHER KAS', 12, 1, 43, '2020-03-13 03:34:01', '2020-03-13 03:34:01'),
(15, 'VOUCHER BANK', 12, 1, 43, '2020-03-13 03:34:16', '2020-03-13 03:34:16'),
(16, 'PENGAJUAN KAS', 12, 1, 43, '2020-03-13 03:34:51', '2020-03-13 03:34:51'),
(17, 'LRRPP', 11, 1, 38, '2020-03-18 04:32:10', '2020-03-18 04:32:10'),
(18, 'KONFIRMASI SALDO PIUTANG', 11, 1, 38, '2020-03-18 04:32:57', '2020-03-18 04:32:57'),
(19, 'COMPANY PROFILE', 11, 1, 38, '2020-03-18 04:34:04', '2020-03-18 04:34:04'),
(20, 'IZIN EDAR', 11, 1, 38, '2020-03-18 04:36:19', '2020-03-18 04:36:19'),
(21, 'SURAT PENANGGUHAN PEMBAYARAN CUSTOMER', 11, 1, 38, '2020-03-18 04:41:18', '2020-03-18 04:41:18'),
(22, 'SURAT BALASAN KONFIRMASI HUTANG', 11, 1, 38, '2020-03-18 04:45:42', '2020-03-18 04:45:42'),
(23, 'KSO', 11, 1, 38, '2020-03-18 05:22:14', '2020-03-18 05:22:14'),
(24, 'MSDS', 11, 1, 38, '2020-03-18 07:34:33', '2020-03-18 07:34:33'),
(25, 'KONTRAK KATALOG', 11, 1, 38, '2020-03-18 08:32:10', '2020-03-18 08:32:10'),
(26, 'COO', 11, 1, 38, '2020-03-18 10:13:10', '2020-03-18 10:13:10'),
(27, 'BERKAS CUST', 11, 1, 38, '2020-03-30 08:16:22', '2020-03-30 08:16:22'),
(28, 'FORM PERJALANAN DINAS', 11, 1, 38, '2020-03-30 08:39:33', '2020-03-30 08:39:33'),
(29, 'FORM KARTU KUNJUNGAN KOLEKTOR', 11, 1, 38, '2020-03-30 08:48:19', '2020-03-30 08:48:19'),
(30, 'FORM LAPORAN RENCANA DAN REALISASI PENAGIHAN PIUTANG', 11, 1, 38, '2020-03-30 09:05:39', '2020-03-30 09:05:39'),
(31, 'HRD', 11, 1, 38, '2020-03-30 09:20:44', '2020-03-30 09:20:44'),
(32, 'PROPOSAL', 1, 1, 40, '2020-04-16 04:22:05', '2020-04-16 04:22:05'),
(33, 'GENERAL JOURNALS', 12, 1, 60, '2020-04-24 07:32:26', '2020-04-24 07:32:26'),
(35, 'SURAT', 1, 1, 62, '2020-06-11 07:21:47', '2020-06-11 07:21:47'),
(36, 'Surat eksternal rs', 1, 1, 62, '2020-06-11 07:28:08', '2020-06-11 07:28:08'),
(38, 'Pengajuan Ke MIS', 1, 1, 84, '2020-06-22 08:26:47', '2020-06-22 08:26:47'),
(39, 'STNK KENDARAAN', 4, 1, 100, '2020-07-02 04:03:30', '2020-07-02 04:03:30'),
(40, 'sertifikat', 4, 1, 100, '2020-07-03 03:20:17', '2020-07-03 03:20:17'),
(41, 'FAKTUR PAJAK', 12, 1, 51, '2020-07-27 02:18:30', '2020-07-27 02:18:30'),
(42, 'REKENING KORAN', 12, 1, 60, '2020-08-03 02:44:35', '2020-08-03 02:44:35');

-- --------------------------------------------------------

--
-- Struktur dari tabel `jenis_permintaan`
--

CREATE TABLE `jenis_permintaan` (
  `id` int(10) UNSIGNED NOT NULL,
  `kode` varchar(191) COLLATE utf8mb4_unicode_ci NOT NULL,
  `spesifikasi` varchar(191) COLLATE utf8mb4_unicode_ci NOT NULL,
  `status` smallint(6) NOT NULL,
  `created_at` timestamp NULL DEFAULT NULL,
  `updated_at` timestamp NULL DEFAULT NULL
) ENGINE=InnoDB DEFAULT CHARSET=utf8mb4 COLLATE=utf8mb4_unicode_ci;

--
-- Dumping data untuk tabel `jenis_permintaan`
--

INSERT INTO `jenis_permintaan` (`id`, `kode`, `spesifikasi`, `status`, `created_at`, `updated_at`) VALUES
(2, 'Hardware', 'Desktop', 1, '2020-02-14 08:19:19', '2020-02-14 08:19:19'),
(3, 'Consumables', 'Konektor RJ 45', 1, '2020-02-14 08:20:01', '2020-02-14 08:20:01'),
(4, 'Hardware', 'Printer', 1, '2020-02-14 08:20:17', '2020-02-14 08:20:17'),
(5, 'Email', 'Email Perusahaan', 1, '2020-05-14 01:52:09', '2020-05-14 01:52:09'),
(6, 'Hardware', 'Router', 1, '2020-07-29 08:43:17', '2020-07-29 08:43:17'),
(7, 'Hardware', 'Pesawat Telepon', 1, '2020-07-29 08:43:48', '2020-07-29 08:44:49'),
(8, 'Hardware', 'Projector', 1, '2020-07-29 08:45:06', '2020-07-29 08:45:06'),
(9, 'Hardware', 'Laptop', 1, '2020-07-29 08:45:28', '2020-07-29 08:45:28'),
(10, 'Hardware', 'Scanner', 1, '2020-08-05 07:49:46', '2020-08-05 07:49:46'),
(11, 'Consumables', 'Kabel UTP / LAN', 1, '2020-08-06 03:48:41', '2020-08-06 03:48:41');

-- --------------------------------------------------------

--
-- Struktur dari tabel `kategori_hd`
--

CREATE TABLE `kategori_hd` (
  `id` int(10) UNSIGNED NOT NULL,
  `kategori` varchar(191) COLLATE utf8mb4_unicode_ci NOT NULL,
  `status` tinyint(4) NOT NULL DEFAULT 1,
  `created_at` timestamp NULL DEFAULT NULL,
  `updated_at` timestamp NULL DEFAULT NULL
) ENGINE=InnoDB DEFAULT CHARSET=utf8mb4 COLLATE=utf8mb4_unicode_ci;

--
-- Dumping data untuk tabel `kategori_hd`
--

INSERT INTO `kategori_hd` (`id`, `kategori`, `status`, `created_at`, `updated_at`) VALUES
(1, 'Proposal', 1, '2020-02-19 02:42:43', '2020-02-19 02:42:53'),
(3, 'Pengajuan Dana', 1, '2020-02-19 02:43:14', '2020-02-19 02:43:14');

-- --------------------------------------------------------

--
-- Struktur dari tabel `kategori_nhd`
--

CREATE TABLE `kategori_nhd` (
  `id` int(10) UNSIGNED NOT NULL,
  `kategori` varchar(191) COLLATE utf8mb4_unicode_ci NOT NULL,
  `status` tinyint(4) NOT NULL DEFAULT 1,
  `created_at` timestamp NULL DEFAULT NULL,
  `updated_at` timestamp NULL DEFAULT NULL
) ENGINE=InnoDB DEFAULT CHARSET=utf8mb4 COLLATE=utf8mb4_unicode_ci;

--
-- Dumping data untuk tabel `kategori_nhd`
--

INSERT INTO `kategori_nhd` (`id`, `kategori`, `status`, `created_at`, `updated_at`) VALUES
(3, 'ID BAND', 1, '2020-08-18 04:37:34', '2020-08-18 04:45:26'),
(4, 'DISPOSIMBLE', 1, '2020-08-18 04:47:20', '2020-08-18 04:47:20');

-- --------------------------------------------------------

--
-- Struktur dari tabel `maintenance_cctv`
--

CREATE TABLE `maintenance_cctv` (
  `id` int(10) UNSIGNED NOT NULL,
  `no_document` varchar(191) COLLATE utf8mb4_unicode_ci NOT NULL,
  `nama_server` varchar(191) COLLATE utf8mb4_unicode_ci NOT NULL,
  `lokasi` varchar(191) COLLATE utf8mb4_unicode_ci NOT NULL,
  `officer_id` int(10) UNSIGNED DEFAULT NULL,
  `tanggal` date NOT NULL,
  `status` smallint(6) NOT NULL,
  `catatan` varchar(191) COLLATE utf8mb4_unicode_ci DEFAULT NULL,
  `status1` smallint(6) NOT NULL,
  `tindakan1` varchar(191) COLLATE utf8mb4_unicode_ci DEFAULT NULL,
  `status2` smallint(6) NOT NULL,
  `tindakan2` varchar(191) COLLATE utf8mb4_unicode_ci DEFAULT NULL,
  `status3` smallint(6) NOT NULL,
  `tindakan3` varchar(191) COLLATE utf8mb4_unicode_ci DEFAULT NULL,
  `status4` smallint(6) NOT NULL,
  `tindakan4` varchar(191) COLLATE utf8mb4_unicode_ci DEFAULT NULL,
  `status5` smallint(6) NOT NULL,
  `tindakan5` varchar(191) COLLATE utf8mb4_unicode_ci DEFAULT NULL,
  `status6` smallint(6) NOT NULL,
  `tindakan6` varchar(191) COLLATE utf8mb4_unicode_ci DEFAULT NULL,
  `status7` smallint(6) NOT NULL,
  `tindakan7` varchar(191) COLLATE utf8mb4_unicode_ci DEFAULT NULL,
  `status8` smallint(6) NOT NULL,
  `tindakan8` varchar(191) COLLATE utf8mb4_unicode_ci DEFAULT NULL,
  `status9` smallint(6) NOT NULL,
  `tindakan9` varchar(191) COLLATE utf8mb4_unicode_ci DEFAULT NULL,
  `status10` smallint(6) NOT NULL,
  `tindakan10` varchar(191) COLLATE utf8mb4_unicode_ci DEFAULT NULL,
  `created_at` timestamp NULL DEFAULT NULL,
  `updated_at` timestamp NULL DEFAULT NULL
) ENGINE=InnoDB DEFAULT CHARSET=utf8mb4 COLLATE=utf8mb4_unicode_ci;

--
-- Dumping data untuk tabel `maintenance_cctv`
--

INSERT INTO `maintenance_cctv` (`id`, `no_document`, `nama_server`, `lokasi`, `officer_id`, `tanggal`, `status`, `catatan`, `status1`, `tindakan1`, `status2`, `tindakan2`, `status3`, `tindakan3`, `status4`, `tindakan4`, `status5`, `tindakan5`, `status6`, `tindakan6`, `status7`, `tindakan7`, `status8`, `tindakan8`, `status9`, `tindakan9`, `status10`, `tindakan10`, `created_at`, `updated_at`) VALUES
(1, 'MT-CCTV/2020/II/0001', 'NVR Gudang Kedinding', 'Gudang SRU Kedinding Surabaya', 39, '2020-02-10', 2, 'TES', 1, 'tes', 1, NULL, 1, NULL, 1, NULL, 1, NULL, 1, NULL, 1, NULL, 1, NULL, 1, NULL, 1, NULL, '2020-02-10 07:32:49', '2020-02-19 02:39:25'),
(2, 'MT-CCTV/2020/III/0002', 'DVR Kedinding', 'gudang kedinding', 40, '2020-03-10', 1, NULL, 1, NULL, 1, NULL, 1, NULL, 1, NULL, 1, NULL, 1, NULL, 1, NULL, 1, NULL, 1, NULL, 1, NULL, '2020-03-16 08:02:15', '2020-03-16 08:02:15'),
(3, 'MT-CCTV/2020/III/0003', 'DVR Kedinding', 'gudang kedinding', 40, '2020-03-12', 1, 'tes2', 1, NULL, 1, NULL, 1, NULL, 1, NULL, 1, NULL, 1, NULL, 1, NULL, 1, NULL, 1, NULL, 1, NULL, '2020-03-16 08:10:43', '2020-03-16 08:10:43');

-- --------------------------------------------------------

--
-- Struktur dari tabel `migrations`
--

CREATE TABLE `migrations` (
  `id` int(10) UNSIGNED NOT NULL,
  `migration` varchar(191) COLLATE utf8mb4_unicode_ci NOT NULL,
  `batch` int(11) NOT NULL
) ENGINE=InnoDB DEFAULT CHARSET=utf8mb4 COLLATE=utf8mb4_unicode_ci;

--
-- Dumping data untuk tabel `migrations`
--

INSERT INTO `migrations` (`id`, `migration`, `batch`) VALUES
(1, '2014_10_12_000000_create_users_table', 1),
(2, '2014_10_12_100000_create_password_resets_table', 1),
(3, '2015_10_05_013915_create_permission_tables', 1),
(7, '2019_10_05_012713_create_departemens_table', 1),
(8, '2019_10_05_013006_create_cabangs_table', 1),
(23, '2020_02_06_124948_create_tujuan_eksternals_table', 2),
(24, '2020_02_06_134932_create_surat_eksternals_table', 2),
(25, '2020_02_07_103136_create_no_eksternals_table', 3),
(26, '2020_02_10_090803_create_jenis__permintaans_table', 4),
(27, '2020_02_10_103858_create_pengadaans_table', 4),
(28, '2020_02_10_103859_create_perbaikans_table', 4),
(29, '2020_02_10_134542_create_maintenance_cctvs_table', 5),
(30, '2020_02_11_143032_create_tujuan__h_d_s_table', 6),
(31, '2020_02_11_143124_create_kategori__h_d_s_table', 6),
(32, '2020_02_11_144025_create_kategori__n_h_d_s_table', 6),
(33, '2020_02_11_144047_create_tujuan__n_h_d_s_table', 6),
(35, '2020_02_11_144111_create_surat__h_d_s_table', 6),
(36, '2020_02_11_144110_create_surat__n_h_d_s_table', 7),
(37, '2020_02_22_100241_create_customers_table', 8),
(38, '2020_02_22_100607_create_tandaterimas_table', 8),
(39, '2020_02_22_101809_create_tandaterima_fakturs_table', 8),
(40, '2020_03_03_084449_create_jenis_arsips_table', 9),
(41, '2020_03_03_084820_create_arsips_table', 9),
(42, '2020_03_10_114920_create_tujuans_table', 10),
(43, '2020_03_10_133204_create_surat_tugas_table', 10),
(44, '2020_03_11_094920_create_surat__tujuans_table', 10),
(45, '2020_03_11_095020_create_surat__pegawais_table', 10),
(46, '2020_03_12_112449_create_surat__tugas__tanggals_table', 11),
(47, '2020_03_19_152600_create_form__izins_table', 12),
(48, '2020_03_19_152617_create_form__sakits_table', 12),
(49, '2020_03_19_152644_create_form__cutis_table', 12),
(50, '2020_03_19_152705_create_form__cuti__details_table', 12),
(51, '2020_03_19_152722_create_form__unpaids_table', 12),
(52, '2020_04_03_104627_create_ba__gudangs_table', 13),
(53, '2020_04_03_104759_create_ba__gudang__barangs_table', 13),
(54, '2020_04_03_134816_create_ba__gudangs_table', 14),
(55, '2020_04_03_134834_create_ba__gudang__barangs_table', 14),
(56, '2020_04_15_131817_create_divisis_table', 15),
(57, '2020_04_15_131855_create_events_table', 15),
(58, '2020_04_15_131924_create_event__absens_table', 15),
(59, '2020_04_15_131943_create_event__depts_table', 15),
(60, '2020_04_28_101330_create_notulens_table', 16),
(61, '2020_04_28_101531_create_notulen__details_table', 16),
(62, '2020_05_12_102859_create_programs_table', 17),
(63, '2020_06_19_101630_create_kategoris_table', 18),
(64, '2020_06_19_110344_create_news_table', 18);

-- --------------------------------------------------------

--
-- Struktur dari tabel `model_has_permissions`
--

CREATE TABLE `model_has_permissions` (
  `permission_id` int(10) UNSIGNED NOT NULL,
  `model_type` varchar(191) COLLATE utf8mb4_unicode_ci NOT NULL,
  `model_id` bigint(20) UNSIGNED NOT NULL
) ENGINE=InnoDB DEFAULT CHARSET=utf8mb4 COLLATE=utf8mb4_unicode_ci;

--
-- Dumping data untuk tabel `model_has_permissions`
--

INSERT INTO `model_has_permissions` (`permission_id`, `model_type`, `model_id`) VALUES
(12, 'App\\User', 39),
(15, 'App\\User', 37),
(19, 'App\\User', 37),
(20, 'App\\User', 37),
(26, 'App\\User', 37),
(26, 'App\\User', 39),
(27, 'App\\User', 37),
(27, 'App\\User', 39),
(29, 'App\\User', 16),
(29, 'App\\User', 37),
(30, 'App\\User', 37),
(32, 'App\\User', 37),
(32, 'App\\User', 126),
(33, 'App\\User', 37),
(34, 'App\\User', 37),
(35, 'App\\User', 37),
(35, 'App\\User', 39),
(37, 'App\\User', 37),
(37, 'App\\User', 39),
(38, 'App\\User', 37),
(39, 'App\\User', 37),
(41, 'App\\User', 16),
(41, 'App\\User', 37),
(41, 'App\\User', 62),
(42, 'App\\User', 16),
(42, 'App\\User', 37),
(43, 'App\\User', 37),
(44, 'App\\User', 37),
(45, 'App\\User', 37),
(46, 'App\\User', 37),
(47, 'App\\User', 37),
(49, 'App\\User', 37),
(50, 'App\\User', 39),
(50, 'App\\User', 48);

-- --------------------------------------------------------

--
-- Struktur dari tabel `model_has_roles`
--

CREATE TABLE `model_has_roles` (
  `role_id` int(10) UNSIGNED NOT NULL,
  `model_type` varchar(191) COLLATE utf8mb4_unicode_ci NOT NULL,
  `model_id` bigint(20) UNSIGNED NOT NULL
) ENGINE=InnoDB DEFAULT CHARSET=utf8mb4 COLLATE=utf8mb4_unicode_ci;

--
-- Dumping data untuk tabel `model_has_roles`
--

INSERT INTO `model_has_roles` (`role_id`, `model_type`, `model_id`) VALUES
(1, 'App\\User', 1),
(1, 'App\\User', 30),
(1, 'App\\User', 40),
(1, 'App\\User', 48),
(1, 'App\\User', 204),
(3, 'App\\User', 30),
(3, 'App\\User', 35),
(3, 'App\\User', 37),
(3, 'App\\User', 38),
(3, 'App\\User', 39),
(3, 'App\\User', 40),
(3, 'App\\User', 41),
(3, 'App\\User', 43),
(3, 'App\\User', 44),
(3, 'App\\User', 45),
(3, 'App\\User', 46),
(3, 'App\\User', 47),
(3, 'App\\User', 49),
(3, 'App\\User', 50),
(3, 'App\\User', 51),
(3, 'App\\User', 52),
(3, 'App\\User', 55),
(3, 'App\\User', 56),
(3, 'App\\User', 57),
(3, 'App\\User', 58),
(3, 'App\\User', 60),
(3, 'App\\User', 62),
(3, 'App\\User', 65),
(3, 'App\\User', 66),
(3, 'App\\User', 71),
(3, 'App\\User', 72),
(3, 'App\\User', 73),
(3, 'App\\User', 74),
(3, 'App\\User', 75),
(3, 'App\\User', 76),
(3, 'App\\User', 77),
(3, 'App\\User', 78),
(3, 'App\\User', 79),
(3, 'App\\User', 80),
(3, 'App\\User', 81),
(3, 'App\\User', 82),
(3, 'App\\User', 83),
(3, 'App\\User', 84),
(3, 'App\\User', 85),
(3, 'App\\User', 86),
(3, 'App\\User', 87),
(3, 'App\\User', 88),
(3, 'App\\User', 89),
(3, 'App\\User', 90),
(3, 'App\\User', 91),
(3, 'App\\User', 92),
(3, 'App\\User', 93),
(3, 'App\\User', 94),
(3, 'App\\User', 95),
(3, 'App\\User', 96),
(3, 'App\\User', 97),
(3, 'App\\User', 98),
(3, 'App\\User', 99),
(3, 'App\\User', 100),
(3, 'App\\User', 101),
(3, 'App\\User', 102),
(3, 'App\\User', 103),
(3, 'App\\User', 104),
(3, 'App\\User', 105),
(3, 'App\\User', 107),
(3, 'App\\User', 108),
(3, 'App\\User', 109),
(3, 'App\\User', 111),
(3, 'App\\User', 112),
(3, 'App\\User', 113),
(3, 'App\\User', 114),
(3, 'App\\User', 115),
(3, 'App\\User', 116),
(3, 'App\\User', 117),
(3, 'App\\User', 118),
(3, 'App\\User', 119),
(3, 'App\\User', 120),
(3, 'App\\User', 121),
(3, 'App\\User', 122),
(3, 'App\\User', 123),
(3, 'App\\User', 124),
(3, 'App\\User', 125),
(3, 'App\\User', 126),
(3, 'App\\User', 127),
(3, 'App\\User', 128),
(3, 'App\\User', 129),
(3, 'App\\User', 130),
(3, 'App\\User', 131),
(3, 'App\\User', 132),
(3, 'App\\User', 133),
(3, 'App\\User', 134),
(3, 'App\\User', 135),
(3, 'App\\User', 136),
(3, 'App\\User', 137),
(3, 'App\\User', 138),
(3, 'App\\User', 139),
(3, 'App\\User', 140),
(3, 'App\\User', 141),
(3, 'App\\User', 142),
(3, 'App\\User', 143),
(3, 'App\\User', 144),
(3, 'App\\User', 145),
(3, 'App\\User', 146),
(3, 'App\\User', 147),
(3, 'App\\User', 148),
(3, 'App\\User', 149),
(3, 'App\\User', 150),
(3, 'App\\User', 151),
(3, 'App\\User', 152),
(3, 'App\\User', 153),
(3, 'App\\User', 154),
(3, 'App\\User', 155),
(3, 'App\\User', 156),
(3, 'App\\User', 157),
(3, 'App\\User', 158),
(3, 'App\\User', 159),
(3, 'App\\User', 160),
(3, 'App\\User', 161),
(3, 'App\\User', 162),
(3, 'App\\User', 163),
(3, 'App\\User', 164),
(3, 'App\\User', 166),
(3, 'App\\User', 167),
(3, 'App\\User', 169),
(3, 'App\\User', 170),
(3, 'App\\User', 171),
(3, 'App\\User', 172),
(3, 'App\\User', 173),
(3, 'App\\User', 174),
(3, 'App\\User', 175),
(3, 'App\\User', 176),
(3, 'App\\User', 177),
(3, 'App\\User', 178),
(3, 'App\\User', 179),
(3, 'App\\User', 180),
(3, 'App\\User', 181),
(3, 'App\\User', 182),
(3, 'App\\User', 183),
(3, 'App\\User', 184),
(3, 'App\\User', 185),
(3, 'App\\User', 186),
(3, 'App\\User', 187),
(3, 'App\\User', 188),
(3, 'App\\User', 189),
(3, 'App\\User', 190),
(3, 'App\\User', 191),
(3, 'App\\User', 192),
(3, 'App\\User', 193),
(3, 'App\\User', 194),
(3, 'App\\User', 195),
(3, 'App\\User', 196),
(3, 'App\\User', 197),
(3, 'App\\User', 198),
(3, 'App\\User', 199),
(3, 'App\\User', 200),
(3, 'App\\User', 201),
(3, 'App\\User', 202),
(3, 'App\\User', 203),
(3, 'App\\User', 204),
(3, 'App\\User', 205),
(3, 'App\\User', 206),
(3, 'App\\User', 207),
(3, 'App\\User', 208),
(3, 'App\\User', 209),
(3, 'App\\User', 210),
(3, 'App\\User', 211),
(3, 'App\\User', 212),
(3, 'App\\User', 213),
(8, 'App\\User', 37),
(8, 'App\\User', 38),
(8, 'App\\User', 39),
(8, 'App\\User', 40),
(8, 'App\\User', 41),
(8, 'App\\User', 45),
(8, 'App\\User', 50),
(8, 'App\\User', 52),
(8, 'App\\User', 57),
(8, 'App\\User', 71),
(8, 'App\\User', 73),
(8, 'App\\User', 74),
(8, 'App\\User', 75),
(8, 'App\\User', 76),
(8, 'App\\User', 85),
(8, 'App\\User', 115),
(8, 'App\\User', 117),
(8, 'App\\User', 120),
(8, 'App\\User', 124),
(8, 'App\\User', 147),
(8, 'App\\User', 166),
(8, 'App\\User', 169),
(8, 'App\\User', 197),
(8, 'App\\User', 199),
(8, 'App\\User', 203),
(8, 'App\\User', 207),
(9, 'App\\User', 16),
(9, 'App\\User', 40),
(9, 'App\\User', 48),
(10, 'App\\User', 55),
(11, 'App\\User', 85),
(11, 'App\\User', 92),
(11, 'App\\User', 93),
(11, 'App\\User', 97),
(11, 'App\\User', 107),
(11, 'App\\User', 111),
(11, 'App\\User', 112),
(11, 'App\\User', 113),
(11, 'App\\User', 120),
(11, 'App\\User', 135),
(11, 'App\\User', 137),
(11, 'App\\User', 166),
(11, 'App\\User', 169),
(11, 'App\\User', 203),
(12, 'App\\User', 88),
(12, 'App\\User', 115),
(12, 'App\\User', 166),
(12, 'App\\User', 169),
(12, 'App\\User', 197),
(12, 'App\\User', 198),
(12, 'App\\User', 199),
(12, 'App\\User', 202),
(13, 'App\\User', 40),
(13, 'App\\User', 57),
(13, 'App\\User', 58),
(13, 'App\\User', 62),
(13, 'App\\User', 65),
(13, 'App\\User', 72),
(13, 'App\\User', 83),
(13, 'App\\User', 89),
(13, 'App\\User', 90),
(13, 'App\\User', 91),
(13, 'App\\User', 109),
(13, 'App\\User', 124),
(13, 'App\\User', 125),
(13, 'App\\User', 127),
(13, 'App\\User', 128),
(13, 'App\\User', 130),
(13, 'App\\User', 131),
(13, 'App\\User', 132),
(13, 'App\\User', 133),
(13, 'App\\User', 134),
(13, 'App\\User', 136),
(13, 'App\\User', 139),
(13, 'App\\User', 140),
(13, 'App\\User', 141),
(13, 'App\\User', 142),
(13, 'App\\User', 143),
(13, 'App\\User', 144),
(13, 'App\\User', 145),
(13, 'App\\User', 146),
(13, 'App\\User', 147),
(13, 'App\\User', 148),
(13, 'App\\User', 149),
(13, 'App\\User', 150),
(13, 'App\\User', 151),
(13, 'App\\User', 152),
(13, 'App\\User', 153),
(13, 'App\\User', 154),
(13, 'App\\User', 155),
(13, 'App\\User', 156),
(13, 'App\\User', 157),
(13, 'App\\User', 158),
(13, 'App\\User', 159),
(13, 'App\\User', 161),
(13, 'App\\User', 162),
(13, 'App\\User', 163),
(13, 'App\\User', 164);

-- --------------------------------------------------------

--
-- Struktur dari tabel `m_cabang`
--

CREATE TABLE `m_cabang` (
  `id` int(10) UNSIGNED NOT NULL,
  `nama_cabang` varchar(191) COLLATE utf8mb4_unicode_ci NOT NULL,
  `kode_cabang` varchar(25) COLLATE utf8mb4_unicode_ci DEFAULT NULL,
  `status` smallint(6) NOT NULL DEFAULT 1,
  `created_at` timestamp NULL DEFAULT NULL,
  `updated_at` timestamp NULL DEFAULT NULL
) ENGINE=InnoDB DEFAULT CHARSET=utf8mb4 COLLATE=utf8mb4_unicode_ci;

--
-- Dumping data untuk tabel `m_cabang`
--

INSERT INTO `m_cabang` (`id`, `nama_cabang`, `kode_cabang`, `status`, `created_at`, `updated_at`) VALUES
(2, 'Surabaya', 'SBY', 1, '2019-10-18 09:15:51', '2019-10-18 09:15:55'),
(3, 'Bali', 'DPS', 1, '2020-01-29 02:10:05', '2020-01-28 20:53:14'),
(4, 'Makassar', 'MKS', 1, '2020-01-29 02:10:36', '2020-01-29 02:10:39');

-- --------------------------------------------------------

--
-- Struktur dari tabel `m_customer`
--

CREATE TABLE `m_customer` (
  `id` int(10) UNSIGNED NOT NULL,
  `nama_customer` varchar(191) COLLATE utf8mb4_unicode_ci DEFAULT NULL,
  `alamat` text COLLATE utf8mb4_unicode_ci DEFAULT NULL,
  `kota` varchar(50) COLLATE utf8mb4_unicode_ci DEFAULT NULL,
  `up` varchar(191) COLLATE utf8mb4_unicode_ci DEFAULT NULL,
  `va` varchar(191) COLLATE utf8mb4_unicode_ci DEFAULT NULL,
  `status` smallint(6) NOT NULL DEFAULT 1,
  `created_by` int(10) UNSIGNED DEFAULT NULL,
  `updated_by` int(10) UNSIGNED DEFAULT NULL,
  `created_at` timestamp NULL DEFAULT NULL,
  `updated_at` timestamp NULL DEFAULT NULL
) ENGINE=InnoDB DEFAULT CHARSET=utf8mb4 COLLATE=utf8mb4_unicode_ci;

--
-- Dumping data untuk tabel `m_customer`
--

INSERT INTO `m_customer` (`id`, `nama_customer`, `alamat`, `kota`, `up`, `va`, `status`, `created_by`, `updated_by`, `created_at`, `updated_at`) VALUES
(1, 'RSU SURYA HUSADHA', 'JL. Pulau Serangan No. 7', 'Dauh Puri Klod - Denpasar - BALI 80114', 'Kristia Budi', '9880039900233787', 1, 16, 16, '2020-02-24 02:58:05', '2020-02-24 02:58:08'),
(2, 'RSU BANGLI', 'JL. Brigjen Ngurah Rai  No.10', 'Kabupaten Bangli - BALI 80614', 'Liztrianto Pujo', '9880039900091521', 1, 37, 37, '2020-02-24 02:59:12', '2020-02-24 02:59:14'),
(3, 'RSU LEONA KUPANG', 'JL. Soverdi No.20 , Oebufu', 'Kupang - Nusa Tenggara Timur 85228', 'Antika Fitri Rosiana W', '9880039200840212', 1, 38, 38, '2020-02-24 03:00:30', '2020-02-24 03:00:32');

-- --------------------------------------------------------

--
-- Struktur dari tabel `m_departemen`
--

CREATE TABLE `m_departemen` (
  `id` int(10) UNSIGNED NOT NULL,
  `nama_departemen` varchar(191) COLLATE utf8mb4_unicode_ci NOT NULL,
  `kode_departemen` varchar(255) COLLATE utf8mb4_unicode_ci DEFAULT NULL,
  `status` smallint(6) NOT NULL DEFAULT 1,
  `created_at` timestamp NULL DEFAULT NULL,
  `updated_at` timestamp NULL DEFAULT NULL
) ENGINE=InnoDB DEFAULT CHARSET=utf8mb4 COLLATE=utf8mb4_unicode_ci;

--
-- Dumping data untuk tabel `m_departemen`
--

INSERT INTO `m_departemen` (`id`, `nama_departemen`, `kode_departemen`, `status`, `created_at`, `updated_at`) VALUES
(1, 'Information Technology Service', 'ITS', 1, '2019-10-18 20:26:52', '2019-10-18 20:26:52'),
(2, 'Supply Chain Management', 'SCM', 1, '2020-01-29 02:11:46', '2020-01-29 02:11:48'),
(3, 'Human Resource Departement', 'HRD', 1, '2020-01-29 02:15:46', '2020-01-29 02:15:49'),
(4, 'General Affair', 'GA', 1, '2020-01-29 02:16:00', '2020-01-28 19:49:10'),
(5, 'TAM', 'TAM', 1, '2020-01-29 02:18:10', '2020-01-29 02:18:12'),
(6, 'Marketing HD', 'HD', 1, '2020-01-29 02:19:15', '2020-03-10 03:37:27'),
(7, 'Marketing NHD', 'NHD', 1, '2020-01-29 02:20:22', '2020-03-10 03:37:39'),
(11, 'Collection', 'AR', 1, '2020-03-07 03:24:31', '2020-03-07 03:24:31'),
(12, 'Finance, Accounting & Tax', 'FAT', 1, '2020-03-07 03:53:25', '2020-03-20 04:04:34'),
(13, 'Management', 'MNG', 1, '2020-03-10 03:56:14', '2020-03-10 03:56:14'),
(14, 'Product Management & Promotion', 'PMM', 1, '2020-03-10 04:00:32', '2020-03-10 04:00:32');

-- --------------------------------------------------------

--
-- Struktur dari tabel `m_divisi`
--

CREATE TABLE `m_divisi` (
  `id` int(10) UNSIGNED NOT NULL,
  `nama_divisi` varchar(191) COLLATE utf8mb4_unicode_ci DEFAULT NULL,
  `status` smallint(6) NOT NULL DEFAULT 1,
  `created_at` timestamp NULL DEFAULT NULL,
  `updated_at` timestamp NULL DEFAULT NULL
) ENGINE=InnoDB DEFAULT CHARSET=utf8mb4 COLLATE=utf8mb4_unicode_ci;

--
-- Dumping data untuk tabel `m_divisi`
--

INSERT INTO `m_divisi` (`id`, `nama_divisi`, `status`, `created_at`, `updated_at`) VALUES
(1, 'ALL', 1, '2020-04-16 03:27:26', '2020-04-16 03:27:26'),
(2, 'HD Business', 1, '2020-04-16 03:28:02', '2020-04-16 03:28:02'),
(3, 'NHD Business', 1, '2020-04-16 03:28:52', '2020-04-16 03:28:52'),
(4, 'BSOD', 1, '2020-04-16 03:30:36', '2020-04-16 03:30:36'),
(5, 'Corporate Services', 1, '2020-04-16 03:30:49', '2020-04-16 03:30:49');

-- --------------------------------------------------------

--
-- Struktur dari tabel `news`
--

CREATE TABLE `news` (
  `id` int(10) UNSIGNED NOT NULL,
  `judul` varchar(191) COLLATE utf8mb4_unicode_ci DEFAULT NULL,
  `konten` text COLLATE utf8mb4_unicode_ci DEFAULT NULL,
  `kategori_id` int(10) UNSIGNED DEFAULT NULL,
  `created_by` int(10) UNSIGNED DEFAULT NULL,
  `updated_by` int(10) UNSIGNED DEFAULT NULL,
  `created_at` timestamp NULL DEFAULT NULL,
  `updated_at` timestamp NULL DEFAULT NULL
) ENGINE=InnoDB DEFAULT CHARSET=utf8mb4 COLLATE=utf8mb4_unicode_ci;

--
-- Dumping data untuk tabel `news`
--

INSERT INTO `news` (`id`, `judul`, `konten`, `kategori_id`, `created_by`, `updated_by`, `created_at`, `updated_at`) VALUES
(1, 'Libur Nasional', 'Pemberitahuan mengenai libur nasional pada Desember 2020 adalah sebagai berikut', 1, 48, 48, '2020-06-26 02:56:32', '2020-06-26 02:56:34'),
(3, 'TES', '<p>TES</p>\r\n\r\n<p><img alt=\"\" src=\"http://10.10.23.251/sirus/storage/photos/1/unnamed.jpg\" style=\"height:97px; width:300px\" /></p>', 1, 1, 1, '2020-07-08 03:57:43', '2020-07-08 03:57:43');

-- --------------------------------------------------------

--
-- Struktur dari tabel `news_kategori`
--

CREATE TABLE `news_kategori` (
  `id` int(10) UNSIGNED NOT NULL,
  `nama_kategori` varchar(191) COLLATE utf8mb4_unicode_ci DEFAULT NULL,
  `status` smallint(6) NOT NULL DEFAULT 1,
  `created_by` int(10) UNSIGNED DEFAULT NULL,
  `created_at` timestamp NULL DEFAULT NULL,
  `updated_at` timestamp NULL DEFAULT NULL
) ENGINE=InnoDB DEFAULT CHARSET=utf8mb4 COLLATE=utf8mb4_unicode_ci;

--
-- Dumping data untuk tabel `news_kategori`
--

INSERT INTO `news_kategori` (`id`, `nama_kategori`, `status`, `created_by`, `created_at`, `updated_at`) VALUES
(1, 'Pengumuman', 1, 48, '2020-06-26 02:06:59', '2020-06-26 02:06:59'),
(2, 'Tutorial', 1, 48, '2020-06-26 02:19:40', '2020-06-26 02:20:46');

-- --------------------------------------------------------

--
-- Struktur dari tabel `notulen`
--

CREATE TABLE `notulen` (
  `id` int(10) UNSIGNED NOT NULL,
  `event_id` int(10) UNSIGNED DEFAULT NULL,
  `divisi_id` int(10) UNSIGNED DEFAULT NULL,
  `kategori_1` tinyint(1) NOT NULL DEFAULT 0,
  `kategori_2` tinyint(1) NOT NULL DEFAULT 0,
  `kategori_3` tinyint(1) NOT NULL DEFAULT 0,
  `created_at` timestamp NULL DEFAULT NULL,
  `updated_at` timestamp NULL DEFAULT NULL
) ENGINE=InnoDB DEFAULT CHARSET=utf8mb4 COLLATE=utf8mb4_unicode_ci;

--
-- Dumping data untuk tabel `notulen`
--

INSERT INTO `notulen` (`id`, `event_id`, `divisi_id`, `kategori_1`, `kategori_2`, `kategori_3`, `created_at`, `updated_at`) VALUES
(3, 16, 1, 0, 0, 1, '2020-06-10 04:05:48', '2020-06-10 04:09:01'),
(4, 17, 2, 1, 0, 0, '2020-06-10 08:21:30', '2020-06-11 09:19:56'),
(5, 19, 2, 1, 0, 0, '2020-06-12 02:57:52', '2020-06-12 03:10:12'),
(7, 22, 2, 1, 0, 0, '2020-06-16 02:19:29', '2020-06-16 02:19:29'),
(9, 24, 2, 1, 0, 0, '2020-06-19 02:33:37', '2020-06-19 02:38:41'),
(10, 26, 2, 1, 1, 0, '2020-06-22 02:41:58', '2020-06-22 02:41:58'),
(11, 25, 5, 1, 0, 0, '2020-06-22 03:41:13', '2020-08-19 03:42:39'),
(12, 28, 5, 1, 0, 0, '2020-06-23 02:13:41', '2020-06-23 02:13:41'),
(13, 27, 5, 1, 0, 0, '2020-06-23 03:03:45', '2020-06-24 02:02:01'),
(14, 29, 5, 1, 0, 0, '2020-06-24 02:01:56', '2020-06-25 02:00:28'),
(15, 30, 5, 0, 0, 0, '2020-06-25 01:48:49', '2020-06-25 02:02:38'),
(16, 32, 5, 1, 0, 0, '2020-06-26 01:49:20', '2020-06-29 03:38:08'),
(17, 33, 2, 1, 0, 0, '2020-06-26 03:04:29', '2020-06-26 03:04:29'),
(18, 34, 5, 1, 0, 0, '2020-06-29 02:00:01', '2020-06-30 01:37:58'),
(19, 35, 2, 1, 1, 0, '2020-06-29 02:45:30', '2020-06-29 02:45:47'),
(20, 36, 5, 1, 0, 0, '2020-06-30 01:54:42', '2020-07-01 01:49:25'),
(21, 37, 5, 0, 0, 0, '2020-07-01 02:15:14', '2020-07-02 01:37:35'),
(22, 39, 5, 1, 0, 0, '2020-07-02 01:47:03', '2020-07-03 01:30:02'),
(23, 38, 5, 1, 0, 0, '2020-07-02 02:15:43', '2020-07-06 01:57:48'),
(24, 40, 4, 1, 0, 0, '2020-07-02 03:44:03', '2020-07-02 03:44:33'),
(25, 41, 5, 1, 0, 0, '2020-07-02 07:34:53', '2020-07-02 07:34:53'),
(26, 48, 5, 1, 0, 0, '2020-07-02 08:23:40', '2020-07-02 08:23:40'),
(27, 49, 4, 1, 0, 0, '2020-07-02 10:09:26', '2020-07-03 09:42:18'),
(28, 50, 5, 1, 0, 0, '2020-07-03 01:40:33', '2020-07-03 01:40:33'),
(29, 52, 5, 1, 0, 0, '2020-07-03 03:05:18', '2020-07-03 03:05:18'),
(30, 55, 5, 1, 0, 0, '2020-07-03 04:58:47', '2020-07-03 05:01:03'),
(31, 56, 4, 1, 0, 0, '2020-07-03 09:47:58', '2020-07-03 09:47:58'),
(32, 57, 5, 1, 0, 0, '2020-07-04 02:28:20', '2020-07-04 02:28:20'),
(33, 59, 4, 1, 0, 0, '2020-07-04 05:14:42', '2020-07-04 05:52:03'),
(34, 60, 5, 1, 0, 0, '2020-07-04 06:01:26', '2020-07-04 06:06:50'),
(35, 51, 5, 1, 0, 0, '2020-07-06 01:46:57', '2020-07-06 02:10:48'),
(36, 61, 5, 1, 0, 0, '2020-07-06 02:12:10', '2020-07-10 01:56:16'),
(37, 62, 5, 1, 0, 0, '2020-07-07 02:17:26', '2020-07-07 02:17:26'),
(38, 63, 5, 0, 0, 0, '2020-07-07 03:27:33', '2020-07-07 03:27:33'),
(39, 64, 4, 1, 0, 0, '2020-07-07 09:27:36', '2020-07-07 09:27:36'),
(40, 65, 4, 1, 0, 0, '2020-07-07 09:59:48', '2020-07-07 09:59:48'),
(41, 66, 5, 0, 0, 0, '2020-07-08 02:14:23', '2020-07-08 02:14:23'),
(42, 54, 4, 1, 0, 0, '2020-07-09 03:58:59', '2020-07-09 03:58:59'),
(43, 67, 5, 1, 0, 0, '2020-07-09 04:20:10', '2020-07-09 04:20:10'),
(44, 68, 5, 1, 0, 0, '2020-07-10 01:38:02', '2020-07-13 01:43:41'),
(45, 69, 5, 1, 0, 0, '2020-07-10 01:54:03', '2020-07-10 01:54:03'),
(46, 75, 5, 1, 0, 0, '2020-07-11 04:49:56', '2020-07-11 04:49:56'),
(47, 76, 5, 1, 0, 0, '2020-07-13 01:44:13', '2020-07-13 02:06:12'),
(48, 77, 5, 1, 0, 0, '2020-07-13 02:32:58', '2020-07-13 02:32:58'),
(49, 78, 4, 1, 0, 0, '2020-07-13 03:03:52', '2020-07-13 03:03:52'),
(50, 81, 4, 1, 0, 0, '2020-07-13 09:55:37', '2020-07-13 09:55:37'),
(51, 82, 5, 1, 0, 0, '2020-07-14 02:44:14', '2020-07-14 02:44:14'),
(52, 83, 4, 1, 0, 0, '2020-07-14 09:37:32', '2020-07-14 09:37:32'),
(53, 84, 5, 1, 0, 0, '2020-07-15 01:32:40', '2020-07-15 01:32:40'),
(54, 86, 5, 1, 0, 0, '2020-07-16 02:02:28', '2020-07-16 02:02:28'),
(55, 87, 5, 1, 0, 0, '2020-07-17 01:52:45', '2020-07-17 01:52:45'),
(56, 88, 5, 1, 0, 0, '2020-07-20 01:56:36', '2020-07-20 01:56:36'),
(57, 89, 4, 1, 0, 0, '2020-07-20 03:33:33', '2020-07-20 03:33:33'),
(58, 90, 5, 1, 0, 0, '2020-07-22 04:24:32', '2020-07-22 04:24:32'),
(59, 92, 5, 1, 0, 0, '2020-07-22 04:49:36', '2020-07-22 04:49:36'),
(60, 94, 5, 1, 0, 0, '2020-07-23 01:58:26', '2020-07-23 01:58:26'),
(61, 98, 5, 1, 0, 0, '2020-07-27 02:50:52', '2020-07-27 02:50:52'),
(62, 99, 4, 1, 0, 0, '2020-07-27 03:08:28', '2020-07-27 03:08:28'),
(63, 100, 5, 1, 0, 0, '2020-07-29 02:19:02', '2020-07-29 02:19:02'),
(64, 102, 5, 1, 0, 0, '2020-07-29 02:59:18', '2020-08-13 01:48:01'),
(65, 103, 5, 1, 0, 0, '2020-07-29 03:08:39', '2020-08-04 03:19:10'),
(66, 104, 5, 1, 0, 0, '2020-07-30 01:55:40', '2020-08-13 01:49:22'),
(67, 105, 5, 1, 0, 0, '2020-08-03 02:25:58', '2020-08-13 01:50:43'),
(68, 106, 4, 1, 0, 0, '2020-08-03 03:15:07', '2020-08-03 03:15:07'),
(69, 107, 5, 1, 0, 0, '2020-08-04 03:15:20', '2020-08-13 01:51:49'),
(70, 108, 5, 1, 1, 0, '2020-08-04 03:25:15', '2020-08-04 03:25:15'),
(71, 111, 5, 1, 0, 0, '2020-08-05 02:36:36', '2020-08-13 01:53:13'),
(72, 115, 5, 1, 0, 0, '2020-08-11 02:55:38', '2020-08-13 01:55:00'),
(73, 120, 5, 1, 0, 0, '2020-08-12 01:53:59', '2020-08-13 02:02:25'),
(74, 114, 4, 1, 0, 0, '2020-08-12 04:34:53', '2020-08-12 04:34:53'),
(75, 121, 4, 1, 0, 0, '2020-08-12 07:26:17', '2020-08-12 08:57:07'),
(76, 122, 5, 1, 0, 0, '2020-08-13 01:44:15', '2020-08-13 01:44:15'),
(77, 128, 5, 1, 0, 0, '2020-08-19 02:27:15', '2020-08-19 02:27:15'),
(78, 129, 5, 1, 0, 0, '2020-08-19 04:56:25', '2020-08-25 09:05:10'),
(79, 132, 5, 1, 0, 0, '2020-08-24 03:37:18', '2020-08-24 03:37:18'),
(80, 138, 5, 1, 0, 0, '2020-08-25 02:23:40', '2020-08-25 02:23:40'),
(81, 139, 5, 1, 0, 0, '2020-08-26 01:52:39', '2020-08-26 01:52:39'),
(82, 141, 5, 1, 0, 0, '2020-08-27 02:42:56', '2020-08-27 02:42:56'),
(83, 147, 4, 1, 0, 0, '2020-08-31 01:51:58', '2020-08-31 01:51:58'),
(84, 148, 4, 1, 0, 0, '2020-08-31 03:56:12', '2020-08-31 03:56:12');

-- --------------------------------------------------------

--
-- Struktur dari tabel `notulen_detail`
--

CREATE TABLE `notulen_detail` (
  `id` int(10) UNSIGNED NOT NULL,
  `notulen_id` int(10) UNSIGNED DEFAULT NULL,
  `deskripsi` text COLLATE utf8mb4_unicode_ci DEFAULT NULL,
  `dept_id` int(10) UNSIGNED DEFAULT NULL,
  `tgl_target` date DEFAULT NULL,
  `realisasi` text COLLATE utf8mb4_unicode_ci DEFAULT NULL,
  `notes` text COLLATE utf8mb4_unicode_ci DEFAULT NULL,
  `status` smallint(1) DEFAULT 1,
  `created_at` timestamp NULL DEFAULT NULL,
  `updated_at` timestamp NULL DEFAULT NULL
) ENGINE=InnoDB DEFAULT CHARSET=utf8mb4 COLLATE=utf8mb4_unicode_ci;

--
-- Dumping data untuk tabel `notulen_detail`
--

INSERT INTO `notulen_detail` (`id`, `notulen_id`, `deskripsi`, `dept_id`, `tgl_target`, `realisasi`, `notes`, `status`, `created_at`, `updated_at`) VALUES
(8, 3, 'kjgkg', 1, '2020-06-10', 'mbmb', 'hgfj', 1, '2020-06-10 04:09:01', '2020-06-10 04:09:01'),
(21, 4, 'Alur training untuk teknisi yang baru masuk / magang / kontrak', 5, '2020-06-15', '-', 'Membuat alur yang baru mengenai jalur training untuk teknisi yang baru masuk. Teknisi yang baru masuk belum mempunyai area / wilayah / HD Center dan belum di tetapkan siapa penanggung jawabnya (KA Teknisi)', 1, '2020-06-11 09:19:56', '2020-06-11 09:19:56'),
(22, 4, 'Lama waktu untuk teknisi baru di training', 5, '2020-06-15', '-', 'Magang dilakukan selama 3 bulan, dengan rincian 1 bulan pertama dilakukan teori full di kantor dan 2 bulan berikutnya dilakukan praktek di lapangan + teori (ikut kunjungan dengan teknisi), kemudian Ka Teknisi & Tech Support melakukan evaluasi internal setiap bulan dan di laporkan kepada KA TAM', 1, '2020-06-11 09:19:56', '2020-06-11 09:19:56'),
(23, 4, 'Rekomendasi untuk penempatan teknisi baru', 5, '2020-06-15', '-', 'Setelah setiap bulan dilakukan evaluasi internal, maka pada bulan ketiga akan di lakukan evaluasi terakhir.  Rekomendasi dikeluarkan jika sudah sesuai kriteria atau tetap training / magang jika tidak sesuai kriteria yang ditetapkan.', 1, '2020-06-11 09:19:56', '2020-06-11 09:19:56'),
(24, 4, 'Alur untuk penempatan wilayah', 5, '2020-06-15', '-', 'Jika sudah dikeluarkan Rekomendasi, maka KA TAM akan menunjuk KA Teknisi yang akan bertanggung jawab atas teknisi tsb. Selanjutnya KA Teknisi akan menempatkan area / wilayah / HD Center untuk teknisi tsb', 1, '2020-06-11 09:19:56', '2020-06-11 09:19:56'),
(25, 4, 'Proses untuk teknisi yang baru masuk / magang / kontrak', 5, '2020-06-15', '-', 'Akan diberlakukan panel untuk evaluasi teknisi baru yaitu sesi tanya jawab dan presentasi mengenai mesin RO, mesin HD, skema jalur RO antara KA Teknisi, Tech Support dan KA TAM', 1, '2020-06-11 09:19:56', '2020-06-11 09:19:56'),
(26, 4, 'Ketetapan penempatan untuk teknisi an Edy', 5, '2020-06-15', '-', 'Teknisi baru an Edy akan di evaluasi setiap minggu oleh KA Teknisi dan dilaporkan ke KA TAM Area. Teknisi tsb akan ditempatkan di Area Madura pada bulan Juli 2020', 1, '2020-06-11 09:19:56', '2020-06-11 09:19:56'),
(35, 5, 'SOP / WI mengenai alur penerimaan dan training teknisi baru / magang', 5, '2020-06-15', '-', 'Membuat SOP atau WI mengenai alur / jalur tentang penerimaan dan training untuk teknisi magang', 1, '2020-06-12 03:10:12', '2020-06-12 03:10:12'),
(36, 5, 'Tata Cara Backwash Manual pada RO', 5, '2020-06-15', '-', 'Penyamaan persepsi untuk tata cara backwash manual pada mesin RO, agar teknisi menjalankan sesuai dengan protap agar tidak salah', 1, '2020-06-12 03:10:12', '2020-06-12 03:10:12'),
(37, 5, 'Rasio jumlah teknisi saat instalasi', 5, '2020-06-15', '-', 'Team Tech Support membuat regulasi mengenai rasio jumlah teknisi saat melakukan instalasi mesin RO baru', 1, '2020-06-12 03:10:12', '2020-06-12 03:10:12'),
(38, 5, 'Penempatan teknisi station Mojokerto', 5, '2020-07-01', '-', 'Teknisi an Tiara Yoga Adi Kurniawan akan ditempatkan di Station Mojokerto pada Bulan Awal Juli 2020', 1, '2020-06-12 03:10:12', '2020-06-12 03:10:12'),
(39, 5, 'Areal untuk teknisi an Wahyudi', 5, '2020-07-01', '-', 'Wahyudi memegang area secara tendem pada bulan Juni dan akan full memegang area pada bulan Juli 2020 menggantikan Yoga', 1, '2020-06-12 03:10:12', '2020-06-12 03:10:12'),
(40, 5, 'Penempatan teknisi station Madura', 5, '2020-07-01', '-', 'Teknisi an Edy akan ditempatkan di Station Madura pada Bulan Juli 2020. Rekomendasi dikeluarkan oleh KA Teknisi dan dilaporkan ke KA TAM', 1, '2020-06-12 03:10:12', '2020-06-12 03:10:12'),
(41, 5, 'Pengajuan gulung dinamo pompa', 5, '2020-06-15', '-', 'Pengajuan gulung dinamo pompa segera diajukan setelah POB diterima oleh admin (pengajuan tidak ditumpuk). Pompa di repair secara utuh (pompa dikirim utuh ke bengkel untuk di reparasi). Pompa yang sudah ada di tech support segera di data dan dibuatkan POB oleh tech support kemudian di serahkan ke admin untuk di ajukan ke pusat, agar segera bisa diperbaiki', 1, '2020-06-12 03:10:12', '2020-06-12 03:10:12'),
(42, 5, 'Form Instalasi Fixed Asset RS', 5, '2020-07-15', '-', 'Form diisi oleh teknisi dan di ttd oleh KA Ruangan kemudian form dikembalikan pada DCQA untuk di pulling. Form mulai dilaksanakan / diedarkan pada tanggal 11 Juni 2020', 1, '2020-06-12 03:10:12', '2020-06-12 03:10:12'),
(64, 7, 'Buat WI sesuai alur penerimaan tenaga teknisi', 5, '2020-06-19', '-', 'WI dibuatkan sesuai dengan skema / alur penerimaan tenaga teknisi dan dijelaskan per point', 1, '2020-06-16 02:19:29', '2020-06-16 02:19:29'),
(65, 7, 'Kerjasama dengan bengkel pompa untuk repair pompa secara utuh', 5, '2020-06-19', '-', 'Hubungi bengkel pompa untuk kerjasama. agar terealisasi perbaikan pompa secara utuh dan bengkel bisa memunculkan penawaran harga sesuai dengan kerusakan pada pompa tsb', 1, '2020-06-16 02:19:29', '2020-06-16 02:19:29'),
(66, 7, 'Admin untuk team Technical Support', 5, '2020-06-16', '-', 'Penunjukan admin sementara untuk team Technical Supprt adalah Hazyiyah', 2, '2020-06-16 02:19:29', '2020-06-16 02:19:29'),
(67, 7, 'Reminder form rekomendasi untuk teknisi Mojokerto', 5, '2020-07-01', '-', 'Reminder untuk KA Teknisi agar mempersiapkan form rekomendasi untuk Yoga', 2, '2020-06-16 02:19:29', '2020-06-16 02:19:29'),
(68, 7, 'Stok opname toolkit agar dijalankan', 5, '2020-07-01', '-', 'KA Teknisi agar mulai menjalankan stok opname alat kerja teknisi / toolkit setiap akhir bulan, mulai dari akhir bulan Juni 2020', 1, '2020-06-16 02:19:29', '2020-06-16 02:19:29'),
(69, 7, 'Persiapan review untuk teknisi Yoga sebelum di pindah station', 5, '2020-06-23', '-', 'Yoga akan di review secara panel oleh KA TAM, KA Teknisi & Technical Support pada tanggal 23 Juni 2020', 1, '2020-06-16 02:19:29', '2020-06-16 02:19:29'),
(88, 9, 'Alur penerimaan teknisi baru', 5, '2020-06-22', '-', 'Alur penerimaan di perjelas dengan plot-plot setiap KA Teknisi dan bentuk panel yang di inginkan. Materi training di perjelas pada KA Teknisi & Tech Supoort. Cakupan materi / teori diperbaiki. Deadline Senin, 22 Juni 2020', 1, '2020-06-19 02:38:41', '2020-06-19 02:38:41'),
(89, 9, 'Data pompa dan simulasi water treatment', 5, '2020-06-22', '-', 'Data pompa dari Tech Support segera di buat. Simulasi untuk water treatment di Workshop segera di laksanakan dan dilengkapi. Deadline Rabu, 24 Juni 2020', 1, '2020-06-19 02:38:41', '2020-06-19 02:38:41'),
(90, 9, 'Kerjasama dengan bengkel pompa', 5, '2020-06-22', '-', 'Bengkel pompa setuju untuk melakukan kerjasama dengan Sinar Roda Utama dengan pembayaran di akhir. Pompa dari teknisi ada histori kerusakan dan dilaporkan ke KA Teknisi, kemudian Tech Supoort melakukan analisa singkat tanpa membongkar pompa, pompa di antra ke bengkel untuk dilakukan analisa menyeluruh dan perbaikan', 1, '2020-06-19 02:38:41', '2020-06-19 02:38:41'),
(91, 9, 'Melakukan pendataan pada pompa', 5, '2020-06-19', '-', 'Pompa akan di data dan dilakukan drit untuk no seri pada pompa tsb, sehingga meminimalisir pompa tertukar', 1, '2020-06-19 02:38:41', '2020-06-19 02:38:41'),
(92, 9, 'Ada part yang dikanibal di RSUD Dr Soedono', 5, '2020-06-19', '-', 'POB diserahkan hari ini ke admin part, kanibal di lakukan karena urgent', 2, '2020-06-19 02:38:41', '2020-06-19 02:38:41'),
(93, 9, 'Perapihan ruang workshop', 5, '2020-06-19', '-', 'Ruang workshop segera dibersihkan dan dirapikan karena akan datang mesin Surdial yang cukup banyak', 1, '2020-06-19 02:38:41', '2020-06-19 02:38:41'),
(94, 9, 'Bantu untuk FU ke pusat mengenai sparepart yang belum dateng', 5, '2020-06-19', '-', 'Pak Gatot akan bantu FU ke SCM Pusat untuk part yang belum datang ke Surabaya', 1, '2020-06-19 02:38:41', '2020-06-19 02:38:41'),
(95, 9, 'FU ke bagian Pengadaan untuk permintaan TDS Meter teknisi', 5, '2020-06-22', '-', 'Membuat permintaan pembelian TDS Meter ke bagian Pengadaan untuk semua teknisi Area JATIM', 1, '2020-06-19 02:38:41', '2020-06-19 02:38:41'),
(96, 9, 'Foto saat supervisi (Ruang RO & HD)', 5, '2020-06-22', '-', 'Ka Teknisi setiap melakukan supervisi ke Area harus melampirkan foto pada saat laporan. Foto-foto tsb di buat slide show kemudian dibahas bersama untuk  perbaikan kedepannya', 1, '2020-06-19 02:38:41', '2020-06-19 02:38:41'),
(97, 10, 'Perapihan ruang workshop', 5, '2020-06-29', 'Sudah di lakukan perpihan', 'Mesin-mesin di bagi secara zone yaitu Sudah di cek, Baru datang & Akan di cek', 2, '2020-06-22 02:41:58', '2020-06-22 02:41:58'),
(98, 10, 'Alur penerimaan teknisi baru', 5, '2020-06-22', 'Ketentuan Standar Teknisi Baru dan draft modul pelatihan sudah dibuat', 'Draft modul akan di sederhanakan bahasanya', 2, '2020-06-22 02:41:58', '2020-06-22 02:41:58'),
(99, 10, 'Zonasi mulai diberlakukan', 5, '2020-06-29', '-', 'Zonasi mulai diberlakukan untuk meminimalisir hasil cek lab yang jelek dan material / bahan pendukung akan di komunikasikan dengan Pusat agar tidak ada keterlambatan pengiriman', 1, '2020-06-22 02:41:59', '2020-06-22 02:41:59'),
(100, 10, 'Perapihan modul pelatihan teknisi baru', 5, '2020-07-20', '-', 'Membuat modul pelatihan baru sesuai dengan draft modul yang telah dibuat dan disepakati bersama', 1, '2020-06-22 02:41:59', '2020-06-22 02:41:59'),
(101, 10, 'FU ke bagian Pengadaan untuk permintaan TDS Meter teknisi', 5, '2020-06-29', 'Sudah ada TDS meter sebanyak 2 unit di Bagian Pengadaan', 'Sudah dibuatkan permintaan untuk pembelian TDS meter sebanyak 21 unit dan sudah di ACC oleh Pak Herman', 1, '2020-06-22 02:41:59', '2020-06-22 02:41:59'),
(102, 10, 'Laporan KA Teknisi Okta Wirawan', 5, '2020-06-22', '-', 'Area Jember tidak ada masalah. Masalah listrik untuk menggunakan Hot Citric (listrik tidak mencukupi) di RS Universitas Muhammadiyah Malang  slow respon sehingga KA Teknisi minta Kantor untuk bersurat ke RS', 1, '2020-06-22 02:41:59', '2020-06-22 02:41:59'),
(103, 10, 'Melakukan pendataan pada pompa', 5, '2020-06-29', '-', 'Reminder untuk segera di data', 1, '2020-06-22 02:41:59', '2020-06-22 02:41:59'),
(104, 10, 'Simulasi water treatment', 5, '2020-06-24', '-', 'Deadline pada Rabu, 24 Juni 2020', 1, '2020-06-22 02:41:59', '2020-06-22 02:41:59'),
(105, 10, 'Ketentuan jarak luar kota dan bensin Rp 10.000', 5, '2020-06-29', '-', 'Untuk dibuatkan ketentuan mengenai jarak luar kota atau untuk mendapatkan bensin Rp 10.000 dan minta untuk di tambah mengenai bensin yaitu menjadi Rp 20.000', 1, '2020-06-22 02:41:59', '2020-06-22 02:41:59'),
(106, 10, 'Sparepart yang sudah di jadikan Surat Jalan', 5, '2020-06-26', '-', 'Sparepart yang sudah jadi SJ akan dikirim oleh bagian delivery, teknisi boleh mengambil sparepart jika part tersebut benar-benar urgent', 1, '2020-06-22 02:41:59', '2020-06-22 02:41:59'),
(124, 12, 'RSUD KOTA MADIUN ada kesalahan bayar ke Bank Jatim PT SRU pada tgl 17 April 2020 sebesar Rp 1.846.875, pihak Keuangan RSUD minta uang tersebut di kembalikan ke rek RSUD.\r\nPihak RSUD juga sudah memberikan surat pernyataan jika ada kesalahan transfer.', 11, '2020-06-23', 'Tgl 06/22/2020 dana tersebut sudah di kasir PT SRU dan segera di transfer ke RSUD KOTA MADIUN.', 'Surat pernyataan salah transfer dari pihak RSUD sudah di lampirkan ke kantor pusat untuk penarikan dana tersebut.', 1, '2020-06-23 02:13:41', '2020-06-23 02:13:41'),
(408, 13, 'FU pengajuan bpjs bulan april 2020', 12, '2020-06-23', 'On Progress', 'Fia', 1, '2020-06-24 02:02:01', '2020-06-24 02:02:01'),
(409, 13, 'FU Faktur Pajak Daikin', 12, '2020-06-23', 'CENCEL KRN TANPA PPN', 'Fia', 2, '2020-06-24 02:02:01', '2020-06-24 02:02:01'),
(410, 13, 'Pengajuan PPH tgl 1-15/06/20', 12, '2020-06-23', 'On Progress', 'Fia', 1, '2020-06-24 02:02:01', '2020-06-24 02:02:01'),
(411, 13, 'PD yg sudah Realisasi tapi belom di TF Pusat ACC-SBY/2020/VI/0004 Pemby SSP PPN atas pembayaran penuh (Customer)', 12, '2020-06-23', 'On Progress', 'Agustin', 1, '2020-06-24 02:02:01', '2020-06-24 02:02:01'),
(412, 13, '(FIN) PD yg sudah Realisasi tapi belom di TF Pusat FIN-SBY/2020/III/0023 BPJS april ;FIN-SBY/2020/V/0018 Pemb Triplek 5,1JT ;FIN-SBY/2020/VI/0002 PEMBYRN LISTRIK JUNI\'20 SBY  ; FIN-SBY/2020/VI/0008 BPJS SBY JUNI 2020 ; FIN-MKS/2020/V/0006 BPJS MKS JUNI 2020 ; FIN-SBY/2020/VI/0006 UT TGL 1-15 JUNI\'20 ; FIN-SBY/2020/VI/0007 TELEPON JUNI\'20', 12, '2020-06-23', 'On Progress', 'Agustin', 1, '2020-06-24 02:02:01', '2020-06-24 02:02:01'),
(413, 13, '(MAR) PD yg sudah Realisasi tapi belom di TF Pusat MAR-SBY/2020/VI/0001 Perj Dinas Herman Harsono ; MAR-SBY/2020/V/0021 Perj Dinas Hari Tri', 12, '2020-06-23', 'On Progress', 'Agustin', 1, '2020-06-24 02:02:01', '2020-06-24 02:02:01'),
(414, 13, '(MS) PD yg sudah Realisasi tapi belom di TF Pusat MS-SBY/2020/V/0003 pengajuan dana Renovasi Ruang Isolasi HD di RSUD Dr. Haryoto', 12, '2020-06-23', 'On Progress', 'Agustin', 1, '2020-06-24 02:02:01', '2020-06-24 02:02:01'),
(415, 13, '(PRO) PD yg sudah Realisasi tapi belom di TF Pusat PRO-SBY/2020/VI/0002 PERJ DINAS FELIX', 12, '2020-06-23', 'On Progress', 'Agustin', 1, '2020-06-24 02:02:01', '2020-06-24 02:02:01'),
(416, 13, '(TAM) PD yg sudah Realisasi tapi belom di TF Pusat TAM-SBY/2020/V/0010 Tandon RS Soetomo ; TAM-SBY/2020/V/0037 IPRS MEI\'20', 12, '2020-06-23', 'On Progress', 'Agustin', 1, '2020-06-24 02:02:01', '2020-06-24 02:02:01'),
(417, 13, 'Menyiapakan Pengajuan Dana Kas Bali tgl 15-18Juni2020', 12, '2020-06-23', 'DONE 23/06/20', 'Agustin', 2, '2020-06-24 02:02:01', '2020-06-24 02:02:01'),
(418, 13, 'Input KAS tgl 23 juni 20', 12, '2020-06-23', 'On Progress', 'Exti', 2, '2020-06-24 02:02:01', '2020-06-24 02:02:01'),
(419, 13, 'Pengajuan dana kas 17-18 Juni 2020', 12, '2020-06-23', 'On Progress', 'Exti', 1, '2020-06-24 02:02:01', '2020-06-24 02:02:01'),
(420, 13, 'Rician BPJS MKS& SBY JUNI\'20', 12, '2020-06-23', 'On Progress', 'Exti', 1, '2020-06-24 02:02:01', '2020-06-24 02:02:01'),
(421, 13, 'Follow Up bu Nuning pembukuan penarikan dana RSUD Madiun', 12, '2020-06-23', 'DONE TGL 23/06/20', 'Exti', 2, '2020-06-24 02:02:01', '2020-06-24 02:02:01'),
(422, 13, 'Input Pelunasan Bank Jakarta 22 /06/20', 12, '2020-06-23', 'On Progress KRN BLM DPT DR JKT', 'Septi', 1, '2020-06-24 02:02:01', '2020-06-24 02:02:01'),
(423, 13, 'Input Pelunasan Jatim 22/06/20', 12, '2020-06-23', 'DONE TGL 23/06/20', 'Septi', 2, '2020-06-24 02:02:01', '2020-06-24 02:02:01'),
(424, 13, 'Input Pelunasan VA sby dps tgl 22 juni 2020', 12, '2020-06-23', 'DONE TGL 23/06/20', 'Septi', 2, '2020-06-24 02:02:01', '2020-06-24 02:02:01'),
(425, 13, 'rekap pph 22 & 23', 12, '2020-06-23', 'DONE TGL 23/06/20', 'Septi', 2, '2020-06-24 02:02:01', '2020-06-24 02:02:01'),
(426, 13, 'Input e-faktur 22/06/20', 12, '2020-06-23', 'DONE TGL 23/06/20', 'Herlina', 2, '2020-06-24 02:02:01', '2020-06-24 02:02:01'),
(427, 13, 'Cek Age account bln maret yg masih gantung (dunia wisata)', 12, '2020-06-23', 'On Progress', 'Herlina', 1, '2020-06-24 02:02:01', '2020-06-24 02:02:01'),
(428, 13, 'Rekap dan Cek PPN Masukan dan ppn yang tidak dikreditkan', 12, '2020-06-23', 'On Progress', 'Herlina', 1, '2020-06-24 02:02:01', '2020-06-24 02:02:01'),
(429, 13, 'Cari bukti SSP 2019', 12, '2020-06-23', 'On Progress', 'Herlina', 1, '2020-06-24 02:02:01', '2020-06-24 02:02:01'),
(430, 13, 'cek voucer pelunasan u/ kirim JKT', 12, '2020-06-23', 'done', 'Ria', 2, '2020-06-24 02:02:01', '2020-06-24 02:02:01'),
(431, 13, 'FU HRD revisi kwitansi Ladang Berkah', 12, '2020-06-23', 'done 23/06/2020', 'Ria', 2, '2020-06-24 02:02:01', '2020-06-24 02:02:01'),
(468, 14, 'FU pengajuan bpjs bulan april 2020', 12, '2020-06-24', 'DONE 24/06/2020', 'FIA', 2, '2020-06-25 02:00:28', '2020-06-25 02:00:28'),
(469, 14, 'FU PPI DAIKIN', 12, '2020-06-24', 'DONE 24/06/2020', 'FIA', 2, '2020-06-25 02:00:28', '2020-06-25 02:00:28'),
(470, 14, 'Pengajuan PPH tgl 1-15/06/20', 12, '2020-06-24', 'TTD PIC FINACE', 'FIA', 1, '2020-06-25 02:00:28', '2020-06-25 02:00:28'),
(471, 14, 'PD yg sudah Realisasi tapi belom di TF Pusat ACC-SBY/2020/VI/0004 Pemby SSP PPN atas pembayaran penuh (Customer)', 12, '2020-06-24', 'ON PROGRES', 'AGUSTIN', 1, '2020-06-25 02:00:28', '2020-06-25 02:00:28'),
(472, 14, '(FIN) PD yg sudah Realisasi tapi belom di TF Pusat FIN-SBY/2020/III/0023 BPJS april ;FIN-SBY/2020/V/0018 Pemb Triplek 5,1JT ;FIN-SBY/2020/VI/0002 PEMBYRN LISTRIK JUNI\'20 SBY  ; FIN-SBY/2020/VI/0008 BPJS SBY JUNI 2020 ; FIN-MKS/2020/V/0006 BPJS MKS JUNI 2020 ; FIN-SBY/2020/VI/0006 UT TGL 1-15 JUNI\'20 ; FIN-SBY/2020/VI/0007 TELEPON JUNI\'20', 12, '2020-06-24', 'FIN-SBY/2020/III/0023 BPJS april DONE 24/06/20', 'AGUSTIN', 1, '2020-06-25 02:00:28', '2020-06-25 02:00:28'),
(473, 14, '(MAR) PD yg sudah Realisasi tapi belom di TF Pusat MAR-SBY/2020/VI/0001 Perj Dinas Herman Harsono ; MAR-SBY/2020/V/0021 Perj Dinas Hari Tri', 12, '2020-06-24', 'MAR-SBY/2020/VI/0001 Perj Dinas Herman Harsono DONE 24/06/20', 'AGUSTIN', 1, '2020-06-25 02:00:28', '2020-06-25 02:00:28'),
(474, 14, '(MS) PD yg sudah Realisasi tapi belom di TF Pusat MS-SBY/2020/V/0003 pengajuan dana Renovasi Ruang Isolasi HD di RSUD Dr. Haryoto', 12, '2020-06-24', 'ON PROGRES', 'AGUSTIN', 1, '2020-06-25 02:00:28', '2020-06-25 02:00:28'),
(475, 14, '(PRO) PD yg sudah Realisasi tapi belom di TF Pusat PRO-SBY/2020/VI/0002 PERJ DINAS FELIX', 12, '2020-06-24', 'ON PROGRES', 'AGUSTIN', 1, '2020-06-25 02:00:28', '2020-06-25 02:00:28'),
(476, 14, '(TAM) PD yg sudah Realisasi tapi belom di TF Pusat TAM-SBY/2020/V/0010 Tandon RS Soetomo ; TAM-SBY/2020/V/0037 IPRS MEI\'20', 12, '2020-06-24', 'ON PROGRES', 'AGUSTIN', 1, '2020-06-25 02:00:28', '2020-06-25 02:00:28'),
(477, 14, 'SALDO MANDIRI TGL 23 JUNI 2020', 12, '2020-06-24', 'DONE 24/06/20', 'AGUSTIN', 2, '2020-06-25 02:00:28', '2020-06-25 02:00:28'),
(478, 14, 'Input KAS tgl 24 juni 20', 12, '2020-06-24', 'DONE 24/06/20', 'EXTI', 2, '2020-06-25 02:00:28', '2020-06-25 02:00:28'),
(479, 14, 'Pengajuan dana kas 17,18,19 Juni 2020', 12, '2020-06-24', 'Pengajuan dana kas 17 DONE TGL 24/06/2020', 'EXTI', 1, '2020-06-25 02:00:28', '2020-06-25 02:00:28'),
(480, 14, 'Rician BPJS MKS& SBY JUNI\'20', 12, '2020-06-24', 'ON PROGRES', 'EXTI', 1, '2020-06-25 02:00:28', '2020-06-25 02:00:28'),
(481, 14, 'Input Pelunasan Bank Jakarta 22 /06/20', 12, '2020-06-24', 'DONE TGL 24/06/2020', 'SEPTI', 2, '2020-06-25 02:00:28', '2020-06-25 02:00:28'),
(482, 14, 'Input Pelunasan Jatim 23/06/20', 12, '2020-06-24', 'DONE TGL 24/06/2020', 'SEPTI', 2, '2020-06-25 02:00:28', '2020-06-25 02:00:28'),
(483, 14, 'Input Pelunasan VA sby dps tgl 22 juni 2020', 12, '2020-06-24', 'DONE TGL 24/06/2020', 'SEPTI', 2, '2020-06-25 02:00:28', '2020-06-25 02:00:28'),
(484, 14, 'rekap pph 22 & 23', 12, '2020-06-24', 'DONE TGL 24/06/2020', 'SEPTI', 2, '2020-06-25 02:00:28', '2020-06-25 02:00:28'),
(485, 14, 'Input e-faktur 23/06/20', 12, '2020-06-24', 'DONE TGL 24', 'HERLINA', 2, '2020-06-25 02:00:28', '2020-06-25 02:00:28'),
(486, 14, 'Cek Age account bln maret yg masih gantung (dunia wisata, ANEKA STAR)', 12, '2020-06-24', 'ON PROGRES', 'HERLINA', 1, '2020-06-25 02:00:28', '2020-06-25 02:00:28'),
(487, 14, 'Rekap dan Cek PPN Masukan dan ppn yang tidak dikreditkan BLN APRIL - JUNI 2020', 12, '2020-06-24', 'ON PROGRES', 'HERLINA', 1, '2020-06-25 02:00:28', '2020-06-25 02:00:28'),
(488, 14, 'Cari bukti SSP 2019', 12, '2020-06-24', 'ON PROGRES', 'HERLINA', 1, '2020-06-25 02:00:28', '2020-06-25 02:00:28'),
(489, 14, 'TRAINING PPI DAN AGE ACC PAY KARY BARU', 12, '2020-06-24', 'ON PROGRES', 'RIA', 1, '2020-06-25 02:00:28', '2020-06-25 02:00:28'),
(490, 14, 'POSTING PELUNASAN JATIM, JKT', 12, '2020-06-24', 'DONE TGL 24/05', 'RIA', 2, '2020-06-25 02:00:28', '2020-06-25 02:00:28'),
(491, 14, 'POSTING WHT TGL 24/06/2020', 12, '2020-06-24', 'BLM ADA WHT \r\nON PROGRES', 'RIA', 1, '2020-06-25 02:00:28', '2020-06-25 02:00:28'),
(492, 14, 'INPUT WHT TGL 24/06/2020', 12, '2020-06-24', 'DONE TGL 24/06/2020', 'DINA', 2, '2020-06-25 02:00:28', '2020-06-25 02:00:28'),
(493, 14, 'POSTING PPR TGL 22/06/2020', 12, '2020-06-24', 'ON PROGRES', 'DINA', 1, '2020-06-25 02:00:28', '2020-06-25 02:00:28'),
(494, 14, 'POSTING PPI LADANG', 12, '2020-06-24', 'DONE TGL 24/06/2020', 'DINA', 2, '2020-06-25 02:00:28', '2020-06-25 02:00:28'),
(495, 14, 'TRAINING PIUTANG', 12, '2020-06-24', 'DONE TGL 24/06/2020', 'DINA', 2, '2020-06-25 02:00:28', '2020-06-25 02:00:28'),
(496, 14, 'TRAINING PPI DAN AGE ACC PAY KARY BARU', 12, '2020-06-24', 'DONE TGL 24/06/2020', 'KIKI', 2, '2020-06-25 02:00:28', '2020-06-25 02:00:28'),
(497, 14, 'TRAINING SISTEM NAV BERSAMA TIKA', 12, '2020-06-24', 'DONE TGL 24/06/2020', 'KIKI', 2, '2020-06-25 02:00:28', '2020-06-25 02:00:28'),
(498, 15, 'Pengajuan PPH tgl 1-15/06/20', 12, '2020-06-25', 'TTD PIC FINACE', 'FIA', 1, '2020-06-25 02:02:38', '2020-06-25 02:02:38'),
(499, 15, 'PD yg sudah Realisasi tapi belom di TF Pusat ACC-SBY/2020/VI/0004 Pemby SSP PPN atas pembayaran penuh (Customer)', 12, '2020-06-25', 'ON PROGRES', 'AGUSTIN', 1, '2020-06-25 02:02:38', '2020-06-25 02:02:38'),
(500, 15, '(FIN) PD yg sudah Realisasi tapi belom di TF Pusat FIN-SBY/2020/V/0018 Pemb Triplek 5,1JT ;FIN-SBY/2020/VI/0002 PEMBYRN LISTRIK JUNI\'20 SBY  ; FIN-SBY/2020/VI/0008 BPJS SBY JUNI 2020 ; FIN-MKS/2020/V/0006 BPJS MKS JUNI 2020 ; FIN-SBY/2020/VI/0006 UT TGL 1-15 JUNI\'20 ; FIN-SBY/2020/VI/0007 TELEPON JUNI\'20', 12, '2020-06-25', 'ON PROGRES', 'AGUSTIN', 1, '2020-06-25 02:02:38', '2020-06-25 02:02:38'),
(501, 15, 'MAR-SBY/2020/V/0021 Perj Dinas Hari Tri', 12, '2020-06-25', 'ON PROGRES', 'AGUSTIN', 1, '2020-06-25 02:02:38', '2020-06-25 02:02:38'),
(502, 15, '(MS) PD yg sudah Realisasi tapi belom di TF Pusat MS-SBY/2020/V/0003 pengajuan dana Renovasi Ruang Isolasi HD di RSUD Dr. Haryoto', 12, '2020-06-25', 'ON PROGRES', 'AGUSTIN', 1, '2020-06-25 02:02:38', '2020-06-25 02:02:38'),
(503, 15, '(PRO) PD yg sudah Realisasi tapi belom di TF Pusat PRO-SBY/2020/VI/0002 PERJ DINAS FELIX', 12, '2020-06-25', 'ON PROGRES', 'AGUSTIN', 1, '2020-06-25 02:02:38', '2020-06-25 02:02:38'),
(504, 15, 'KAS SBY TGL 25/06', 12, '2020-06-25', 'ON PROGRES', 'AGUSTIN', 1, '2020-06-25 02:02:38', '2020-06-25 02:02:38'),
(505, 15, 'Pengajuan dana kas 18,19 Juni 2020', 12, '2020-06-25', 'ON PROGRES', 'EXTI', 1, '2020-06-25 02:02:38', '2020-06-25 02:02:38'),
(506, 15, 'Rician BPJS MKS& SBY JUNI\'20', 12, '2020-06-25', 'ON PROGRES', 'EXTI', 1, '2020-06-25 02:02:38', '2020-06-25 02:02:38'),
(507, 15, 'OPNAME BARANG GD KEDINDING', 12, '2020-06-25', 'ON PROGRES', 'EXTI', 1, '2020-06-25 02:02:38', '2020-06-25 02:02:38'),
(508, 15, 'Input Pelunasan Bank Jakarta 23/06/20', 12, '2020-06-25', 'ON PROGRES', 'SEPTI', 1, '2020-06-25 02:02:38', '2020-06-25 02:02:38'),
(509, 15, 'Input Pelunasan Jatim 24/06/20', 12, '2020-06-25', 'ON PROGRES', 'SEPTI', 1, '2020-06-25 02:02:38', '2020-06-25 02:02:38'),
(510, 15, 'Input Pelunasan VA sby dps tgl 23 juni 2020', 12, '2020-06-25', 'ON PROGRES', 'SEPTI', 1, '2020-06-25 02:02:38', '2020-06-25 02:02:38'),
(511, 15, 'Input e-faktur 23/06/20', 12, '2020-06-25', 'ON PROGRES', 'HERLIN', 1, '2020-06-25 02:02:38', '2020-06-25 02:02:38'),
(512, 15, 'Cek Age account bln maret yg masih gantung (dunia wisata, ANEKA STAR)', 12, '2020-06-25', 'ON PROGRES', 'HERLIN', 1, '2020-06-25 02:02:38', '2020-06-25 02:02:38'),
(513, 15, 'Rekap dan Cek PPN Masukan dan ppn yang tidak dikreditkan BLN APRIL - JUNI 2020', 12, '2020-06-25', 'ON PROGRES', 'HERLIN', 1, '2020-06-25 02:02:38', '2020-06-25 02:02:38'),
(514, 15, 'Cari bukti SSP 2019', 12, '2020-06-25', 'ON PROGRES', 'HERLIN', 1, '2020-06-25 02:02:38', '2020-06-25 02:02:38'),
(515, 15, 'TRAINING PPI DAN AGE ACC PAY KARY BARU', 12, '2020-06-25', 'ON PROGRES', 'RIA', 1, '2020-06-25 02:02:38', '2020-06-25 02:02:38'),
(516, 15, 'POSTING WHT TGL 24/06/2020', 12, '2020-06-25', 'ON PROGRES', 'RIA', 1, '2020-06-25 02:02:38', '2020-06-25 02:02:38'),
(517, 15, 'OPNAME BARANG GD DEPO MASPION', 12, '2020-06-25', 'ON PROGRES', 'RIA', 1, '2020-06-25 02:02:38', '2020-06-25 02:02:38'),
(518, 15, 'INPUT WHT TGL 25/06/2020', 12, '2020-06-25', 'ON PROGRES', 'DINA', 1, '2020-06-25 02:02:38', '2020-06-25 02:02:38'),
(519, 15, 'POSTING PPR TGL 22/06/2020', 12, '2020-06-25', 'ON PROGRES', 'DINA', 1, '2020-06-25 02:02:38', '2020-06-25 02:02:38'),
(520, 15, 'OPNAME PART KEDINDING & MOJO', 12, '2020-06-25', 'ON PROGRES', 'DINA', 1, '2020-06-25 02:02:38', '2020-06-25 02:02:38'),
(521, 15, 'KAS MAKASAR TGL 15-19 JUNI', 12, '2020-06-25', 'ON PROGRES', 'RIA', 1, '2020-06-25 02:02:38', '2020-06-25 02:02:38'),
(522, 15, 'INPUT GENERAL JOURNAL', 12, '2020-06-25', 'ON PROGRES', 'KIKI', 1, '2020-06-25 02:02:38', '2020-06-25 02:02:38'),
(523, 15, 'CEK PPI', 12, '2020-06-25', 'ON PROGRES', 'KIKI', 1, '2020-06-25 02:02:38', '2020-06-25 02:02:38'),
(596, 17, 'Kesimpulan mengenai evaluasi pada Edi', 5, '2020-06-26', 'Rekomendasi untuk di tempatkan di Madura pada pertengahan bulan Juli 2020', 'Kesiapan teknisi untuk ditempatkan di lapangan masih kurang. Penjelasan ke user untuk trouble shoot masih kurang. Tumbuhkan kepercayaan diri pada teknisi tsb', 2, '2020-06-26 03:04:29', '2020-06-26 03:04:29'),
(597, 17, 'Perapihan ruang workshop', 5, '2020-06-29', '-', 'Lebih dirapihkan pada ruangan. Pengajuan loker baru untuk ruang workshop', 1, '2020-06-26 03:04:29', '2020-06-26 03:04:29'),
(598, 17, 'Simulasi water treatment', 5, '2020-06-26', 'Simulasi water treatment bisa di gunakan', 'Simulasi sudah selesai dipasang dan bisa segera digunakan pada saat pelatihan teknisi baru', 2, '2020-06-26 03:04:29', '2020-06-26 03:04:29'),
(599, 17, 'Perbaikan pompa di bengkel pompa', 5, '2020-06-29', '-', 'Sudah dikirimkan list untuk dibuatkan penawaran harga oleh bengkel pompanya. Perbaikan pompa tetap jalan seperti biasa sampai penawaran harga selesai', 1, '2020-06-26 03:04:29', '2020-06-26 03:04:29'),
(600, 17, 'Reminder ketentuan jarak luar kota dan penambahan bensin nominal Rp 10.000', 5, '2020-06-29', '-', 'Penambahan harga bensin nominal Rp 10.000 tidak di ACC. Reminder untuk jarak luar kota minimal berapa', 1, '2020-06-26 03:04:29', '2020-06-26 03:04:29'),
(601, 17, 'Zonasi mulai diberlakukan', 5, '2020-06-26', 'Zonasi di pending pelaksanaan', 'Pelaksanaan zonasi di pending untuk waktu yang belum ditentukan', 2, '2020-06-26 03:04:29', '2020-06-26 03:04:29'),
(602, 17, 'Perapihan modul pelatihan teknisi baru', 5, '2020-06-29', '-', 'Segera dibuatkan point point untuk membuat modul pelatihan', 1, '2020-06-26 03:04:29', '2020-06-26 03:04:29'),
(603, 17, 'Pengadaan TDS Meter', 5, '2020-06-29', '-', 'TDS meter akan segera dibelikan oleh bagian pengadaan', 1, '2020-06-26 03:04:29', '2020-06-26 03:04:29'),
(675, 19, 'Perapihan ruang workshop', 5, '2020-06-29', 'Ruangan sudah rapi dan bersih', 'Ruangan sudah rapi dan bersih', 2, '2020-06-29 02:45:47', '2020-06-29 02:45:47'),
(676, 19, 'Perbaikan pompa di bengkel pompa', 5, '2020-07-03', '-', 'Belum ada balasan mengenai list harga', 1, '2020-06-29 02:45:47', '2020-06-29 02:45:47'),
(677, 19, 'Perapihan modul pelatihan teknisi baru', 5, '2020-07-03', '-', 'KA Teknisi & Tech Support belum menyelesaikan draft untuk modul pelatihan teknisi', 1, '2020-06-29 02:45:47', '2020-06-29 02:45:47'),
(678, 19, 'Zonasi mulai diberlakukan', 5, '2020-07-03', '-', 'Rencana pemberlakuan zonasi pada awal tahun 2021 dan akan di tentukan zonasinya', 1, '2020-06-29 02:45:47', '2020-06-29 02:45:47'),
(679, 19, 'Pengadaan loker & whiteboard', 5, '2020-07-03', '-', 'Buat pengajuan loker untuk ruang workshop dan white board ukuran besar untuk ruang teknisi', 1, '2020-06-29 02:45:47', '2020-06-29 02:45:47'),
(680, 19, 'KA Teknisi, Teknisi & Tech SUpport membuat form sebelum kunjungan luar kota', 5, '2020-07-03', 'Form sudah terlaksana', '- Teknisi membuat form kunjungan luar  kota\r\n\r\n- KA Teknisi & Tech Support membuat RKA sebelum kunjungan luar kota', 2, '2020-06-29 02:45:47', '2020-06-29 02:45:47'),
(681, 19, 'Stok Opname Toolkit teknisi', 5, '2020-07-03', '-', 'Tanggal 30 Juni 2020 KA Teknisi mendata toolkit teknisi yang kurang / rusak dan segera diadakan / dibelikan toolkit yang kurang', 1, '2020-06-29 02:45:47', '2020-06-29 02:45:47'),
(719, 16, 'Pengajuan PPH tgl 1-15/06/20', 12, '2020-06-26', 'DONE', 'FIA', 2, '2020-06-29 03:38:08', '2020-06-29 03:38:08'),
(720, 16, 'FU PPH tgl 16-31/05/20', 12, '2020-06-26', 'ON PROGRES', 'FIA', 1, '2020-06-29 03:38:08', '2020-06-29 03:38:08'),
(721, 16, 'Membuat Pengajuan Dana Listrik,BPJS,tELPN Juli 2020', 12, '2020-06-26', 'ON PROGRES', 'FIA', 1, '2020-06-29 03:38:08', '2020-06-29 03:38:08'),
(722, 16, 'FU Dana Listrik,BPJS,TELEPON Juni 2020', 12, '2020-06-26', 'ON PROGRES', 'FIA', 1, '2020-06-29 03:38:08', '2020-06-29 03:38:08'),
(723, 16, 'FU Pic Pembukuan Daikin', 12, '2020-06-26', 'DONE', 'FIA', 2, '2020-06-29 03:38:08', '2020-06-29 03:38:08'),
(724, 16, 'FU PPI Cito', 12, '2020-06-26', 'DONE', 'FIA', 2, '2020-06-29 03:38:08', '2020-06-29 03:38:08'),
(725, 16, 'PD yg sudah Realisasi tapi belom di TF Pusat ACC-SBY/2020/VI/0004 Pemby SSP PPN atas pembayaran penuh (Customer)', 12, '2020-06-26', 'ON PROGRES', 'AGUSTIN', 1, '2020-06-29 03:38:08', '2020-06-29 03:38:08'),
(726, 16, '(FIN) PD yg sudah Realisasi tapi belom di TF Pusat FIN-SBY/2020/V/0018 Pemb Triplek 5,1JT ;FIN-SBY/2020/VI/0002 PEMBYRN LISTRIK JUNI\'20 SBY  ; FIN-SBY/2020/VI/0008 BPJS SBY JUNI 2020 ; FIN-MKS/2020/V/0006 BPJS MKS JUNI 2020 ; FIN-SBY/2020/VI/0006 UT TGL 1-15 JUNI\'20 ; FIN-SBY/2020/VI/0007 TELEPON JUNI\'20', 12, '2020-06-26', 'DONE FIN-SBY/2020/VI/0002 PEMBYRN LISTRIK JUNI\'20 SBY  ; FIN-SBY/2020/VI/0008 BPJS SBY JUNI 2020 ;  FIN-MKS/2020/V/0006 BPJS MKS JUNI 2020', 'AGUSTIN', 1, '2020-06-29 03:38:08', '2020-06-29 03:38:08'),
(727, 16, 'MAR-SBY/2020/V/0021 Perj Dinas Hari Tri', 12, '2020-06-26', 'ON PROGRES', 'AGUSTIN', 1, '2020-06-29 03:38:08', '2020-06-29 03:38:08'),
(728, 16, '(MS) PD yg sudah Realisasi tapi belom di TF Pusat MS-SBY/2020/V/0003 pengajuan dana Renovasi Ruang Isolasi HD di RSUD Dr. Haryoto', 12, '2020-06-26', 'ON PROGRES', 'AGUSTIN', 1, '2020-06-29 03:38:08', '2020-06-29 03:38:08'),
(729, 16, '(PRO) PD yg sudah Realisasi tapi belom di TF Pusat PRO-SBY/2020/VI/0002 PERJ DINAS FELIX', 12, '2020-06-26', 'ON PROGRES', 'AGUSTIN', 1, '2020-06-29 03:38:08', '2020-06-29 03:38:08'),
(730, 16, 'Pengajuan Dana Kas Bali Tgl 19-22 Juni 2020', 12, '2020-06-26', '26/06/2020', 'AGUSTIN', 2, '2020-06-29 03:38:08', '2020-06-29 03:38:08'),
(731, 16, 'KAS SBY TGL 26/06', 12, '2020-06-26', '26/06/2020', 'EXTI', 2, '2020-06-29 03:38:08', '2020-06-29 03:38:08'),
(732, 16, 'Pengajuan dana kas 18,19 Juni 2020', 12, '2020-06-26', 'ON PROGRES', 'EXTI', 1, '2020-06-29 03:38:08', '2020-06-29 03:38:08'),
(733, 16, 'Rician BPJS MKS& SBY JUNI\'20', 12, '2020-06-26', 'ON PROGRES', 'EXTI', 1, '2020-06-29 03:38:08', '2020-06-29 03:38:08'),
(734, 16, 'Input Pelunasan Bank Jakarta 24/06/20', 12, '2020-06-26', '26/06/2020', 'SEPTI', 2, '2020-06-29 03:38:08', '2020-06-29 03:38:08'),
(735, 16, 'Input Pelunasan Jatim 25/06/20', 12, '2020-06-26', 'ON PROGRES', 'SEPTI', 1, '2020-06-29 03:38:08', '2020-06-29 03:38:08'),
(736, 16, 'Input Pelunasan VA sby dps tgl 24 juni 2020', 12, '2020-06-26', 'ON PROGRES', 'SEPTI', 1, '2020-06-29 03:38:08', '2020-06-29 03:38:08'),
(737, 16, 'Opname Barang Gd Kecil', 12, '2020-06-26', '26/06/2020', 'SEPTI', 2, '2020-06-29 03:38:08', '2020-06-29 03:38:08'),
(738, 16, 'Input e-faktur 24-25/06/20', 12, '2020-06-26', '26/06/2020', 'HERLIN', 2, '2020-06-29 03:38:08', '2020-06-29 03:38:08'),
(739, 16, 'Cek Age account bln maret yg masih gantung (dunia wisata, ANEKA STAR)', 12, '2020-06-26', 'ON PROGRES', 'HERLIN', 1, '2020-06-29 03:38:08', '2020-06-29 03:38:08'),
(740, 16, 'Rekap dan Cek PPN Masukan dan ppn yang tidak dikreditkan BLN APRIL - JUNI 2020', 12, '2020-06-26', 'ON PROGRES', 'HERLIN', 1, '2020-06-29 03:38:08', '2020-06-29 03:38:08'),
(741, 16, 'TRAINING PPI DAN AGE ACC PAY KARY BARU', 12, '2020-06-26', '26/06/2020', 'RIA', 2, '2020-06-29 03:38:08', '2020-06-29 03:38:08'),
(742, 16, 'POSTING WHT TGL 26/06/2020', 12, '2020-06-26', '26/06/2020', 'RIA', 2, '2020-06-29 03:38:08', '2020-06-29 03:38:08'),
(743, 16, 'KAS MAKASAR TGL 15-19 JUNI', 12, '2020-06-26', '27/06/2020', 'RIA', 2, '2020-06-29 03:38:08', '2020-06-29 03:38:08'),
(744, 16, 'PPI Cito, Daikin,Bambang Hartojo,CV Karya Pratama Perkasa', 12, '2020-06-26', '26/06/2020', 'RIA', 2, '2020-06-29 03:38:08', '2020-06-29 03:38:08'),
(745, 16, 'REVISI INV SURYA KAWITAN', 12, '2020-06-26', '27/06/2020', 'RIA', 2, '2020-06-29 03:38:08', '2020-06-29 03:38:08'),
(746, 16, 'Posting Pelunasan Bank Jkt, Jatim,Permata', 12, '2020-06-26', '26/06/2020', 'RIA', 2, '2020-06-29 03:38:08', '2020-06-29 03:38:08'),
(747, 16, 'INPUT WHT TGL 26/06/2020', 12, '2020-06-26', '26/06/2020', 'DINA', 2, '2020-06-29 03:38:08', '2020-06-29 03:38:08'),
(748, 16, 'POSTING PPR TGL 22,24/06/2020', 12, '2020-06-26', 'ON PROGRES', 'DINA', 1, '2020-06-29 03:38:08', '2020-06-29 03:38:08'),
(749, 16, 'OPNAME PART  MOJO', 12, '2020-06-26', '26/06/2020', 'DINA', 2, '2020-06-29 03:38:08', '2020-06-29 03:38:08'),
(750, 16, 'Posting PPI Iron, PIP', 12, '2020-06-26', '26/06/2020', 'DINA', 2, '2020-06-29 03:38:08', '2020-06-29 03:38:08'),
(751, 16, 'TRAINING PPI EXPEDISI', 12, '2020-06-26', '26/06/2020', 'KIKI', 2, '2020-06-29 03:38:08', '2020-06-29 03:38:08'),
(810, 18, 'FU PPH tgl 1-15/06/20', 12, '2020-06-29', 'ON PROGRES', 'FIA', 1, '2020-06-30 01:37:58', '2020-06-30 01:37:58'),
(811, 18, 'FU PPH tgl 16-31/05/20', 12, '2020-06-29', 'ON PROGRES', 'FIA', 1, '2020-06-30 01:37:58', '2020-06-30 01:37:58'),
(812, 18, 'Membuat Pengajuan Dana Listrik,BPJS,TELPN Juli 2020', 12, '2020-06-29', 'ON PROGRES', 'FIA', 1, '2020-06-30 01:37:58', '2020-06-30 01:37:58'),
(813, 18, 'FU Dana Listrik,BPJS,TELEPON Juni 2020', 12, '2020-06-29', 'ON PROGRES', 'FIA', 1, '2020-06-30 01:37:58', '2020-06-30 01:37:58'),
(814, 18, 'PD yg sudah Realisasi tapi belom di TF Pusat ACC-SBY/2020/VI/0004 Pemby SSP PPN atas pembayaran penuh (Customer)', 12, '2020-06-29', 'ON PROGRES', 'AGUSTIN', 1, '2020-06-30 01:37:58', '2020-06-30 01:37:58'),
(815, 18, '(FIN) PD yg sudah Realisasi tapi belom di TF Pusat FIN-SBY/2020/V/0018 Pemb Triplek 5,1JT ;FIN-SBY/2020/VI/0007 TELEPON JUNI\'20', 12, '2020-06-29', 'ON PROGRES', 'AGUSTIN', 1, '2020-06-30 01:37:58', '2020-06-30 01:37:58'),
(816, 18, 'MAR-SBY/2020/V/0021 Perj Dinas Hari Tri', 12, '2020-06-29', 'DONE', 'AGUSTIN', 2, '2020-06-30 01:37:58', '2020-06-30 01:37:58'),
(817, 18, '(MS) PD yg sudah Realisasi tapi belom di TF Pusat MS-SBY/2020/V/0003 pengajuan dana Renovasi Ruang Isolasi HD di RSUD Dr. Haryoto', 12, '2020-06-29', 'ON PROGRES', 'AGUSTIN', 1, '2020-06-30 01:37:58', '2020-06-30 01:37:58'),
(818, 18, '(PRO) PD yg sudah Realisasi tapi belom di TF Pusat PRO-SBY/2020/VI/0002 PERJ DINAS FELIX', 12, '2020-06-29', 'DONE', 'AGUSTIN', 2, '2020-06-30 01:37:58', '2020-06-30 01:37:58'),
(819, 18, 'Rekap saldo Mandiri 26-27 juni 2020', 12, '2020-06-29', 'DONE', 'AGUSTIN', 2, '2020-06-30 01:37:58', '2020-06-30 01:37:58'),
(820, 18, 'KAS SBY TGL 29/06', 12, '2020-06-29', 'DONE 29/6/20', 'EXTI', 2, '2020-06-30 01:37:58', '2020-06-30 01:37:58'),
(821, 18, 'Pengajuan dana kas 18,19 Juni 2020', 12, '2020-06-29', 'DONE 29/6/20', 'EXTI', 2, '2020-06-30 01:37:58', '2020-06-30 01:37:58'),
(822, 18, 'Rician BPJS MKS& SBY JUNI\'20', 12, '2020-06-29', 'ON PROGRES', 'EXTI', 1, '2020-06-30 01:37:58', '2020-06-30 01:37:58'),
(823, 18, 'Input Pelunasan Bank Jakarta 25/06/20', 12, '2020-06-29', 'DONE 29/6/20', 'SEPTI', 2, '2020-06-30 01:37:58', '2020-06-30 01:37:58'),
(824, 18, 'Input Pelunasan Jatim 25/06/20', 12, '2020-06-29', 'DONE 29/6/20', 'SEPTI', 2, '2020-06-30 01:37:58', '2020-06-30 01:37:58'),
(825, 18, 'Input Pelunasan VA sby dps tgl 24 juni 2020', 12, '2020-06-29', 'SBY DONE 29/6/20', 'SEPTI', 1, '2020-06-30 01:37:58', '2020-06-30 01:37:58'),
(826, 18, 'Rekap PPH 22 dan 23', 12, '2020-06-29', 'DONE 29/6/20', 'SEPTI', 2, '2020-06-30 01:37:58', '2020-06-30 01:37:58'),
(827, 18, 'Cek Aged Account  Receiv dan email', 12, '2020-06-29', 'DONE 29/6/20', 'SEPTI', 2, '2020-06-30 01:37:58', '2020-06-30 01:37:58'),
(828, 18, 'Menyiapkan kirim voucher pelunasan ke jakarta', 12, '2020-06-29', 'ON PROGRES', 'SEPTI', 1, '2020-06-30 01:37:58', '2020-06-30 01:37:58'),
(829, 18, 'PPI surya kawitan, sukses mandiri cemerlang, teknik olah sarana', 12, '2020-06-29', 'ON PROGRES', 'RIA', 1, '2020-06-30 01:37:58', '2020-06-30 01:37:58'),
(830, 18, 'FU bu evelyn revisi invoice sarana pelana', 12, '2020-06-29', 'DONE 29/6/20', 'RIA', 2, '2020-06-30 01:37:58', '2020-06-30 01:37:58'),
(831, 18, 'Posting pelunasan Bank Jatim dan Jakarta', 12, '2020-06-29', 'VA & JATIM DONE 29/6/20', 'RIA', 1, '2020-06-30 01:37:58', '2020-06-30 01:37:58'),
(832, 18, 'Input e-faktur 26-27/06/20', 12, '2020-06-29', 'DONE 29/6/20', 'HERLINA', 2, '2020-06-30 01:37:58', '2020-06-30 01:37:58'),
(833, 18, 'Cek Age account bln maret yg masih gantung (dunia wisata, ANEKA STAR)', 12, '2020-06-29', 'ON PROGRES', 'HERLINA', 1, '2020-06-30 01:37:58', '2020-06-30 01:37:58'),
(834, 18, 'Rekap dan Cek PPN Masukan dan ppn yang tidak dikreditkan BLN APRIL - JUNI 2020', 12, '2020-06-29', 'ON PROGRES', 'HERLINA', 1, '2020-06-30 01:37:58', '2020-06-30 01:37:58'),
(835, 18, 'PBK Soegiri, gambiran dan RSUD Sidoarjo', 12, '2020-06-29', 'DONE 29/6/20', 'HERLINA', 2, '2020-06-30 01:37:58', '2020-06-30 01:37:58'),
(836, 18, 'Input dan Rekap WHT TGL 29/06/2020', 12, '2020-06-29', 'DONE 29/6/20', 'KIKI', 2, '2020-06-30 01:37:58', '2020-06-30 01:37:58'),
(837, 18, 'POSTING PPR TGL 22-27/06/2020', 12, '2020-06-29', 'ON PROGRES', 'KIKI', 1, '2020-06-30 01:37:58', '2020-06-30 01:37:58'),
(838, 18, 'PPI Iron dan ladang', 12, '2020-06-29', 'DONE 29/6/20', 'KIKI', 2, '2020-06-30 01:37:58', '2020-06-30 01:37:58'),
(862, 20, 'FU PPH tgl 1-15/06/20', 12, '2020-06-30', 'ON PROGRES', 'FIA', 1, '2020-07-01 01:49:25', '2020-07-01 01:49:25'),
(863, 20, 'FU PPH tgl 16-31/05/20', 12, '2020-06-30', 'ON PROGRES', 'FIA', 1, '2020-07-01 01:49:25', '2020-07-01 01:49:25'),
(864, 20, 'Membuat Pengajuan Dana Listrik,BPJS,TELPN Juli 2020', 12, '2020-06-30', 'ON PROGRES', 'FIA', 1, '2020-07-01 01:49:25', '2020-07-01 01:49:25'),
(865, 20, 'FU Dana Listrik,BPJS,TELEPON Juni 2020', 12, '2020-06-30', 'ON PROGRES', 'FIA', 1, '2020-07-01 01:49:25', '2020-07-01 01:49:25'),
(866, 20, 'FU Perbaikan pintu gerbang gudang kedinding', 12, '2020-06-30', 'ON PROGRES', 'FIA', 1, '2020-07-01 01:49:25', '2020-07-01 01:49:25'),
(867, 20, 'PD yg sudah Realisasi tapi belom di TF Pusat ACC-SBY/2020/VI/0004 Pemby SSP PPN atas pembayaran penuh (Customer)', 12, '2020-06-30', 'ON PROGRES', 'AGUSTIN', 1, '2020-07-01 01:49:25', '2020-07-01 01:49:25'),
(868, 20, '(FIN) PD yg sudah Realisasi tapi belom di TF Pusat FIN-SBY/2020/V/0018 Pemb Triplek 5,1JT ;FIN-SBY/2020/VI/0007 TELEPON JUNI\'20', 12, '2020-06-30', 'ON PROGRES', 'AGUSTIN', 1, '2020-07-01 01:49:25', '2020-07-01 01:49:25'),
(869, 20, '(MS) PD yg sudah Realisasi tapi belom di TF Pusat MS-SBY/2020/V/0003 pengajuan dana Renovasi Ruang Isolasi HD di RSUD Dr. Haryoto', 12, '2020-06-30', 'ON PROGRES', 'AGUSTIN', 1, '2020-07-01 01:49:25', '2020-07-01 01:49:25'),
(870, 20, 'Salary Bulan June 2020', 12, '2020-07-01', 'ON PROGRES', 'AGUSTIN', 1, '2020-07-01 01:49:25', '2020-07-01 01:49:25'),
(871, 20, 'Rician BPJS MKS& SBY JUNI\'20', 12, '2020-06-30', 'ON PROGRES', 'EXTI', 1, '2020-07-01 01:49:25', '2020-07-01 01:49:25'),
(872, 20, 'Pengajuan Dana Tgl 22-23 June 2020', 12, '2020-07-01', 'DONE 30/6/20', 'EXTI', 2, '2020-07-01 01:49:25', '2020-07-01 01:49:25'),
(873, 20, 'Input Kas 30 June 2020', 12, '2020-06-30', 'DONE 30/6/20', 'EXTI', 2, '2020-07-01 01:49:25', '2020-07-01 01:49:25'),
(874, 20, 'Input Pelunasan VA sby dps tgl 24 & 25 juni 2020', 12, '2020-06-30', 'DONE 30/6/20', 'SEPTI', 2, '2020-07-01 01:49:25', '2020-07-01 01:49:25'),
(875, 20, 'Menyiapkan kirim voucher pelunasan ke jakarta', 12, '2020-06-30', 'DONE 30/6/20', 'SEPTI', 2, '2020-07-01 01:49:25', '2020-07-01 01:49:25'),
(876, 20, 'Input Pelunasan Bank Jakarta 26/06/20', 12, '2020-06-30', 'DONE 30/6/20', 'SEPTI', 2, '2020-07-01 01:49:25', '2020-07-01 01:49:25'),
(877, 20, 'Input PelunasanBank Jatim tgl 29 juni 2020', 12, '2020-06-30', 'DONE 30/6/20', 'SEPTI', 2, '2020-07-01 01:49:25', '2020-07-01 01:49:25'),
(878, 20, 'PPI surya kawitan, sukses mandiri cemerlang, teknik olah sarana', 12, '2020-06-30', 'DONE 30/6/20', 'RIA', 2, '2020-07-01 01:49:25', '2020-07-01 01:49:25'),
(879, 20, 'Posting pelunasan Bank Jatim dan Jakarta', 12, '2020-06-30', 'ON PROGRES', 'RIA', 1, '2020-07-01 01:49:25', '2020-07-01 01:49:25'),
(880, 20, 'Cek Buku Besar UM Sewa, ADP, Aktiva Lain2', 12, '2020-06-30', 'DONE UM SEWA', 'RIA', 1, '2020-07-01 01:49:25', '2020-07-01 01:49:25'),
(881, 20, 'Cek Voucher Pelunasan yang akan dikirim Jakarta', 12, '2020-06-30', 'ON PROGRES', 'RIA', 1, '2020-07-01 01:49:25', '2020-07-01 01:49:25'),
(882, 20, 'Melengkapi Voucher Pelunasan Hutang Lokal Vendor', 12, '2020-06-30', 'DONE S/D 29/6/20', 'KIKI', 1, '2020-07-01 01:49:25', '2020-07-01 01:49:25'),
(883, 20, 'Input WHT 30/6/20', 12, '2020-06-30', 'DONE 30/6/20', 'KIKI', 2, '2020-07-01 01:49:25', '2020-07-01 01:49:25'),
(884, 20, 'Posting Mufal', 12, '2020-06-30', 'DONE 30/6/20', 'KIKI', 2, '2020-07-01 01:49:25', '2020-07-01 01:49:25'),
(919, 21, 'FU PPH tgl 1-15/06/20', 12, '2020-07-01', 'ON PROGRES', 'FIA', 1, '2020-07-02 01:37:35', '2020-07-02 01:37:35'),
(920, 21, 'FU PPH tgl 16-31/05/20', 12, '2020-07-01', 'ON PROGRES', 'FIA', 1, '2020-07-02 01:37:35', '2020-07-02 01:37:35'),
(921, 21, 'Membuat Pengajuan Dana Listrik,BPJS,TELPN Juli 2020', 12, '2020-07-01', 'DONE 01/07/2020', 'FIA', 2, '2020-07-02 01:37:35', '2020-07-02 01:37:35'),
(922, 21, 'FU Dana Listrik,BPJS,TELEPON Juni 2020', 12, '2020-07-01', 'ON PROGRES', 'FIA', 1, '2020-07-02 01:37:35', '2020-07-02 01:37:35'),
(923, 21, 'FU Perbaikan pintu gerbang gudang kedinding', 12, '2020-07-01', 'PRSES ULANG PROPOSAL', 'FIA', 1, '2020-07-02 01:37:35', '2020-07-02 01:37:35'),
(924, 21, 'PD yg sudah Realisasi tapi belom di TF Pusat ACC-SBY/2020/VI/0004 Pemby SSP PPN atas pembayaran penuh (Customer)', 12, '2020-07-01', 'ON PROGRES', 'AGUSTIN', 1, '2020-07-02 01:37:35', '2020-07-02 01:37:35'),
(925, 21, '(FIN) PD yg sudah Realisasi tapi belom di TF Pusat FIN-SBY/2020/V/0018 Pemb Triplek 5,1JT ;FIN-SBY/2020/VI/0007 TELEPON JUNI\'20', 12, '2020-07-01', 'ON PROGRES', 'AGUSTIN', 1, '2020-07-02 01:37:35', '2020-07-02 01:37:35'),
(926, 21, '(MS) PD yg sudah Realisasi tapi belom di TF Pusat MS-SBY/2020/V/0003 pengajuan dana Renovasi Ruang Isolasi HD di RSUD Dr. Haryoto', 12, '2020-07-01', 'DONE 01/07/2020', 'AGUSTIN', 2, '2020-07-02 01:37:35', '2020-07-02 01:37:35'),
(927, 21, 'Salary Bulan June 2020', 12, '2020-07-01', 'DONE 01/07/2020', 'AGUSTIN', 2, '2020-07-02 01:37:35', '2020-07-02 01:37:35'),
(928, 21, 'PD Kas Bali 24-27/6/20', 12, '2020-07-01', 'TTD PIC', 'AGUSTIN', 1, '2020-07-02 01:37:35', '2020-07-02 01:37:35'),
(929, 21, 'Rician BPJS MKS& SBY JUNI\'20', 12, '2020-07-01', 'DONE 01/07/2020', 'EXTI', 1, '2020-07-02 01:37:35', '2020-07-02 01:37:35'),
(930, 21, 'PD Kas 25,26,27/6/20', 12, '2020-07-01', 'ON PROGRES', 'EXTI', 1, '2020-07-02 01:37:35', '2020-07-02 01:37:35'),
(931, 21, 'Input Pelunasan VA sby dps tgl 30 juni 2020', 12, '2020-07-01', 'ON PROGRES', 'SEPTI', 1, '2020-07-02 01:37:35', '2020-07-02 01:37:35'),
(932, 21, 'Input Pelunasan Bank Jakarta 30/06/20', 12, '2020-07-01', 'KURANG FU KONFIRMASI RS SITI KHODIJAH', 'SEPTI', 1, '2020-07-02 01:37:35', '2020-07-02 01:37:35'),
(933, 21, 'Input Pelunasan Bank Jatim,Permata tgl 30 juni 2020', 12, '2020-07-01', 'DONE 01/07/2020', 'SEPTI', 1, '2020-07-02 01:37:35', '2020-07-02 01:37:35'),
(934, 21, 'Posting pelunasan Bank Jatim dan Jakarta', 12, '2020-07-01', 'ON PROGRES', 'RIA', 1, '2020-07-02 01:37:35', '2020-07-02 01:37:35'),
(935, 21, 'Cek Buku Besar UM Sewa, ADP, Aktiva Lain2', 12, '2020-07-01', 'ON PROGRES', 'RIA', 1, '2020-07-02 01:37:35', '2020-07-02 01:37:35'),
(936, 21, 'FU PPI ace hardware', 12, '2020-07-01', 'DONE 01/07/2020', 'RIA', 1, '2020-07-02 01:37:35', '2020-07-02 01:37:35'),
(937, 21, 'e Faktur Tgl 30/6', 12, '2020-07-01', 'DONE 01/07/2020', 'HERLINA', 2, '2020-07-02 01:37:35', '2020-07-02 01:37:35'),
(938, 21, 'Age Account yg masih gantung (Dunia Wisata,Aneka Star)', 12, '2020-07-01', 'DONE 01/07/2020', 'HERLINA', 1, '2020-07-02 01:37:35', '2020-07-02 01:37:35'),
(939, 21, 'Buat Pengajuan PPH 16-30/6/20', 12, '2020-07-01', 'ON PROGRES', 'HERLINA', 1, '2020-07-02 01:37:35', '2020-07-02 01:37:35'),
(940, 21, 'Rekap NPWP Perubahan Juli ,NPWP RSUD', 12, '2020-07-01', 'ON PROGRES', 'HERLINA', 1, '2020-07-02 01:37:35', '2020-07-02 01:37:35'),
(941, 21, 'FU Mks PO Hermina April', 12, '2020-07-01', 'ON PROGRES', 'HERLINA', 1, '2020-07-02 01:37:35', '2020-07-02 01:37:35'),
(942, 21, 'Buat Surat Pengantar Dan PBK RS Gambiran, Soegiri ,Sidoarjo,Dinkes Magertan', 12, '2020-07-01', 'ON PROGRES', 'HERLINA', 1, '2020-07-02 01:37:35', '2020-07-02 01:37:35'),
(943, 21, 'Input WHT 01/7/20', 12, '2020-07-01', 'ON PROGRES', 'KIKI', 1, '2020-07-02 01:37:35', '2020-07-02 01:37:35'),
(944, 21, 'Posting PPI Ladang Berkah, PPR', 12, '2020-07-01', 'DONE 01/07/2020', 'KIKI', 2, '2020-07-02 01:37:35', '2020-07-02 01:37:35'),
(986, 24, 'doa pagi dan sore hari', 2, '2020-07-01', 'membiasakan untuk doa bersama setiap awal kegiatan dan akhir kerja', 'All team gudang', 2, '2020-07-02 03:44:33', '2020-07-02 03:44:33'),
(987, 24, 'kiriman luar kota dan dalam kota', 2, '2020-07-01', 'kiriman renal 2 wingbox ke semarang', 'sukses', 2, '2020-07-02 03:44:33', '2020-07-02 03:44:33'),
(988, 24, 'penerimaan kontainer hari ini', 2, '2020-07-01', 'bongkar 1 kontainer di gudang maspion.2', 'sesuai dengan PL dan surat jalan', 2, '2020-07-02 03:44:33', '2020-07-02 03:44:33'),
(989, 24, 'kiriman dalam kota dan luar kota besok', 2, '2020-07-01', 'ada 9 tujuab kiriman', 'on progress', 1, '2020-07-02 03:44:33', '2020-07-02 03:44:33'),
(990, 24, 'penerimaan kontainer besok', 2, '2020-07-01', 'ada 2 kontainer renal akan bongkar di gudang maspion.2', 'on progress', 1, '2020-07-02 03:44:33', '2020-07-02 03:44:33'),
(991, 25, 'proposal kas kecil dibawah 500rb', 4, '2020-07-02', 'proses buat proposal', 'buat proposal oleh PIC', 1, '2020-07-02 07:34:53', '2020-07-02 07:34:53'),
(992, 25, 'pest kontrol gudang depo & maspion', 4, '2020-07-03', 'proposal msh ditt', 'proposal proses tt bu wiwik', 1, '2020-07-02 07:34:53', '2020-07-02 07:34:53'),
(993, 25, 'semi elaktrik gudang kedinding troubel', 4, '2020-07-02', 'proses pengajuan dana', 'pengajuan dana msh tt bu wiwik', 1, '2020-07-02 07:34:53', '2020-07-02 07:34:53'),
(994, 25, 'perbaikan pintu gerbang gudang kedinding', 4, '2020-07-06', 'proposal dikirim ke jkt', 'proses tt  jkt,karena ada revisi tgl', 1, '2020-07-02 07:34:53', '2020-07-02 07:34:53'),
(995, 25, 'pengajuan dana', 4, '2020-07-06', 'GA-SBY/2020/VI/0001 sdh difinance', 'proses tt  jkt', 1, '2020-07-02 07:34:53', '2020-07-02 07:34:53'),
(996, 25, 'email  dr jkt u/gudang dikasih tirai (curtin)', 4, '2020-07-03', 'akan dikoordinasikan sm pimpinan', 'koordinasi ke pimpinan', 1, '2020-07-02 07:34:53', '2020-07-02 07:34:53'),
(997, 25, 'perpindahan ruangan lanti 4 & 2 ,karena akan direnovasi', 4, '2020-07-07', 'proses RAB sdh diacc pimpinan', 'pembelian bahan yg diperlukan', 1, '2020-07-02 07:34:53', '2020-07-02 07:34:53'),
(998, 26, 'proposal kas kecil dibawah 500rb dikeluarkan kas kecil', 4, '2020-07-02', 'proses buat proposal', 'proposal sdh dibuat PIC', 1, '2020-07-02 08:23:40', '2020-07-02 08:23:40'),
(999, 26, 'pest kontrol gudang depo & maspion', 4, '2020-07-03', 'proposal msh proses tt', 'tt bu wiwik', 1, '2020-07-02 08:23:40', '2020-07-02 08:23:40'),
(1000, 26, 'hand staker semi elektrik  gudang kedinding hydrolis troubel', 4, '2020-07-02', 'proses pengajuan dana', 'tt bu wiwik', 1, '2020-07-02 08:23:40', '2020-07-02 08:23:40'),
(1001, 26, 'perbaikan pintu gerbang gudang kedinding', 4, '2020-07-06', 'proposal dikirim jkt revisi tgl', 'proses tt jkt', 1, '2020-07-02 08:23:40', '2020-07-02 08:23:40'),
(1002, 26, 'pengajuan dana', 4, '2020-07-06', 'GA-SBY/2020/VI/0001 sdh difinance', 'pengajuan lainnya msh proses tt jkt', 1, '2020-07-02 08:23:40', '2020-07-02 08:23:40'),
(1003, 26, 'email dr jkt u/gudang dikasih tirai(curtin)', 4, '2020-07-03', 'akan dikoordinasikan ke pimpinan', 'koordinasi ke pimpinan', 1, '2020-07-02 08:23:40', '2020-07-02 08:23:40'),
(1004, 26, 'perpindahan ruangan lntai 4 & 2 karena akan renovasi', 4, '2020-07-07', 'proses RAB sdh acc pimpinan sby', 'pembelian bahan yg diperlukan', 1, '2020-07-02 08:23:40', '2020-07-02 08:23:40'),
(1005, 26, 'mobil avanza B1826POF waktunya ganti oli', 4, '2020-07-08', 'pengajuan dana sdh dikirim jkt', 'proses tt jkt', 1, '2020-07-02 08:23:40', '2020-07-02 08:23:40'),
(1011, 22, 'Pelunasan juni closing\r\n- VA BCA periode 25 juni 2020\r\n- Kas besar tambahan tgl 30 juni 2020', 11, '2020-07-02', 'sudah dibuatkan LRRPP - pelunasan JUNI DONE', NULL, 2, '2020-07-03 01:30:02', '2020-07-03 01:30:02'),
(1012, 22, 'Training admin piutang baru ttg job desk rutin (Mbak Dina)', 11, '2020-07-10', 'membantu training harian tentang faktur dan penagihan', NULL, 1, '2020-07-03 01:30:02', '2020-07-03 01:30:02'),
(1013, 22, 'Distribusi kiriman faktur juni ke ekspedisi pandu :\r\n- RSU Bhakti Husada\r\n- RSU UMM\r\n- RS RIzani\r\n- RS Al Huda\r\n- Apotek Farhan\r\n- Yay At Tin Husada', 11, '2020-07-02', 'sudah didistrusikan ke receptionis', NULL, 2, '2020-07-03 01:30:02', '2020-07-03 01:30:02'),
(1014, 22, 'Follow up tagihan jatuh tempo RS Muhammadiyah Jombang', 11, '2020-07-10', 'Info dari Ibu Dana (Keuangan) : Rencana pembayaran minggu depan 06-10 juni 2020', NULL, 1, '2020-07-03 01:30:02', '2020-07-03 01:30:02'),
(1015, 22, 'Minta kontak person Apotek Anugrah Farma Sumenep ke salesnya (Mas Dimas) untuk follow up tagihan customer baru', 11, '2020-07-03', 'sudah mendapat kontak bapak eddy', NULL, 2, '2020-07-03 01:30:02', '2020-07-03 01:30:02'),
(1016, 28, 'Training admin piutang baru ttg job desk rutin', 11, '2020-07-10', 'membantu training harian tentang faktur', 'follow up tagihan ke RS Semen Gresik', 1, '2020-07-03 01:40:33', '2020-07-03 01:40:33'),
(1017, 28, 'Follow up tagihan jatuh tempo RS Muhammadiyah Jombang', 11, '2020-07-10', 'menunggu realisasi pembayaran 06-10 Juli 2020', 'info dari bag. keuangan RS (Ibu Dana)- follow up by wa Kamis 02 Junu 2020', 1, '2020-07-03 01:40:33', '2020-07-03 01:40:33');
INSERT INTO `notulen_detail` (`id`, `notulen_id`, `deskripsi`, `dept_id`, `tgl_target`, `realisasi`, `notes`, `status`, `created_at`, `updated_at`) VALUES
(1018, 28, 'Membuat untuk RS Orpeha :\r\n- surat permohonan pembayaran tagihan di atas 45 hari (revisi)\r\n- surat pernyataan salah menginfokan nama tujuan virtual account', 11, '2020-07-03', 'sudah dibuatkan surat dan siap dikirimkan ke RS via ekspedisi', NULL, 1, '2020-07-03 01:40:33', '2020-07-03 01:40:33'),
(1019, 28, 'Distribusi kiriman faktur juni ke ekspedisi pandu :\r\n-  RSI Orpeha (surat)\r\n- RS lavalette\r\n- RS Bhayangkara Lumajang\r\n- RSU Kaliwates\r\n- RS Bina Sehat Jember\r\n- RS Panti Waluya (HD)', 11, '2020-07-03', 'proses distribusi ke receptionist', NULL, 1, '2020-07-03 01:40:33', '2020-07-03 01:40:33'),
(1020, 28, 'Planning opname faktur', 11, '2020-07-07', 'menunggu istruksi dari bagian accounting', '- Mengambil tanda terima lunas dan dipisahkan \r\n- merapikan faktur\r\n- mencetak tanda terima yang difotokan dari customer', 1, '2020-07-03 01:40:33', '2020-07-03 01:40:33'),
(1047, 29, 'proposal kas kecil dibawah 500rb dieluarkan kas kecil', 4, '2020-07-02', 'prose buat proposal', 'proses sdh dibuat PIC', 1, '2020-07-03 03:05:18', '2020-07-03 03:05:18'),
(1048, 29, 'pest control gudang depo & maspion', 4, '2020-07-03', 'proposal msh proses tt', 'tt bu wiwik', 1, '2020-07-03 03:05:18', '2020-07-03 03:05:18'),
(1049, 29, 'hand steker semi elektrik gudang kedinding hydrolis troubel', 4, '2020-07-02', 'proses pengajuan dana', 'tt bu wiwik', 1, '2020-07-03 03:05:18', '2020-07-03 03:05:18'),
(1050, 29, 'perbaikan pintu gerbang gudang kedinding', 4, '2020-07-06', 'proposal dikirim sdh dikirim ke jkt revisi tgl ,foto pintu gerbang yang diperbaiki', 'proses tt jkt', 1, '2020-07-03 03:05:18', '2020-07-03 03:05:18'),
(1051, 29, 'pengajuan dana', 4, '2020-07-06', 'GA-SBY/2020/VI/0001 sdh difinance', 'GA-SBY/2020/VI/0002 proses tt p.winarto\r\nGA-sby/2020/VI/0003 (checklist ac )\r\nGA-SBY/2020/VI/0004 proses tt p.winarto\r\nGA-SBY/2020/vi/0005 proses tt jkt', 1, '2020-07-03 03:05:18', '2020-07-03 03:05:18'),
(1052, 29, 'email dr jkt u/gudang dikasih tirai (curtin)', 4, '2020-07-03', 'akan dikoordinasikan ke pimpinan', 'koordinasi ke pimpinan', 1, '2020-07-03 03:05:18', '2020-07-03 03:05:18'),
(1053, 29, 'pindahan ruangan lantai 4& 2 ,karena ada renovasi', 4, '2020-07-07', 'proses RAB sdh acc pimpinan', 'pembelian bahan dan sdh dimulai pekerjaan tgl.3', 1, '2020-07-03 03:05:18', '2020-07-03 03:05:18'),
(1054, 29, 'mobil avanza B1826POF waktunya ganti oli', 4, '2020-07-08', 'pengajuan dana sdh dikirim ke jkt', 'prose tt jkt', 1, '2020-07-03 03:05:18', '2020-07-03 03:05:18'),
(1058, 30, 'Penomoran berkas RS Mataram HD Reuses bulan Mei\'20 (2 faktur) dan paket hd bulan Juni\'20 belum di iinfo oleh RS (Ibu nani)', 11, '2020-07-10', '10/07/2020', NULL, 1, '2020-07-03 05:01:03', '2020-07-03 05:01:03'),
(1059, 30, 'RSUD Naibonat belum kirim berkas tagihan untuk faktur no.PSI-2002-0212, info dari Pak Nikson Keuangan akan dibayarkan di bulan Juli 2020', 11, '2020-07-17', '17/07/2020', NULL, 1, '2020-07-03 05:01:03', '2020-07-03 05:01:03'),
(1060, 30, 'RS Tabanan 1 faktur bulan Pebruari belum ditransfer atas PSI-2002-2999 karena faktur terselip di RS', 11, '2020-07-10', '10/07/2020', NULL, 1, '2020-07-03 05:01:03', '2020-07-03 05:01:03'),
(1061, 27, 'PENGIRIMAN HARI INI', 2, '2020-07-02', 'ADA 9 KIRIMAN', 'TERKIRIM SEMUA', 2, '2020-07-03 09:42:18', '2020-07-03 09:42:18'),
(1062, 27, 'KONTAINER MASUK', 2, '2020-07-02', 'ADA 2 KONTAINER , BONGKAR MASPION.2', 'SESUAI PL DAN SURAT JALAN', 2, '2020-07-03 09:42:18', '2020-07-03 09:42:18'),
(1063, 27, 'WINGBOX KIRIMAN', 2, '2020-07-02', 'ADA 3 KIRIMAN KE SEMARANG DAN BALI', 'SESUAI DENGAN PLANKIR', 2, '2020-07-03 09:42:18', '2020-07-03 09:42:18'),
(1064, 27, 'KIRIMAN BESOK', 2, '2020-07-03', 'ADA 5 TUJUAN KIRIMAN', 'ON PROGRESS', 2, '2020-07-03 09:42:18', '2020-07-03 09:42:18'),
(1065, 27, 'KONTAINER MASUK BESOK', 2, '2020-07-03', 'ADA 4 KONTAINER MASUK', 'GUDANG DEPO DAN GUDANG MASPION', 2, '2020-07-03 09:42:18', '2020-07-03 09:42:18'),
(1066, 31, 'doa pagi dan sore hari', 2, '2020-07-03', 'berdoa bersama', 'All team', 2, '2020-07-03 09:47:58', '2020-07-03 09:47:58'),
(1067, 31, 'kiriman dalam kota dan luar kota', 2, '2020-07-03', '12 kiriman dan tidak ada pendingan', 'sukses', 2, '2020-07-03 09:47:58', '2020-07-03 09:47:58'),
(1068, 31, 'kontainer masuk', 2, '2020-07-03', 'bongkar 4 kontainer', 'gudang maspion.1, maspion.2 dan depo', 2, '2020-07-03 09:47:58', '2020-07-03 09:47:58'),
(1069, 31, 'kiriman besok', 2, '2020-07-04', '1 kiriman ke semarang', 'on progress', 1, '2020-07-03 09:47:58', '2020-07-03 09:47:58'),
(1070, 31, 'planning kerja besok', 2, '2020-07-04', 'siapkan tempat untuk penerimaan kontainer minggu depan', 'besok', 1, '2020-07-03 09:47:58', '2020-07-03 09:47:58'),
(1071, 32, 'proposal kas kecil dibawah 500rb dikeluarkan kas kecil', 4, '2020-07-02', 'proses buat proposal', 'proses dibuat pic', 1, '2020-07-04 02:28:20', '2020-07-04 02:28:20'),
(1072, 32, 'pest control gudang depo & maspion', 4, '2020-07-03', 'proposal msh proses tt', 'msh tt  bu wiwik', 1, '2020-07-04 02:28:21', '2020-07-04 02:28:21'),
(1073, 32, 'hand steker semi elektrik gudang kedinding hydrolis troubel', 4, '2020-07-02', 'pengajuan dana sdh diajukan & diemail', 'proses tt jkt ,nunggu acc u/dikerjakan', 1, '2020-07-04 02:28:21', '2020-07-04 02:28:21'),
(1074, 32, 'perbaikan pintu gerbang gudang kedinding', 4, '2020-07-06', 'proposal sdh dikirim ke jkt  revisi tgl,foto pintu gerbang', 'proses tt jkt', 1, '2020-07-04 02:28:21', '2020-07-04 02:28:21'),
(1075, 32, 'pengajuan dana', 4, '2020-07-06', 'GA-SBY/2020/VI/0001 Sdh difinance', 'GA-SBY/2020/VI/0002 proses tt p.winarto\r\nGA-SBY/2020/VI/0003 (Checklist ac)\r\nGA-SBY2020/VI/0004 proses tt p.winarto\r\nGA-SBY/2020/VI/0005 proses tt jkt', 1, '2020-07-04 02:28:21', '2020-07-04 02:28:21'),
(1076, 32, 'email dr jkt u/gudang dikasih tirai (curtin)', 4, '2020-07-03', 'akan dikoordinasikan ke pimpinan', 'pic koordinasi ke pimpinan', 1, '2020-07-04 02:28:21', '2020-07-04 02:28:21'),
(1077, 32, 'pindahan ruangan lantai 4 & 2 ,karena ada renoasi', 4, '2020-07-07', 'sudah dilakukan pengerjaan di kantor mojo', 'tgl.3 mulai dikerjakan', 1, '2020-07-04 02:28:21', '2020-07-04 02:28:21'),
(1078, 32, 'mobil avanza B1826POF waktunya ganti oli', 4, '2020-07-08', 'pengajuan dana sdh dikirim kr jkt', 'nunggu acc u/pengerjaannya', 1, '2020-07-04 02:28:21', '2020-07-04 02:28:21'),
(1084, 33, 'DOA AWAL KERJA DAN AKHIR KEGIATAN', 2, '2020-07-04', 'MEMBIASAKAN UNTUK DOA BERSAMA', 'ALL TEAM', 2, '2020-07-04 05:52:03', '2020-07-04 05:52:03'),
(1085, 33, 'KIRIMAN HARI INI', 2, '2020-07-04', '1 WINGBOX TUJUAN KE SEMARANG', 'GD. MASPION.2', 2, '2020-07-04 05:52:03', '2020-07-04 05:52:03'),
(1086, 33, 'KIRIMAN BESOK', 2, '2020-07-06', 'ADA 17 TUJUAN KIRIMAN,\r\n3 WINGBOX KIRIMAN KE BALI DAN SEMARANG', 'GD. MASPION.2, GD. MASPION.1 DAN GD. DEPO', 1, '2020-07-04 05:52:03', '2020-07-04 05:52:03'),
(1087, 33, 'KONTAINER MASUK BESOK', 2, '2020-07-06', '2 KONTAINER RENAL', 'BONGKAR GD. MASPION.2``', 1, '2020-07-04 05:52:03', '2020-07-04 05:52:03'),
(1088, 33, 'WINGBOX RENAL MASUK BESOK', 2, '2020-07-06', '1 WINGBOX RENAL', 'BONGKAR GD. DEPO', 1, '2020-07-04 05:52:03', '2020-07-04 05:52:03'),
(1095, 34, 'Penomoran berkas RS Mataram HD Reuses bulan Mei\'20 (2 faktur) dan paket hd bulan Juni\'20 belum di iinfo oleh RS (Ibu nani)', 11, '2020-07-10', 'belum ada realisasi', 'Pak Benny bantu followup langsung ke Ibu Nani', 1, '2020-07-04 06:06:50', '2020-07-04 06:06:50'),
(1096, 34, 'RSUD Naibonat belum kirim berkas tagihan untuk faktur no.PSI-2002-0212, info dari Pak Nikson Keuangan akan dibayarkan di bulan Juli 2020', 11, '2020-07-17', 'belum ada realisasi', 'Berkas tagihan belum diemailkan pihak RS ke Surabaya', 1, '2020-07-04 06:06:50', '2020-07-04 06:06:50'),
(1097, 34, 'RS Tabanan 1 faktur bulan Pebruari belum ditransfer atas PSI-2002-2999 karena faktur terselip di RS', 11, '2020-07-10', 'belum ada realisai', 'akan ditanyakan ke RS oleh Hangga dan dikawal bu Tina', 1, '2020-07-04 06:06:50', '2020-07-04 06:06:50'),
(1098, 34, 'Hari Senin tgl 06/07/2020 Bayu ambil ssp ke RS Bangli dan tgl 07/07/2020 Bayu ambil ssp ke RS Buleleng', 11, '2020-07-08', 'belum ada realisasi', 'di ambil Bayu kolektor Bali', 1, '2020-07-04 06:06:50', '2020-07-04 06:06:50'),
(1158, 23, 'FU PPH tgl 1-15/06/20', 12, '2020-07-02', 'ON PROGRES', 'FIA', 1, '2020-07-06 01:57:48', '2020-07-06 01:57:48'),
(1159, 23, 'Membuat PD PPH tgl 16-31/06/20', 12, '2020-07-02', 'ON PROGRES', 'FIA', 1, '2020-07-06 01:57:48', '2020-07-06 01:57:48'),
(1160, 23, 'FU Dana TELEPON Juni 2020', 12, '2020-07-02', 'ON PROGRES', 'FIA', 1, '2020-07-06 01:57:48', '2020-07-06 01:57:48'),
(1161, 23, 'FU Perbaikan pintu gerbang gudang kedinding', 12, '2020-07-02', 'ON PROGRES', 'FIA', 1, '2020-07-06 01:57:48', '2020-07-06 01:57:48'),
(1162, 23, 'PD yg sudah Realisasi tapi belom di TF Pusat ACC-SBY/2020/VI/0004 Pemby SSP PPN atas pembayaran penuh (Customer)', 12, '2020-07-02', 'ON PROGRES', 'AGUSTIN', 1, '2020-07-06 01:57:48', '2020-07-06 01:57:48'),
(1163, 23, '(FIN) PD yg sudah Realisasi tapi belom di TF Pusat FIN-SBY/2020/V/0018 Pemb Triplek 5,1JT ;FIN-SBY/2020/VI/0007 TELEPON JUNI\'20', 12, '2020-07-02', 'ON PROGRES', 'AGUSTIN', 1, '2020-07-06 01:57:48', '2020-07-06 01:57:48'),
(1164, 23, 'PD Kas Bali 24-27/6/20', 12, '2020-07-02', 'DONE 02/07/2020', 'AGUSTIN', 1, '2020-07-06 01:57:48', '2020-07-06 01:57:48'),
(1165, 23, 'Saldo Mandiri tgl 30/06/20', 12, '2020-07-02', 'ON PROGRES', 'AGUSTIN', 1, '2020-07-06 01:57:48', '2020-07-06 01:57:48'),
(1166, 23, 'Rekap Operasional Juni\'20', 12, '2020-07-02', 'ON PROGRES', 'AGUSTIN', 1, '2020-07-06 01:57:48', '2020-07-06 01:57:48'),
(1167, 23, 'PD Kas 27-30/6/20', 12, '2020-07-02', 'PD 27/06/2020 DONE 02/07/2020', 'EXTI', 2, '2020-07-06 01:57:48', '2020-07-06 01:57:48'),
(1168, 23, 'FU Faktur Pajak MAXINDO Juli\'20', 12, '2020-07-02', 'ON PROGRES', 'EXTI', 1, '2020-07-06 01:57:48', '2020-07-06 01:57:48'),
(1169, 23, 'Input Pelunasan VA sby dps tgl 30 juni 2020', 12, '2020-07-02', 'DONE 02/07/2020', 'SEPTI', 2, '2020-07-06 01:57:48', '2020-07-06 01:57:48'),
(1170, 23, 'Input Pelunasan Bank Jakarta 30/06/20', 12, '2020-07-02', 'DONE 02/07/2020', 'SEPTI', 2, '2020-07-06 01:57:48', '2020-07-06 01:57:48'),
(1171, 23, 'Rekap PPH 22&23', 12, '2020-07-02', 'ON PROGRES', 'SEPTI', 1, '2020-07-06 01:57:48', '2020-07-06 01:57:48'),
(1172, 23, 'Cek Acc Receiveable', 12, '2020-07-02', 'ON PROGRES', 'SEPTI', 1, '2020-07-06 01:57:48', '2020-07-06 01:57:48'),
(1173, 23, 'E-faktur 1/07/20', 12, '2020-07-02', 'DONE 02/07/2020', 'HERLINA', 2, '2020-07-06 01:57:48', '2020-07-06 01:57:48'),
(1174, 23, 'Age Account yg masih gantung (Dunia Wisata,Aneka Star)', 12, '2020-07-02', 'ON PROGRES', 'HERLINA', 1, '2020-07-06 01:57:48', '2020-07-06 01:57:48'),
(1175, 23, 'Buat Pengajuan PPH 16-30/6/20', 12, '2020-07-02', 'ON PROGRES', 'HERLINA', 1, '2020-07-06 01:57:48', '2020-07-06 01:57:48'),
(1176, 23, 'Rekap NPWP Perubahan Juli ,NPWP RSUD', 12, '2020-07-02', 'DONE 02/07/2020', 'HERLINA', 2, '2020-07-06 01:57:48', '2020-07-06 01:57:48'),
(1177, 23, 'FU Mks PO Hermina April', 12, '2020-07-02', 'ON PROGRES', 'HERLINA', 1, '2020-07-06 01:57:48', '2020-07-06 01:57:48'),
(1178, 23, 'Posting pelunasan Bank Jatim dan Jakarta', 12, '2020-07-02', 'ON PDONE 02/07/2020ROGRES', 'RIA', 2, '2020-07-06 01:57:48', '2020-07-06 01:57:48'),
(1179, 23, 'Cek Buku Besar UM Sewa, ADP, Aktiva Lain2', 12, '2020-07-02', 'ON PROGRES', 'RIA', 1, '2020-07-06 01:57:48', '2020-07-06 01:57:48'),
(1180, 23, 'FU PPI ace hardware', 12, '2020-07-02', 'DONE 02/07/2020', 'RIA', 2, '2020-07-06 01:57:48', '2020-07-06 01:57:48'),
(1181, 23, 'Kas Mks tgl 15-22 Juni 2020', 12, '2020-07-02', 'DONE 02/07/2020', 'RIA', 2, '2020-07-06 01:57:48', '2020-07-06 01:57:48'),
(1182, 23, 'Input WHT 01/7/20', 12, '2020-07-02', 'DONE 02/07/2020', 'KIKI', 2, '2020-07-06 01:57:48', '2020-07-06 01:57:48'),
(1183, 23, 'PPR Tgl 23-30/06/20', 12, '2020-07-02', 'DONE 02/07/2020', 'KIKI', 2, '2020-07-06 01:57:48', '2020-07-06 01:57:48'),
(1184, 35, 'FU PPH tgl 1-15/06/20', 12, '2020-07-03', 'ON PROGRES', 'FIA', 1, '2020-07-06 02:10:48', '2020-07-06 02:10:48'),
(1185, 35, 'Membuat PD PPH tgl 16-31/06/20', 12, '2020-07-03', 'ON PROGRES', 'FIA', 2, '2020-07-06 02:10:48', '2020-07-06 02:10:48'),
(1186, 35, 'FU Dana TELEPON Juni 2020', 12, '2020-07-03', 'ON PROGRES', 'FIA', 1, '2020-07-06 02:10:48', '2020-07-06 02:10:48'),
(1187, 35, 'FU Perbaikan pintu gerbang gudang kedinding', 12, '2020-07-03', 'ON PROGRES', 'FIA', 1, '2020-07-06 02:10:48', '2020-07-06 02:10:48'),
(1188, 35, 'PD yg sudah Realisasi tapi belom di TF Pusat ACC-SBY/2020/VI/0004 Pemby SSP PPN atas pembayaran penuh (Customer)', 12, '2020-07-03', 'ON PROGRES', 'AGUSTIN', 1, '2020-07-06 02:10:48', '2020-07-06 02:10:48'),
(1189, 35, 'Rekap Operasional Juni\'20', 12, '2020-07-03', 'ON PROGRES', 'AGUSTIN', 1, '2020-07-06 02:10:48', '2020-07-06 02:10:48'),
(1190, 35, 'OPNAME FAKTUR DPS', 12, '2020-07-03', 'ON PROGRES', 'AGUSTIN', 1, '2020-07-06 02:10:48', '2020-07-06 02:10:48'),
(1191, 35, '(FIN) PD yg sudah Realisasi tapi belom di TF Pusat FIN-SBY/2020/V/0018 Pemb Triplek 5,1JT ;FIN-SBY/2020/VI/0007 TELEPON JUNI\'20', 12, '2020-07-03', 'ON PROGRES', 'AGUSTIN', 1, '2020-07-06 02:10:48', '2020-07-06 02:10:48'),
(1192, 35, 'PD yg sudah Realisasi tapi belom di TF Pusat ACC-SBY/2020/VI/0004 Pemby SSP PPN atas pembayaran penuh (Customer)', 12, '2020-07-03', 'ON PROGRES', 'AGUSTIN', 1, '2020-07-06 02:10:48', '2020-07-06 02:10:48'),
(1193, 35, 'PD Kas 29-30/6/20', 12, '2020-07-03', 'ON PROGRES', 'EXTI', 1, '2020-07-06 02:10:48', '2020-07-06 02:10:48'),
(1194, 35, 'FU Faktur Pajak MAXINDO Juli\'20, FP SURYA SATWIKA', 12, '2020-07-03', 'ON PROGRES', 'EXTI', 1, '2020-07-06 02:10:48', '2020-07-06 02:10:48'),
(1195, 35, 'FU PPI PESO, PPI BERKAT JAYA', 12, '2020-07-03', 'ON PROGRES', 'EXTI', 1, '2020-07-06 02:10:48', '2020-07-06 02:10:48'),
(1196, 35, 'Rekap PPH 22&23', 12, '2020-07-03', 'ON PROGRES', 'SEPTIANA', 2, '2020-07-06 02:10:48', '2020-07-06 02:10:48'),
(1197, 35, 'Cek Acc Receiveable', 12, '2020-07-03', 'ON PROGRES', 'SEPTIANA', 2, '2020-07-06 02:10:48', '2020-07-06 02:10:48'),
(1198, 35, 'OPNAME FAKTUR JATIM', 12, '2020-07-03', 'ON PROGRES', 'SEPTIANA', 1, '2020-07-06 02:10:48', '2020-07-06 02:10:48'),
(1199, 35, 'Age Account yg masih gantung (Dunia Wisata,Aneka Star)', 12, '2020-07-03', 'ON PROGRES', 'HERLINA', 1, '2020-07-06 02:10:48', '2020-07-06 02:10:48'),
(1200, 35, 'Buat Pengajuan PPH 16-30/6/20', 12, '2020-07-03', 'ON PROGRES', 'HERLINA', 2, '2020-07-06 02:10:48', '2020-07-06 02:10:48'),
(1201, 35, 'FU Mks PO Hermina April', 12, '2020-07-03', 'ON PROGRES', 'HERLINA', 1, '2020-07-06 02:10:48', '2020-07-06 02:10:48'),
(1202, 35, 'Cek Buku Besar UM Sewa, ADP, Aktiva Lain2', 12, '2020-07-03', 'DONE 3/7/2020', 'RIA', 2, '2020-07-06 02:10:48', '2020-07-06 02:10:48'),
(1203, 35, 'MEMBUAT PBK RS LAWANG, SOEGIRI, GAMBIRAN & FU PBK DINKES MAGETAN', 12, '2020-07-03', 'ON PROGRES', 'HERLINA', 1, '2020-07-06 02:10:48', '2020-07-06 02:10:48'),
(1204, 35, 'MENYIAPKAN BUKTI POTONG APRIL MEI 2020 KRM JKT', 12, '2020-07-03', 'ON PROGRES', 'HERLINA', 1, '2020-07-06 02:10:48', '2020-07-06 02:10:48'),
(1205, 35, 'OPNAME AP, MELENGKAPI VOUCHER HUTANG LOCAL VENDOR', 12, '2020-07-03', 'ON PROGRES', 'RIA', 1, '2020-07-06 02:10:48', '2020-07-06 02:10:48'),
(1206, 35, 'MELENGKAPI VOUCHER HUTANG LOCAL VENDOR', 12, '2020-07-03', 'ON PROGRES', 'KIKI', 1, '2020-07-06 02:10:48', '2020-07-06 02:10:48'),
(1207, 35, 'Input WHT 02/7/20', 12, '2020-07-03', 'ON PROGRES', 'KIKI', 2, '2020-07-06 02:10:48', '2020-07-06 02:10:48'),
(1231, 37, 'proposal kas kecil dibawah 500rb dikeluarkan kas kecil', 4, '2020-07-02', 'proses buat proposal', 'proposal dibuat pic', 1, '2020-07-07 02:17:27', '2020-07-07 02:17:27'),
(1232, 37, 'pest control gudang depo & maspion', 4, '2020-07-03', 'proposal msh proses tt', 'tt bu wiwik', 1, '2020-07-07 02:17:27', '2020-07-07 02:17:27'),
(1233, 37, 'hand staker semi elektrik gudang kedinding hydrolys troubel', 4, '2020-07-02', 'pengajuan dana proses jkt', 'sdh koordinasi sm GA pusat u/dilakukan perbaikan dulu tp belum ada keputusan (nunggu pengajuan acc/akan dibicarakan dl sm bp.Poernomo)', 1, '2020-07-07 02:17:27', '2020-07-07 02:17:27'),
(1234, 37, 'perbaikan pintu gerbang gudang kedinding', 4, '2020-07-06', 'proposal sdh proses tt', 'proses tt', 1, '2020-07-07 02:17:27', '2020-07-07 02:17:27'),
(1235, 37, 'pengajuan dana', 4, '2020-07-06', 'GA-SBY/2020/VI/0001 Sdh di finance', 'GA-SBY/2020/VI/0002 proses tt p.winarto\r\nGA-sby/2020/VI/0003 (cheklist ac sdh dikirim)\r\nGA-sby/2020/VI/0004 proses tt p.winarto\r\nGA\r\nGA-sby/2020/VI/0005 proses tt jkt', 1, '2020-07-07 02:17:27', '2020-07-07 02:17:27'),
(1236, 37, 'email dr jkt u/gudang dikasih tirai (curtin)', 4, '2020-07-03', 'akan dikoordinasikan ke pimpinan', 'koordinasi pimpinan', 1, '2020-07-07 02:17:27', '2020-07-07 02:17:27'),
(1237, 37, 'pindahan ruangan lantai 4 ke kantor mojo', 4, '2020-07-07', 'sudah dilakukan pindahan', 'ruangan sudah ditempati sales & kolektor', 2, '2020-07-07 02:17:27', '2020-07-07 02:17:27'),
(1238, 37, 'mobil avanza B1826POF waktunya ganti oli', 4, '2020-07-08', 'pengajuan dana sdh dikirim ke jkt', 'nunggu acc jkt u/dilakukan ganti oli', 1, '2020-07-07 02:17:27', '2020-07-07 02:17:27'),
(1239, 37, 'perbaikan kampas rem mobil granmax L8203BR', 4, '2020-07-10', 'pengajuan dana sdh dikirim jkt', 'bisa dilakukan perbaikan dulu', 1, '2020-07-07 02:17:27', '2020-07-07 02:17:27'),
(1240, 38, 'proposal kas kecil dibawah 500rb dikeluarkan kas kecil', 4, '2020-07-02', 'proses buat proposal', 'proposal dibuat pic', 1, '2020-07-07 03:27:33', '2020-07-07 03:27:33'),
(1241, 38, 'pest control gudang depo & maspion', 4, '2020-07-03', 'proposal msh proses tt', 'tt bu wiwik', 1, '2020-07-07 03:27:33', '2020-07-07 03:27:33'),
(1242, 38, 'hand staker semi elektrik gudang kedinding hydrolis troubel', 4, '2020-07-02', 'pengajuan dana proses jkt', 'sdh bisa dilakukan dulu (sdh info ke GA pusat )\r\nsdh telp ke raxi u/perbaikan', 1, '2020-07-07 03:27:33', '2020-07-07 03:27:33'),
(1243, 38, 'perbaikan pintu gerbang gudang kedinding', 4, '2020-07-06', 'proposal sdh prose dijkt', 'proses tt', 1, '2020-07-07 03:27:33', '2020-07-07 03:27:33'),
(1244, 38, 'pengajuan dana', 4, '2020-07-06', 'GA-SBY/2020/VI/0001sdh difinance', 'GA-SBY/2020/VI/0002 proses  tt p.winarto\r\nGA-SBY/2020/VI/0003(cheklist ac sdh dikirim)\r\nGA-SBY/2020/VI/0004 proses tt p.winarto\r\nGA-sby/2020/VI/0005 proses tt jkt', 1, '2020-07-07 03:27:33', '2020-07-07 03:27:33'),
(1245, 38, 'email dr jkt u/gudang dikasih tirai', 4, '2020-07-03', 'akan dikoordinasikan ke pimpinan', 'koordinasi sm pimpinan', 1, '2020-07-07 03:27:33', '2020-07-07 03:27:33'),
(1246, 38, 'mobil avanza B1826pof waktunya ganti oli', 4, '2020-07-08', 'pengajuan dana sdh dikirim ke jkt', 'nungu acc jkt u/dilakukan nganti oli', 1, '2020-07-07 03:27:33', '2020-07-07 03:27:33'),
(1247, 38, 'perbaikan kampas rem mobil granmax L8203BR', 4, '2020-07-10', 'pengajuan dana sdh proses jkt', 'bisa dilakukan pekerjaan dulu \r\nhari ini akan dilakukan perbaikan oleh p yono', 1, '2020-07-07 03:27:33', '2020-07-07 03:27:33'),
(1248, 39, 'DOA RUTIN PAGI DAN SORE', 2, '2020-07-06', 'BERDOA SEBELUM DAN SETELAH KERJA', 'ALL TEAM', 2, '2020-07-07 09:27:36', '2020-07-07 09:27:36'),
(1249, 39, 'KIRIMAN DALAM KOTA DAN LUAR KOTA', 2, '2020-07-06', '15 KIRIMAN', 'TERKIRIM SEMUA', 2, '2020-07-07 09:27:36', '2020-07-07 09:27:36'),
(1250, 39, 'KONTAINER MASUK HARI INI', 2, '2020-07-06', '2 KONTAINER MASUK GUDANG MASPION.1', 'SESUAI PL DAN SURAT JALAN', 2, '2020-07-07 09:27:36', '2020-07-07 09:27:36'),
(1251, 39, 'WINGBOX MASUK HARI INI', 2, '2020-07-06', 'RENAL DAN ALKES', 'SESUAI DENGAN PL DAN SURAT JALAN', 2, '2020-07-07 09:27:36', '2020-07-07 09:27:36'),
(1252, 39, 'KIRIMAN BESOK HARI', 2, '2020-07-07', '14 KIRIMAN', 'PLANNING', 1, '2020-07-07 09:27:36', '2020-07-07 09:27:36'),
(1253, 39, 'KONTAINER MASUK BESOK', 2, '2020-07-07', '2 KONTAINER', 'PLANNING', 1, '2020-07-07 09:27:36', '2020-07-07 09:27:36'),
(1254, 40, 'DOA BERSAMA PAGI DAN SORE', 2, '2020-07-07', 'MEMBIASAKAN DOA BERSAMA', 'ALL TEAM', 2, '2020-07-07 09:59:48', '2020-07-07 09:59:48'),
(1255, 40, 'KIRIMAN DALAM KOTA DAN LUAR KOTA', 2, '2020-07-07', '14 KIRIMAN, 4 PENDINGAN', 'TERTULIS DI FORM PENDINGAN', 2, '2020-07-07 09:59:48', '2020-07-07 09:59:48'),
(1256, 40, 'PENERIMAAN KONTAINER', 2, '2020-07-07', '2 KONTAINER, BONGKAR GD. MASPION.2', 'SESUAI DENGAN PL DAN SURAT JALAN', 2, '2020-07-07 09:59:48', '2020-07-07 09:59:48'),
(1257, 40, 'KIRIMAN ESOK HARI', 2, '2020-07-08', '5 KIRIMAN DALAM KOTA DAN LUAR KOTA', 'KIRIMAN KE UMBURARA', 1, '2020-07-07 09:59:48', '2020-07-07 09:59:48'),
(1258, 40, 'PENERIMAAN KONTAINER BESOK', 2, '2020-07-08', '1 KONTAINER BONGKAR GD. MASPION.2', 'ON PROGRESS', 1, '2020-07-07 09:59:48', '2020-07-07 09:59:48'),
(1259, 40, 'PENERIMAAN WINGBOX BESOK', 2, '2020-07-08', '1 WINGBOX RENAL', 'ON PROGRESS', 1, '2020-07-07 09:59:48', '2020-07-07 09:59:48'),
(1260, 41, 'proposal kas kecil dibawah 500rb dikeluarkan kas kecil', 4, '2020-07-02', 'proses buat proposal', 'proposal dibuat pic', 1, '2020-07-08 02:14:23', '2020-07-08 02:14:23'),
(1261, 41, 'pest control gudang depo & maspion', 4, '2020-07-03', 'proses msh tt', 'tt bu wiwik', 1, '2020-07-08 02:14:23', '2020-07-08 02:14:23'),
(1262, 41, 'handstaker semi elektrik gudang kedinding hydrolys troubel', 4, '2020-07-10', 'pengajuan dana proses jkt', 'sdh proses perbaikan oleh  PT.RAXI  tgl.7/7/20,proses pengerjaan 3hr', 1, '2020-07-08 02:14:23', '2020-07-08 02:14:23'),
(1263, 41, 'perbaikan p[ntu gerbang gudang kedinding', 4, '2020-07-06', 'proposal proses tt', 'proses tt jkt', 1, '2020-07-08 02:14:23', '2020-07-08 02:14:23'),
(1264, 41, 'pengajuan dana', 4, '2020-07-06', 'GA-SBY/2020/vi/0001 sdh difinance', 'GA-SBY/2020/VI/0002 proses tt pimpinan\r\nGA-sby/2020/VI/0003 prose tt p. winarto\r\nGA-sby/2020/VI/0004 proses tt pimpinan\r\nGA-SBY/2020/VI/0005 proses tt \r\nGA-sby/2020/VI/0006 proses tt', 1, '2020-07-08 02:14:23', '2020-07-08 02:14:23'),
(1265, 41, 'email dr jkt u/gudang dikasih tirai (curtin)', 4, '2020-07-03', 'akan dikoordinasikan ke pimpinan', 'koordinasi ke pimpinan', 1, '2020-07-08 02:14:23', '2020-07-08 02:14:23'),
(1266, 41, 'mobil avanza B1826POF waktunya ganti oli', 4, '2020-07-08', 'pengajuan dana sdh dikirim jkt', 'info dr pemakai mobil terlambat  harusnya krng dr 2000km sdh info ini sdh lebih baru diinfo u/ganti oli \r\nnunggu acc dr  GA jkt u/ proses ganti oli', 1, '2020-07-08 02:14:23', '2020-07-08 02:14:23'),
(1267, 41, 'perbaikan kampas rrem mobil granmax L8203BR', 4, '2020-07-10', 'pengajuan dana sdh dikirim jkt', 'sdh dilakukan perbaikan', 2, '2020-07-08 02:14:23', '2020-07-08 02:14:23'),
(1268, 42, 'Perbaikan pompa di bengkel pompa', 5, '2020-07-06', '-', 'Bengkel pompa sudah memberikan list penawaran harga', 1, '2020-07-09 03:58:59', '2020-07-09 03:58:59'),
(1269, 42, 'Perapihan modul pelatihan teknisi baru', 5, '2020-07-06', '-', 'Modul dari KA Teknisi & Tech Support belum siap', 1, '2020-07-09 03:58:59', '2020-07-09 03:58:59'),
(1270, 42, 'Pengadaan loker & whiteboard', 5, '2020-07-06', 'Whiteboard done (sudah dibelikan oleh Pengadaan)', 'Locker proses proposal ke Pusat', 1, '2020-07-09 03:58:59', '2020-07-09 03:58:59'),
(1271, 42, 'Stok Opname Toolkit teknisi', 5, '2020-07-06', 'Sudah dilaksanakan pada tanggal 30 Juni 2020', 'Untuk bulan Juni, toolkit yang tidak lengkap akan dibuatkan pengajuan pembelian. Jika toolkit hilang, maka teknisi wajib untuk membeli sendiri', 2, '2020-07-09 03:58:59', '2020-07-09 03:58:59'),
(1272, 43, 'proposal kas kecil dibawah 500rb dikeluarkan kas kecil', 4, '2020-07-02', 'proses buat proposal', 'proposal sdh dibuat PIC', 1, '2020-07-09 04:20:10', '2020-07-09 04:20:10'),
(1273, 43, 'pest kontrol gedung depo & maspion', 4, '2020-07-03', 'proposal msh proses tt', 'tt bu wiwik', 1, '2020-07-09 04:20:10', '2020-07-09 04:20:10'),
(1274, 43, 'hand stiker semi elektrik gudang kedinding hydrolis troubel', 4, '2020-07-02', 'pengajuan dana sdh proses jkt', 'sdh proses perbaikan', 1, '2020-07-09 04:20:10', '2020-07-09 04:20:10'),
(1275, 43, 'pengajuan dana', 4, '2020-07-06', 'pengajuan dana sdh difinance', 'pengajuan cici ac msh proses tt,proposal pintu gerbang msh proses tt', 1, '2020-07-09 04:20:10', '2020-07-09 04:20:10'),
(1276, 43, 'email dr jkt u/gudang dikasih tirai (curtin)', 4, '2020-07-07', 'akan koordinasi ke pimpinan', 'koordinasi pimpinan', 1, '2020-07-09 04:20:10', '2020-07-09 04:20:10'),
(1277, 43, 'mobil avanza B1826POF waktunya ganti oli', 4, '2020-07-08', 'pengajuan sdh acc pimpinan', 'ganti oli dilakukan tgl10 sdh booking toyota', 1, '2020-07-09 04:20:10', '2020-07-09 04:20:10'),
(1290, 45, 'pindahan lat 4 ke lat 2', 4, '2020-07-13', 'kerja bakti pindahan lat 4 ke lat 2', 'pindah ruangan kerja ,gedung akan direnovasi', 1, '2020-07-10 01:54:03', '2020-07-10 01:54:03'),
(1306, 36, 'FU PPH tgl 1-15/06/20', 12, '2020-07-06', 'DONE', 'FIA', 2, '2020-07-10 01:56:16', '2020-07-10 01:56:16'),
(1307, 36, 'FU Dana TELEPON Juni 2020', 12, '2020-07-06', 'ON PROGRES', 'FIA', 1, '2020-07-10 01:56:16', '2020-07-10 01:56:16'),
(1308, 36, 'FU Perbaikan pintu gerbang gudang kedinding', 12, '2020-07-06', 'ON PROGRES', 'FIA', 1, '2020-07-10 01:56:16', '2020-07-10 01:56:16'),
(1309, 36, 'ACC-SBY/2020/VI/0004 Pemby SSP PPN atas pembayaran penuh (Customer)', 12, '2020-07-06', 'ON PROGRES', 'AGUSTIN', 1, '2020-07-10 01:56:16', '2020-07-10 01:56:16'),
(1310, 36, 'Rekap Operasional Juni\'20', 12, '2020-07-06', 'DONE', 'AGUSTIN', 2, '2020-07-10 01:56:16', '2020-07-10 01:56:16'),
(1311, 36, 'OPNAME FAKTUR DPS', 12, '2020-07-06', 'DONE', 'AGUSTIN', 2, '2020-07-10 01:56:16', '2020-07-10 01:56:16'),
(1312, 36, '(FIN) PD yg sudah Realisasi tapi belom di TF Pusat FIN-SBY/2020/V/0018 Pemb Triplek 5,1JT ;FIN-SBY/2020/VI/0007 TELEPON JUNI\'20', 12, '2020-07-06', 'ON PROGRES', 'AGUSTIN', 1, '2020-07-10 01:56:16', '2020-07-10 01:56:16'),
(1313, 36, 'PD yg sudah Realisasi tapi belom di TF Pusat ACC-SBY/2020/VI/0004 Pemby SSP PPN atas pembayaran penuh (Customer)', 12, '2020-07-06', 'ON PROGRES', 'AGUSTIN', 1, '2020-07-10 01:56:16', '2020-07-10 01:56:16'),
(1314, 36, 'PD Kas 29-30/6/20', 12, '2020-07-06', 'DONE', 'EXTI', 2, '2020-07-10 01:56:16', '2020-07-10 01:56:16'),
(1315, 36, 'FU Faktur Pajak MAXINDO Juli\'20, FP SURYA SATWIKA', 12, '2020-07-06', 'ON PROGRES', 'EXTI', 1, '2020-07-10 01:56:16', '2020-07-10 01:56:16'),
(1316, 36, 'Pengajuyan dana bali tgl 25-30, UT MAKASAR 1-15 JULI', 12, '2020-07-06', 'done', 'AGUSTIN', 2, '2020-07-10 01:56:16', '2020-07-10 01:56:16'),
(1317, 36, 'saldo mandiri tgl 1-5 juli', 12, '2020-07-06', 'done', 'AGUSTIN', 2, '2020-07-10 01:56:16', '2020-07-10 01:56:16'),
(1318, 36, 'FU PPI PESO, PPI BERKAT JAYA', 12, '2020-07-06', 'done  PPI BERKAT JAYA', 'EXTI', 1, '2020-07-10 01:56:16', '2020-07-10 01:56:16'),
(1319, 36, 'pengajuan dana UT 1-15 JULI', 12, '2020-07-06', 'ON PROGRES', 'EXTI', 1, '2020-07-10 01:56:16', '2020-07-10 01:56:16'),
(1320, 36, 'OPNAME FAKTUR JATIM', 12, '2020-07-06', 'ON PROGRES', 'SEPTI', 1, '2020-07-10 01:56:16', '2020-07-10 01:56:16'),
(1321, 36, 'Cek piutang DPS dari bu elvy', 12, '2020-07-06', 'ON PROGRES', 'SEPTI', 1, '2020-07-10 01:56:16', '2020-07-10 01:56:16'),
(1322, 36, 'Age Account yg masih gantung (Dunia Wisata,Aneka Star)', 12, '2020-07-06', 'ON PROGRES', 'HERLINA', 1, '2020-07-10 01:56:16', '2020-07-10 01:56:16'),
(1323, 36, 'FU Mks PO Hermina April', 12, '2020-07-06', 'kurang bukti fisik', 'HERLINA', 1, '2020-07-10 01:56:16', '2020-07-10 01:56:16'),
(1324, 36, 'MEMBUAT PBK RS LAWANG, SOEGIRI, GAMBIRAN & FU PBK DINKES MAGETAN', 12, '2020-07-06', 'kurang TTD RS', 'HERLINA', 1, '2020-07-10 01:56:16', '2020-07-10 01:56:16'),
(1325, 36, 'BUKTI POTONG APRIL MEI 2020 KRM JKT', 12, '2020-07-06', 'ON PROGRES', 'HERLINA', 1, '2020-07-10 01:56:16', '2020-07-10 01:56:16'),
(1326, 36, 'OPNAME AP, MELENGKAPI VOUCHER HUTANG LOCAL VENDOR', 12, '2020-07-06', 'DONE MELENGKAPI VOUCHER 3/06/2020', 'RIA', 1, '2020-07-10 01:56:16', '2020-07-10 01:56:16'),
(1327, 36, 'MELENGKAPI VOUCHER HUTANG LOCAL VENDOR', 12, '2020-07-06', 'ON PROGRES', 'KIKI', 1, '2020-07-10 01:56:16', '2020-07-10 01:56:16'),
(1328, 36, 'Input WHT 02/7/20', 12, '2020-07-06', 'ON PROGRES', 'KIKI', 1, '2020-07-10 01:56:16', '2020-07-10 01:56:16'),
(1329, 46, 'proposal kas kecil dibawah 500rb dikeluarkan kas kecil', 4, '2020-07-02', 'proses buat proposal', 'proposal dibuat pic', 1, '2020-07-11 04:49:56', '2020-07-11 04:49:56'),
(1330, 46, 'pest control gudang depo & maspion', 4, '2020-07-03', 'proses msh tt', 'tt bu wiwik', 1, '2020-07-11 04:49:56', '2020-07-11 04:49:56'),
(1331, 46, 'handstaker semi elektrik gudang kedinding hydrolys troube', 4, '2020-07-10', 'pengajuan dana proses jkt', 'sdh proses perbaikan oleh PT.RAXI tgl.7/7/20,proses pengerjaan 3hr', 1, '2020-07-11 04:49:56', '2020-07-11 04:49:56'),
(1332, 46, 'perbaikan p[ntu gerbang gudang kedinding', 4, '2020-07-06', 'proposal proses tt', 'proses tt jkt', 1, '2020-07-11 04:49:56', '2020-07-11 04:49:56'),
(1333, 46, 'pengajuan dana', 4, '2020-07-13', 'GA-SBY/2020/vi/0001 sdh ditransfer tgl.10/7/20', 'pengajuan dana sdh difinance', 1, '2020-07-11 04:49:56', '2020-07-11 04:49:56'),
(1334, 46, 'email dr jkt u/gudang dikasih tirai  (curtin)', 4, '2020-07-03', 'akan dikoordinasikan ke pimpinan', 'koordinasi ke pimpinan', 1, '2020-07-11 04:49:56', '2020-07-11 04:49:56'),
(1335, 46, 'mobil avanza B1826POF waktunya ganti oli', 4, '2020-07-08', 'pengajuan dana sdh difinance', 'sdh dilakukan ganti oli', 2, '2020-07-11 04:49:56', '2020-07-11 04:49:56'),
(1336, 46, 'perbaikan kampas rrem mobil granmax L8203BR', 4, '2020-07-10', 'pengajuan dana sdh difinance', 'sdh dilakukan perbaikan kampas rem', 2, '2020-07-11 04:49:56', '2020-07-11 04:49:56'),
(1337, 46, 'pindahan ruangan lantai 4 ke lantai 2', 4, '2020-07-09', 'dilakukan pindahan ruangan', 'sdh dilakukan pindahan ruangan', 2, '2020-07-11 04:49:57', '2020-07-11 04:49:57'),
(1338, 44, 'FU Dana TELEPON Juni 2020', 12, '2020-07-10', 'ON PROGRES', 'FIA', 1, '2020-07-13 01:43:41', '2020-07-13 01:43:41'),
(1339, 44, 'FU Perbaikan pintu gerbang gudang kedinding', 12, '2020-07-10', 'ON PROGRES', 'FIA', 1, '2020-07-13 01:43:41', '2020-07-13 01:43:41'),
(1340, 44, 'FU PD LISTRIK,TLPN,BPJS BLN juli\'20', 12, '2020-07-10', 'ON PROGRES', 'FIA', 1, '2020-07-13 01:43:41', '2020-07-13 01:43:41'),
(1341, 44, 'ACC-SBY/2020/VI/0004 Pemby SSP PPN atas pembayaran penuh (Customer)', 12, '2020-07-10', 'ON PROGRES', 'AGUSTIN', 1, '2020-07-13 01:43:41', '2020-07-13 01:43:41'),
(1342, 44, '-FIN-SBY/2020/V/0018 Pemb Triplek 5,1JT -FIN-SBY/2020/VI/0007 TELEPON JUNI\'20\r\n-FIN-SBY/2020/VI/0026 UT 16-30/06/20\r\n-FIN-SBY/2020/VI/0038 BPJS JULI\'20', 12, '2020-07-10', 'ON PROGRES', 'AGUSTIN', 1, '2020-07-13 01:43:41', '2020-07-13 01:43:41'),
(1343, 44, '-ALL-SBY/2020/VI/0001 SOEMARNO', 12, '2020-07-10', 'ON PROGRES', 'AGUSTIN', 1, '2020-07-13 01:43:41', '2020-07-13 01:43:41'),
(1344, 44, '-HRD-SBY/2020/VI/0001 OUTSORSING JULI\'20', 12, '2020-07-10', 'ON PROGRES', 'AGUSTIN', 1, '2020-07-13 01:43:41', '2020-07-13 01:43:41'),
(1345, 44, '-MAR-SBY/2020/VI/0014 PERJ DINAS ARISTYA\r\n-MAR-SBY/2020/VI/0019 PERJ DINAS HARGONO\r\n-MAR-SBY/2020/VI/0021 PERJ DINAS RAFIKI\r\n-MAR-SBY/2020/VI/0028 PERJ DINAS RAFIKI\r\n-MAR-SBY/2020/VI/0029 PERJ DINAS HERU \r\n-MAR-SBY/2020/VI/0029 PERJ DINAS RUTH\r\n-MAR-SBY/2020/VI/0033 PERJ DINAS GANDHI\r\n-', 12, '2020-07-10', 'ON PROGRES', 'AGUSTIN', 1, '2020-07-13 01:43:41', '2020-07-13 01:43:41'),
(1346, 44, '-PRO-SBY/2020/VI/0004 PERJ DINAS FELIX', 12, '2020-07-10', 'ON PROGRES', 'AGUSTIN', 1, '2020-07-13 01:43:41', '2020-07-13 01:43:41'),
(1347, 44, '-TAM-SBY/2020/VI/0036 PERJ DINAS GATOT\r\n-TAM-SBY/2020/VI/0040 IPRS JULI\'20', 12, '2020-07-10', 'ON PROGRES', 'AGUSTIN', 1, '2020-07-13 01:43:41', '2020-07-13 01:43:41'),
(1348, 44, 'MEMBUAT KRONOLOGIS KENAIKAN PAM & LISTRIK JUNI\'20', 12, '2020-07-10', 'DONE', 'AGUSTIN', 2, '2020-07-13 01:43:41', '2020-07-13 01:43:41'),
(1349, 44, 'KAS TGL 10/07/20', 12, '2020-07-10', 'ON PROGRES', 'EXTI', 1, '2020-07-13 01:43:41', '2020-07-13 01:43:41'),
(1350, 44, 'PD KAS TGL 03-04 JULI 2020', 12, '2020-07-10', 'ON PROGRES', 'EXTI', 1, '2020-07-13 01:43:41', '2020-07-13 01:43:41'),
(1351, 44, 'FU Faktur Pajak MAXINDO Juli\'20, FP SURYA SATWIKA', 12, '2020-07-10', 'DONE', 'EXTI', 2, '2020-07-13 01:43:41', '2020-07-13 01:43:41'),
(1352, 44, 'FU PPI PESO', 12, '2020-07-10', 'DONE', 'EXTI', 2, '2020-07-13 01:43:41', '2020-07-13 01:43:41'),
(1414, 47, 'FU Dana TELEPON Juni 2020', 12, '2020-07-13', 'ON PROGRES', 'FIA', 1, '2020-07-13 02:06:12', '2020-07-13 02:06:12'),
(1415, 47, 'FU Perbaikan pintu gerbang gudang kedinding', 12, '2020-07-13', 'ON PROGRES', 'FIA', 1, '2020-07-13 02:06:12', '2020-07-13 02:06:12'),
(1416, 47, 'FU PD LISTRIK,TLPN,BPJS BLN juli\'20', 12, '2020-07-13', 'ON PROGRES', 'FIA', 1, '2020-07-13 02:06:12', '2020-07-13 02:06:12'),
(1417, 47, 'FU PPH 16-30 JUNI 2020', 12, '2020-07-13', 'ON PROGRES', 'FIA', 1, '2020-07-13 02:06:12', '2020-07-13 02:06:12'),
(1418, 47, 'ACC-SBY/2020/VI/0004 Pemby SSP PPN atas pembayaran penuh (Customer)', 12, '2020-07-13', 'ON PROGRES', 'AGUSTIN', 1, '2020-07-13 02:06:12', '2020-07-13 02:06:12'),
(1419, 47, '-FIN-SBY/2020/V/0018 Pemb Triplek 5,1JT -FIN-SBY/2020/VI/0007 TELEPON JUNI\'20\r\n-FIN-SBY/2020/VI/0026 UT 16-30/06/20\r\n-FIN-SBY/2020/VI/0038 BPJS JULI\'20', 12, '2020-07-13', 'ON PROGRES', 'AGUSTIN', 1, '2020-07-13 02:06:12', '2020-07-13 02:06:12'),
(1420, 47, '-ALL-SBY/2020/VI/0001 SOEMARNO', 12, '2020-07-13', 'ON PROGRES', 'AGUSTIN', 1, '2020-07-13 02:06:12', '2020-07-13 02:06:12'),
(1421, 47, '-HRD-SBY/2020/VI/0001 OUTSORSING JULI\'20', 12, '2020-07-13', 'ON PROGRES', 'AGUSTIN', 1, '2020-07-13 02:06:12', '2020-07-13 02:06:12'),
(1422, 47, '-MAR-SBY/2020/VI/0014 PERJ DINAS ARISTYA\r\n-MAR-SBY/2020/VI/0019 PERJ DINAS HARGONO\r\n-MAR-SBY/2020/VI/0021 PERJ DINAS RAFIKI\r\n-MAR-SBY/2020/VI/0028 PERJ DINAS RAFIKI\r\n-MAR-SBY/2020/VI/0029 PERJ DINAS HERU \r\n-MAR-SBY/2020/VI/0029 PERJ DINAS RUTH\r\n-MAR-SBY/2020/VI/0033 PERJ DINAS GANDHI', 12, '2020-07-13', 'ON PROGRES', 'AGUSTIN', 1, '2020-07-13 02:06:12', '2020-07-13 02:06:12'),
(1423, 47, '-PRO-SBY/2020/VI/0004 PERJ DINAS FELIX', 12, '2020-07-13', 'ON PROGRES', 'AGUSTIN', 1, '2020-07-13 02:06:12', '2020-07-13 02:06:12'),
(1424, 47, '-TAM-SBY/2020/VI/0040 IPRS JULI\'20', 12, '2020-07-13', 'ON PROGRES', 'AGUSTIN', 1, '2020-07-13 02:06:12', '2020-07-13 02:06:12'),
(1425, 47, 'Saldo mandiri 01-13 juli 2020', 12, '2020-07-13', 'ON PROGRES', 'AGUSTIN', 1, '2020-07-13 02:06:12', '2020-07-13 02:06:12'),
(1426, 47, 'PD Dana Kas Bali 01-08 juli 2020', 12, '2020-07-13', 'ON PROGRES', 'AGUSTIN', 1, '2020-07-13 02:06:12', '2020-07-13 02:06:12'),
(1427, 47, 'KAS TGL 13/07/20', 12, '2020-07-13', 'ON PROGRES', 'EXTI', 1, '2020-07-13 02:06:12', '2020-07-13 02:06:12'),
(1428, 47, 'PD KAS TGL 3-4 JULI 2020', 12, '2020-07-13', 'ON PROGRES', 'EXTI', 1, '2020-07-13 02:06:12', '2020-07-13 02:06:12'),
(1429, 47, 'REKAP EXPEND 20-30 JUNI 2020', 12, '2020-07-13', 'ON PROGRES', 'EXTI', 1, '2020-07-13 02:06:12', '2020-07-13 02:06:12'),
(1430, 47, 'REKAP SSP', 12, '2020-07-13', 'ON PROGRES', 'KIKY', 1, '2020-07-13 02:06:12', '2020-07-13 02:06:12'),
(1431, 47, 'INPUT WHT', 12, '2020-07-13', 'ON PROGRES', 'KIKY', 1, '2020-07-13 02:06:12', '2020-07-13 02:06:12'),
(1432, 47, 'OPNAME GDS', 12, '2020-07-13', 'ON PROGRES', 'SEPTI', 1, '2020-07-13 02:06:12', '2020-07-13 02:06:12'),
(1433, 48, 'proposal kas kecil dibawah 500rb dikeluarkan kas kecil', 4, '2020-07-02', 'proses buat proposal', 'proposal sdh dibuat PIC', 1, '2020-07-13 02:32:58', '2020-07-13 02:32:58'),
(1434, 48, 'pest kontrol gedung depo & maspion', 4, '2020-07-03', 'proposal msh proses tt', 'info dr bu wiwik ganti tgl', 1, '2020-07-13 02:32:58', '2020-07-13 02:32:58'),
(1435, 48, 'hand stiker semi elektrik gudang kedinding hydrolis troubel', 4, '2020-07-02', 'pengajuan dana sdh proses jkt', 'sdh proses perbaikan', 1, '2020-07-13 02:32:58', '2020-07-13 02:32:58'),
(1436, 48, 'pengajuan dana', 4, '2020-07-06', 'pengajuan dana sdh di finance', 'pengajuan dana cuci ac & perbaikan hand steker msh proses tt', 1, '2020-07-13 02:32:58', '2020-07-13 02:32:58'),
(1437, 48, 'email dr jkt u/gudang dikasih tirai (curtin)', 4, '2020-07-07', 'akan koordinasi ke pimpinan', 'koordinasi ke pimpinan', 1, '2020-07-13 02:32:58', '2020-07-13 02:32:58'),
(1438, 49, 'Modul pelatihan teknisi', 5, '2020-07-17', 'progress 30%', 'KA Teknisi & TS belum mengumpulkan draft modul', 1, '2020-07-13 03:03:52', '2020-07-13 03:03:52'),
(1439, 49, 'Stok Opname Toolkit', 5, '2020-07-17', 'progress 100%', 'Semua teknisi sudah melengkapi toolkit yang hilang', 2, '2020-07-13 03:03:52', '2020-07-13 03:03:52'),
(1440, 49, 'Jika rencana kunjungan teknisi ke luar kota, form di isi lengkap', 5, '2020-07-17', '-', 'Form rencana kunjungan luar kota teknisi, tolong di isi secara lengkap. Jika perbaikan, no seri dan perbaikan apa beserta progressnya', 1, '2020-07-13 03:03:52', '2020-07-13 03:03:52'),
(1441, 49, 'Review di RSI Jemursari Surabaya', 5, '2020-07-17', '-', 'belum ada hasil cek lab air baku dari RS', 1, '2020-07-13 03:03:52', '2020-07-13 03:03:52'),
(1442, 49, 'Penilaian teknisi an Edi', 5, '2020-07-17', '-', 'Tanggal 16 Juli, KA Teknisi akan memberikan penilaian untuk Edi', 1, '2020-07-13 03:03:52', '2020-07-13 03:03:52'),
(1443, 49, 'Sparepart yang belum datang untuk RSUD Koesma Tuban', 5, '2020-07-13', '-', 'Sparepart berupa IO Board type BH belum datang, pengajuan dari bulan Maret 2020, tolong dibantu untuk follow up ke SCM Pusat', 1, '2020-07-13 03:03:52', '2020-07-13 03:03:52'),
(1444, 49, 'Tata cara penulisan secara teknis dan baku', 5, '2020-07-13', '-', 'Teknisi dan TS tolong untuk memperbaiki tata cara penulisan secara teknis dan baku', 2, '2020-07-13 03:03:52', '2020-07-13 03:03:52'),
(1445, 49, 'Tata cara penarikan mesin rusak dari RS', 5, '2020-07-17', '-', 'sebelum mesin rusak di tarik, teknisi membuat form perbaikan sebagai analisa awal dari teknisi dan di approve oleh TS. Form perbaikan dilampirkan saat mesin akan di tarik ke workshop. Mesin sampai di workshop kemudian di analisa lanjutan oleh TS dan di jadwal untuk lama waktunya perbaikan sesuai dengan tingkat kerusakan', 1, '2020-07-13 03:03:52', '2020-07-13 03:03:52'),
(1446, 49, 'No seri pompa & dinamo', 5, '2020-07-17', '-', 'Dinamo pompa akan di drip sesuai no seri, dengan tujuan untuk memudahkan pendataan.', 1, '2020-07-13 03:03:52', '2020-07-13 03:03:52'),
(1447, 50, 'KIRIMAN HARI INI', 2, '2020-07-13', 'ADA 14 KIRIMAN', '3 PENDINGAN KIRIM', 2, '2020-07-13 09:55:37', '2020-07-13 09:55:37'),
(1448, 50, 'PENERIMAAN WINGBIX', 2, '2020-07-13', 'MASUK WINGBOX RENAL 1', 'SESUAI DENGAN SJ', 2, '2020-07-13 09:55:37', '2020-07-13 09:55:37'),
(1449, 50, 'PENERIMAAN KONTAINER', 2, '2020-07-13', 'MASUK 1 KONTAINER', 'SESUAI DENGAN SJ', 2, '2020-07-13 09:55:37', '2020-07-13 09:55:37'),
(1450, 50, 'KIRIMAN ESOK HARI', 2, '2020-07-14', 'ADA 7 KIRIMAN', 'BELUM TERMASUK PENDINGAN', 1, '2020-07-13 09:55:37', '2020-07-13 09:55:37'),
(1451, 50, 'PENERIMAAN KONTAINER ESOK', 2, '2020-07-14', 'ADA 1 KONTAINER RENAL', 'MASIH PLANNING', 1, '2020-07-13 09:55:37', '2020-07-13 09:55:37'),
(1452, 51, 'proposal kas kecil dibawah 500rb dikeluarkan kas kecil', 4, '2020-07-02', 'proses buat proposal', 'proposal sdh dibuat PIC', 1, '2020-07-14 02:44:14', '2020-07-14 02:44:14'),
(1453, 51, 'pest kontrol gedung depo & maspion', 4, '2020-07-06', 'proposal msh proses tt', 'info dr bu wiwik ganti tgl', 1, '2020-07-14 02:44:14', '2020-07-14 02:44:14'),
(1454, 51, 'hand stiker semi elektrik gudang kedinding hydrolis troube', 4, '2020-07-17', 'pengajuan dana sdh proses jkt', 'sdh proses perbaikan', 1, '2020-07-14 02:44:14', '2020-07-14 02:44:14'),
(1455, 51, 'pengajuan dana', 4, '2020-07-06', 'pengajuan dana sdh di financean dana', 'pengajuan dana cuci ac & perbaikan hand steker msh proses tt', 1, '2020-07-14 02:44:14', '2020-07-14 02:44:14'),
(1456, 51, 'email dr jkt u/gudang dikasih tirai (curtin)', 4, '2020-07-07', 'akan koordinasi ke pi mpinan', 'koordinasi pimpinan', 1, '2020-07-14 02:44:14', '2020-07-14 02:44:14'),
(1457, 52, 'kiriman hari ini', 2, '2020-07-14', 'terkirim dan ada pendingan 2 tujuan kiriman', 'tertulis di form pendingan', 2, '2020-07-14 09:37:32', '2020-07-14 09:37:32'),
(1458, 52, 'penerimaan wingbox', 2, '2020-07-14', '1 wingbox Alkes', 'sesuai dengan PL dan surat jalan', 2, '2020-07-14 09:37:32', '2020-07-14 09:37:32'),
(1459, 52, 'kiriman esok hari', 2, '2020-07-15', '8 tujuan kiriman belum termasuk pendingan', 'on progress', 1, '2020-07-14 09:37:32', '2020-07-14 09:37:32'),
(1460, 52, 'penerimaan wingbox besok', 2, '2020-07-15', 'ada 1 wingbox renal AK1-10l', 'on progress', 1, '2020-07-14 09:37:32', '2020-07-14 09:37:32'),
(1461, 53, 'proposal kas kecil dibawah 500rb dikeluarkan kas kecil', 4, '2020-07-02', 'proses buat proposal', 'proposal sdh dibuat PIC', 1, '2020-07-15 01:32:40', '2020-07-15 01:32:40'),
(1462, 53, 'pest kontrol gedung depo & maspion', 4, '2020-07-06', 'proposal msh proses tt', 'info dr bu wiwik ganti tgl', 1, '2020-07-15 01:32:40', '2020-07-15 01:32:40'),
(1463, 53, 'hand stiker semi elektrik gudang kedinding hydrolis troube', 4, '2020-07-17', 'pengajuan dana sdh proses jkts', 'sudah selesai diperbaiki', 2, '2020-07-15 01:32:40', '2020-07-15 01:32:40'),
(1464, 53, 'pengajuan dan', 4, '2020-07-15', 'pengajuan dana sdh di finance', 'pengajuan dana cuci ac & perbaikan hand steker msh proses tt', 1, '2020-07-15 01:32:40', '2020-07-15 01:32:40'),
(1465, 53, 'email dr jkt u/gudang dikasih tirai (curtain)', 4, '2020-07-07', 'akan koordinasi ke pi mpina', 'koordinasi pimpinan', 1, '2020-07-15 01:32:40', '2020-07-15 01:32:40'),
(1466, 54, 'proposal kas kecil dibawah 500rb dikeluarkan kas kecil', 4, '2020-07-02', 'proses buat proposal', 'proposal sdh dibuat PIC', 1, '2020-07-16 02:02:28', '2020-07-16 02:02:28'),
(1467, 54, 'pest kontrol gedung depo & maspion', 4, '2020-07-06', 'proposal msh proses tt', 'nfo dr bu wiwik ganti tgl', 1, '2020-07-16 02:02:28', '2020-07-16 02:02:28'),
(1468, 54, 'pengajuan dan', 4, '2020-07-15', 'pengajuan dana sdh di finance', 'pengajuan dana cuci ac & perbaikan hand steker msh proses tt', 1, '2020-07-16 02:02:28', '2020-07-16 02:02:28'),
(1469, 54, 'email dr jkt u/gudang dikasih tirai (curtain)', 4, '2020-07-07', 'akan koordinasi ke pi mpina', 'koordinasi pimpinan', 1, '2020-07-16 02:02:28', '2020-07-16 02:02:28'),
(1470, 55, 'proposal kas kecil dibawah 500rb dikeluarkan kas kecil', 4, '2020-07-02', 'proses buat proposal', 'proposal sdh dibuat PIC', 1, '2020-07-17 01:52:45', '2020-07-17 01:52:45'),
(1471, 55, 'pest kontrol gedung depo & maspion', 4, '2020-07-06', 'proposal msh proses tt', 'nfo dr bu wiwik ganti tg', 1, '2020-07-17 01:52:45', '2020-07-17 01:52:45'),
(1472, 55, 'pengajuan dana', 4, '2020-07-15', 'pengajuan dana sdh di finance', 'pengajuan dana cuci ac & perbaikan hand steker msh proses tt pimpinan', 1, '2020-07-17 01:52:45', '2020-07-17 01:52:45'),
(1473, 55, 'email dr jkt u/gudang dikasih tirai ( curtin)', 4, '2020-07-07', 'akan koordinasi ke pimpinan', 'koordinasi pimpinan', 1, '2020-07-17 01:52:45', '2020-07-17 01:52:45'),
(1474, 55, 'checklist mobil msh ada yg kurang', 4, '2020-07-20', 'belum dilakukan checklist', 'akan ke kedinding u/checklist mobil', 1, '2020-07-17 01:52:45', '2020-07-17 01:52:45'),
(1475, 56, 'proposal kas kecil dibawah 500rb dikeluarkan kas kecil', 4, '2020-07-02', 'proses buat proposal', 'proposal sdh dibuat PIC', 1, '2020-07-20 01:56:36', '2020-07-20 01:56:36'),
(1476, 56, 'pest kontrol gedung depo & maspion', 4, '2020-07-06', 'proposal msh proses tt', 'sdh diganti tgl. & dikirim balik ke bu wiwik', 1, '2020-07-20 01:56:36', '2020-07-20 01:56:36'),
(1477, 56, 'pengajuan dana', 4, '2020-07-15', 'pengajuan dana sdh di finance', 'pengajuan dana cuci ac & perbaikan hand steker msh proses tt pimpinan', 1, '2020-07-20 01:56:36', '2020-07-20 01:56:36'),
(1478, 56, 'email dr jkt u/gudang dikasih tirai ( curtain)', 4, '2020-07-07', 'akan koordinasi ke pimpinan', 'koordinasi pimpinan', 1, '2020-07-20 01:56:36', '2020-07-20 01:56:36'),
(1479, 56, 'checklist mobil msh ada yg kurang', 4, '2020-07-20', 'belum dilakukan checklista', 'akan ke kedinding u/checklist mobil', 1, '2020-07-20 01:56:36', '2020-07-20 01:56:36'),
(1480, 57, 'Evaluasi mingguan KA Teknisi Heru Darmawan', 5, '2020-07-20', '-', 'FU ke RSI Jemursari untuk hasil cek lab air baku. Kalibrasi mesin HD di area Situbondo & Bondowoso dilaksanakan besok tanggal 21 Juli 2020, bersamaan dengan instalasi ruang covid-19 di RS Elizabeth', 1, '2020-07-20 03:33:33', '2020-07-20 03:33:33'),
(1481, 57, 'Evaluasi mingguan KA Teknisi Okta Wirawan', 5, '2020-07-20', '-', 'Kupang minta membrane & akan segera dikirim ke Kupang. RSUD Jombnag akan kalibrasi dengan BPFK minggu depan & akna di dampingi oleh teknisi station. RS Lavalette banyak kekurangan pada part lokal yang datang dari pusat.', 1, '2020-07-20 03:33:33', '2020-07-20 03:33:33'),
(1482, 57, 'Survey sebelum di lakukan instalasi mesin RO', 5, '2020-07-20', '-', 'Survey dilakukan sebelum instalasi di RS & membuat BQ-WT part lokal yang sekiranya akan di butuhkan saat instalasi mesin RO', 1, '2020-07-20 03:33:33', '2020-07-20 03:33:33'),
(1483, 57, 'Peralihan job dari teknisi ke TS', 5, '2020-07-20', '-', 'List pekerjaan yang dialihtugaskan sbb :\r\n\r\n1. Instalasi mesin HD-RO\r\n2. Kalibrasi mesin HD\r\n3. Penggantian media pre-treatment\r\n4. Perbaikan mesin HD-RO skala berat / besar', 2, '2020-07-20 03:33:33', '2020-07-20 03:33:33'),
(1484, 57, 'Rasio untuk instalasi / kalibrasi', 5, '2020-07-20', 'Yang melakukan adalah TS', '1. Instalasi RO baru dilakukan oleh 2 orang selama 2-3 hari\r\n\r\n2. Reinstalasi / Pindah ruang HD-RO dilakukan 2 orang selama 2 hari, 1 malam\r\n\r\n3. Instalasi Mesin HD baru dilakukan oleh 1 orang, maximal 5 mesin HD, selama 1 hari. 10 mesin HD dilakukan oleh 2 orang selama 1 hari\r\n\r\n3. Kalibrasi Mesin HD, idem dengan instalasi meisn HD baru\r\n\r\n4. Penambahan hari / penambahan orang bisa dilakukan jika ada kasus khusus', 2, '2020-07-20 03:33:33', '2020-07-20 03:33:33'),
(1485, 58, 'proposal kas kecil dibawah 500rb dikeluarkan kas kecil', 4, '2020-07-02', 'proses buat proposal', 'proposal sdh dibuat PIC', 1, '2020-07-22 04:24:32', '2020-07-22 04:24:32'),
(1486, 58, 'pest kontrol gedung depo & maspion', 4, '2020-07-06', 'proposal msh proses tt', 'sdh diganti tgl. & dikirim balik ke bu wiwi', 1, '2020-07-22 04:24:32', '2020-07-22 04:24:32'),
(1487, 58, 'pengajuan dana', 4, '2020-07-15', 'pengajuan dana sdh di finance', 'pengajuan dana cuci ac  msh proses tt pimpinan', 1, '2020-07-22 04:24:32', '2020-07-22 04:24:32'),
(1488, 58, 'email dr jkt u/gudang dikasih tirai ( curtain)', 4, '2020-07-07', 'akan koordinasi ke pimpina', 'koordinasi pimpinan', 1, '2020-07-22 04:24:32', '2020-07-22 04:24:32'),
(1489, 58, 'hand pallet gudang maspion I troubel', 4, '2020-07-24', 'telp ke raxi', 'info dr jkt harus ke service senter krisbow', 1, '2020-07-22 04:24:32', '2020-07-22 04:24:32'),
(1490, 59, 'proposal kas kecil dibawah 500rb dikeluarkan kas kecil', 4, '2020-07-02', 'proses buat proposal', 'proposal sdh dibuat PIC', 1, '2020-07-22 04:49:36', '2020-07-22 04:49:36'),
(1491, 59, 'pest kontrol gedung depo & maspion', 4, '2020-07-06', 'proposal msh proses tt', 'sdh diganti tgl. & dikirim balik ke bu wiwi', 1, '2020-07-22 04:49:36', '2020-07-22 04:49:36'),
(1492, 59, 'pengajuan dana', 4, '2020-07-15', 'pengajuan dana sdh di finance', 'pengajuan dana cuci ac msh proses tt pimpina', 1, '2020-07-22 04:49:36', '2020-07-22 04:49:36'),
(1493, 59, 'email dr jkt u/gudang dikasih tirai ( curtain)', 4, '2020-07-07', 'akan koordinasi ke pimpinan', 'koordinasi pimpinan', 1, '2020-07-22 04:49:36', '2020-07-22 04:49:36'),
(1494, 59, 'hand pallet gudang maspion I troubel', 4, '2020-07-24', 'telp ke raxi u/pengecekan hanpalet & estimasi biaya', 'info jkt hr service ke kkrisbow', 1, '2020-07-22 04:49:36', '2020-07-22 04:49:36'),
(1495, 60, 'proposal kas kecil dibawah 500rb dikeluarkan kas kecil', 4, '2020-07-02', 'proses buat proposal', 'proposal sdh dibuat PIC', 1, '2020-07-23 01:58:26', '2020-07-23 01:58:26'),
(1496, 60, 'pest kontrol gedung depo & maspion', 4, '2020-07-06', 'proposal msh proses tt', 'sdh diganti tgl. & dikirim balik ke bu wiwik', 1, '2020-07-23 01:58:26', '2020-07-23 01:58:26'),
(1497, 60, 'pengajuan dana', 4, '2020-07-15', 'pengajuan dana sdh di finance', 'pengajuan dana cuci ac msh proses tt pimpinan', 1, '2020-07-23 01:58:26', '2020-07-23 01:58:26'),
(1498, 60, 'email dr jkt u/gudang dikasih tirai (curtin)', 4, '2020-07-07', 'akan koordinasi ke pimpinan', 'koordinasi ke pimpinan', 1, '2020-07-23 01:58:26', '2020-07-23 01:58:26'),
(1499, 60, 'hand pallet gudang maspion I troube', 4, '2020-07-24', 'telp ke raxi u/pengecekan hanpalet & estimasi biaya', 'info jkt hr service ke kkrisbow\r\nsdh info ke service center brng harus diantr u/pengecekan hand palet', 1, '2020-07-23 01:58:26', '2020-07-23 01:58:26'),
(1508, 61, 'proposal kas kecil dibawah 500rb dikeluarkan kas keci', 4, '2020-07-02', 'proses buat proposal', 'proposal sdh dibuat PIC', 1, '2020-07-27 02:50:52', '2020-07-27 02:50:52'),
(1509, 61, 'pest kontrol gedung depo & maspion', 4, '2020-07-06', 'proposal msh proses tt', 'sdh diganti tgl. & dikirim balik ke bu wiwik', 1, '2020-07-27 02:50:52', '2020-07-27 02:50:52'),
(1510, 61, 'pengajuan dana', 4, '2020-07-15', 'dana sudah ditransfer tgl.24/7/20', 'pengajuan dana cuci ac msh proses tt pimpinan', 1, '2020-07-27 02:50:52', '2020-07-27 02:50:52'),
(1511, 61, 'email dr jkt u/gudang dikasih tirai (Curtain)', 4, '2020-07-07', 'akan koordinasi ke pimpinan', 'koordinasi ke pimpinan', 1, '2020-07-27 02:50:52', '2020-07-27 02:50:52'),
(1512, 61, 'hand pallet gudang maspion I troubel', 4, '2020-07-24', 'telp ke raxi u/pengecekan hanpalet & estimasi biaya', 'info jkt hr service ke kkrisbowsdh info ke service center brng harus diantr u/pengecekan hand pallet', 1, '2020-07-27 02:50:52', '2020-07-27 02:50:52'),
(1513, 62, 'Evaluasi mingguan KA Teknisi Okta Wirawan', 5, '2020-07-27', '-', 'RS Bina Sehat membrane pecah, segera dikirim membrane baru dari kantor & Ruang RO mohon untuk dikunci & kunci dipegang oleh KA Ruang HD.', 2, '2020-07-27 03:08:28', '2020-07-27 03:08:28');
INSERT INTO `notulen_detail` (`id`, `notulen_id`, `deskripsi`, `dept_id`, `tgl_target`, `realisasi`, `notes`, `status`, `created_at`, `updated_at`) VALUES
(1514, 62, 'Evaluasi mingguan KA Teknisi Heru Darmawan', 5, '2020-07-27', '-', 'RS Abdoerrahem tidak punya pintukarna ruangan tidak cukup. Semua RS harus terkunci & tidak semua orang bisa masuk.  Klinik 3D bermasalah pada listrik (daya kurang), pembagian R S T kurang & voltase naik turun', 2, '2020-07-27 03:08:28', '2020-07-27 03:08:28'),
(1515, 62, 'Peralihan job dari teknisi ke TS', 5, '2020-08-03', 'Per Agustus 2020', 'List pekerjaan yang dialihtugaskan sbb :\r\n\r\n1. Instalasi mesin HD-RO\r\n2. Kalibrasi mesin HD\r\n3. Penggantian media pre-treatment\r\n4. Perbaikan mesin HD-RO skala berat / besar, semua akan di laksanakan per Bulan Agustus 2020', 2, '2020-07-27 03:08:28', '2020-07-27 03:08:28'),
(1516, 62, 'Drip no seri pompa', 5, '2020-07-27', '-', 'Drip pompa akan mulai di laksanakan per tanggal 28 Juli 2020, dimulai dari Area Surabaya', 1, '2020-07-27 03:08:28', '2020-07-27 03:08:28'),
(1517, 62, 'Absensi Teknisi Station', 5, '2020-07-27', '-', 'Menggunakan aplikasi TAM, scan barcode HDC maksimal jam 8', 2, '2020-07-27 03:08:28', '2020-07-27 03:08:28'),
(1518, 62, 'Jobdesk untuk teknisi station', 5, '2020-07-27', '-', 'Jobdesk teknisi station akan dirunah menyusuaikan pekerjaan harian mereka', 1, '2020-07-27 03:08:28', '2020-07-27 03:08:28'),
(1519, 63, 'proposal kas kecil dibawah 500rb dikeluarkan kas kec', 4, '2020-07-02', 'proses buat proposal', 'proposal sdh dibuat PIC', 1, '2020-07-29 02:19:02', '2020-07-29 02:19:02'),
(1520, 63, 'pest kontrol gedung depo & maspion', 4, '2020-07-06', 'proposal msh proses tt', 'sdh diganti tgl. & dikirim balik ke bu wiwik', 1, '2020-07-29 02:19:02', '2020-07-29 02:19:02'),
(1521, 63, 'pengajuan dana', 4, '2020-09-08', 'proses tt managemant', 'pengajuan dana ac,rentokil ,perbaikan pintu gerbang msh proses tt', 1, '2020-07-29 02:19:02', '2020-07-29 02:19:02'),
(1522, 63, 'email dr jkt u/gudang dikasih tirai  (curtain)', 4, '2020-07-07', 'akan koordinasi ke pimpinan', 'koordinasi ke pimpinan', 1, '2020-07-29 02:19:02', '2020-07-29 02:19:02'),
(1523, 63, 'hand pallet gudang maspion I troubel', 4, '2020-07-24', 'sdh dibawa ke service center krisbow 28/7/20', 'proses pengecekan apa yg perlu diperbaiki', 1, '2020-07-29 02:19:02', '2020-07-29 02:19:02'),
(1524, 63, 'long teriod mobil granmax kocak', 4, '2020-08-07', 'sdh dicek kebengkel  harus ganti long teroid depan kiri kanan', 'minta penawaran harga ke cahaya motor/selamat motor', 1, '2020-07-29 02:19:02', '2020-07-29 02:19:02'),
(1552, 68, 'Evaluasi Mingguan KA Teknisi Okta Wirawan', 5, '2020-08-03', '-', '1. RSUD Ngudi Waluyo tidak ada masalah.\r\n2. RS Lavalette untuk listrik HD belum ada pengerjaan, UV & FE sudah di instal oleh teknisi, mesin HD belum di kirim. \r\n3. Kalibrasi mesin HD RS Bina Sehat minggu depan', 1, '2020-08-03 03:15:07', '2020-08-03 03:15:07'),
(1553, 68, 'Evaluasi Mingguan KA Teknisi Heru Darmawan', 5, '2020-08-03', '-', '1. 3D Klinik FU untuk perbaikan listrik di ruang HD\r\n2. RS HU untuk part connecting supply sudah diajukan ke admin part, untuk pengerjaan pipa masih dilakukan oleh kontraktor\r\n3. RSI Jemursari untuk masalah air baku belum ada hasil cek lab dari RS', 1, '2020-08-03 03:15:07', '2020-08-03 03:15:07'),
(1554, 68, 'Evaluasi Mingguan Technical Support', 5, '2020-08-03', '-', '1. Teknisi akan di ajarkan / training tentang mesin reuse\r\n2. Drit pompa sudah dilakukan', 1, '2020-08-03 03:15:07', '2020-08-03 03:15:07'),
(1555, 68, 'Absensi Teknisi Station', 5, '2020-08-03', '-', 'Absensi teknisi station dijadwalkan per tanggal 10 Agustus 2020 via barcode aplikasi tam', 1, '2020-08-03 03:15:07', '2020-08-03 03:15:07'),
(1562, 65, 'Support kebutuhan laptop User Latifah (WFH)', 2, '2020-07-30', 'Dipinjamkan laptop lenovo S30s', 'Menggunakan metode remote akses ultraviewer', 2, '2020-08-04 03:19:10', '2020-08-04 03:19:10'),
(1563, 65, 'Pengajuan Hrdisk external untuk OM hardisk digunakan untuk backup data PC', 13, '2020-07-30', 'Dilakukan PO internal karena hardisk tidak termasuk fixed asset', NULL, 1, '2020-08-04 03:19:10', '2020-08-04 03:19:10'),
(1564, 65, 'Upgrade OS PC admin HRD (Reta) dan PC Kasir (Fia)', 1, '2020-08-04', '-', 'PC FIA dilakukan install ulang windows 7 kemudian di update ke windows 10\r\npc Reta dilakukan update ke windows 10\r\n-Dikordinasikan dengan pengguna pc yg bersangkutan-', 2, '2020-08-04 03:19:10', '2020-08-04 03:19:10'),
(1565, 65, 'Pengajuan akun VPN untuk Witarnoko', 1, '2020-07-29', '-', 'Perlu dilakukan analisa kebutuhan dan load proses kerja', 1, '2020-08-04 03:19:10', '2020-08-04 03:19:10'),
(1566, 65, 'Pengajuan Scaner SRU Bali', 5, '2020-07-29', 'User sudah membuat proposal', 'Dilakukan analisa kebutuhan dan spesifikasi oleh tim ITS', 1, '2020-08-04 03:19:10', '2020-08-04 03:19:10'),
(1567, 65, 'pengajuan router SRU GD Maspion GSK', 1, '2020-07-30', '-', 'Perlu diajukan koneksi VPN ke 12 dan moestopo, kemudian dibuatkan wireless hotspot sistem', 1, '2020-08-04 03:19:10', '2020-08-04 03:19:10'),
(1568, 65, 'Analisa external provider untuk kebutuhan printer', 1, '2020-07-30', '-', 'Dilakukan pelaporan ke external provider mengenai kinerja perangkat printer uyang di sewakan dan diajukan peremajaan perangkat', 1, '2020-08-04 03:19:10', '2020-08-04 03:19:10'),
(1569, 65, 'Infrastruktur Gedung bar', 1, '2020-08-03', '-', 'dilakukan penandaan pada denah mengenai usulan titik penempatan:\r\n1. CCTV\r\n2. LAN\r\n3. Telepon\r\n4. wireless', 2, '2020-08-04 03:19:10', '2020-08-04 03:19:10'),
(1570, 65, 'Program digitalisasi', 1, '2020-07-29', 'Setiap program yang akan dibuat oleh tim ITS Surabaya harus diajukan/dikordinasikan ke pusat', 'Tidak jelas arahannya pengajuan melalui proposal atau bagaimana', 1, '2020-08-04 03:19:10', '2020-08-04 03:19:10'),
(1571, 70, 'Pengajuan Hrdisk external untuk OM hardisk digunakan untuk backup data PC', 1, '2020-08-05', 'Dilakukan PO internal karena hardisk tidak termasuk fixed asset', NULL, 1, '2020-08-04 03:25:15', '2020-08-04 03:25:15'),
(1572, 70, 'Report BOM request MIS khusus untuk Cabang Surabaya ITS dan MIS agar dipisah', 1, '2020-08-04', '-', NULL, 1, '2020-08-04 03:25:15', '2020-08-04 03:25:15'),
(1573, 70, 'Relokasi LED TV LT 3 kantor moestopo', 1, '2020-08-04', '-', NULL, 1, '2020-08-04 03:25:15', '2020-08-04 03:25:15'),
(1574, 70, 'Setup telepon LT 2 kantor mojoklanggru', 1, '2020-08-10', '-', NULL, 1, '2020-08-04 03:25:15', '2020-08-04 03:25:15'),
(1575, 70, 'Pengajuan Kabel LAN', 1, '2020-08-05', '-', NULL, 1, '2020-08-04 03:25:15', '2020-08-04 03:25:15'),
(1576, 70, 'TOA aset PC', 1, '2020-08-07', '-', 'Dibuatkan rekapitulasi pada excel dengan keterangan pengguna lama dan pengguna baru', 1, '2020-08-04 03:25:15', '2020-08-04 03:25:15'),
(1577, 70, 'Pengajuan Infrastruktur Gedung baru kantor sru mojoklanggru', 1, '2020-08-10', 'telah dilakukan analisa kebutuhan', 'dibuatkan form it untuk instalasi CCTV, Jaringan LAN, Dan PABX telepon', 1, '2020-08-04 03:25:15', '2020-08-04 03:25:15'),
(1578, 70, 'Pengajuan 3 unit PC untuk SCM departemen a/n Erita, Anita, Lina', 2, '2020-08-04', 'Follow up terakhir formulir masih ada pada internal audit', 'inyternal audit meminta FPTK dan proposal penambahan karyawan baru yang telah lengkap TTDnya', 2, '2020-08-04 03:25:15', '2020-08-04 03:25:15'),
(1598, 74, 'Evaluasi Mingguan KA Teknisi Okta Wirawan', 5, '2020-08-07', '-', '- RS Wava rencana instalasi mesin HD tgl 10 Agustus 2020, lengkapi dengan BA & stiker komisioning\r\n- Fixed asset area surabaya segera di kumpulkan', 1, '2020-08-12 04:34:53', '2020-08-12 04:34:53'),
(1599, 74, 'Evaluasi Mingguan KA Teknisi Heru Darmawan', 5, '2020-08-07', '-', '- RS BDH belum ada pengerjaan tukang\r\n- RS Husada Utama, connector belum terealisasi\r\n- RSI Jemursari belum ada hasil cek lab air baku\r\n- RS Darmayu, air baku kualitasnya jelek, membran RO sering mampat, umur media pre treatment jadi pendek (gampang jenuh), harus backwash manual terus, tandon air baku yg baru belum dipasang karna akses di tutup\r\n- RSUD Koesnadi, mesin yang di perbaiki di workshop sudah selesai perbaikan & sudah cek lab NA. K hasi bagus, bisa segera dikirim balik ke RS\r\n- Fixed asset area surabaya segera di kumpulkan', 1, '2020-08-12 04:34:53', '2020-08-12 04:34:53'),
(1600, 74, 'Evaluasi Mingguan Technical Support', 5, '2020-08-07', '-', 'Memastikan pengiriman mesin ke RS / mutasi ke workshop / mutasi antar gudang sesuai dengan ketentuan, baik yang dikirim dengan driver atau dengan ekspedisi.', 1, '2020-08-12 04:34:53', '2020-08-12 04:34:53'),
(1609, 75, 'Evaluasi Mingguan KA Teknisi Okta Wirawan', 5, '2020-08-10', '- RSSA 1 mesin rusak, belum tahu penyebab kerusakan, sementara pakai mesin covid, rencana mesin akan di tarik ke kantor untuk perbaikan\r\n- RSUD Soekandar pompa yang rusak sudah selesai di perbaiki, bisa segera di kembalikan ke RS\r\n- RS UNMUH 2 unit mesin butuh part pump body set. Masalah listrik belum ada perbaikan dari RS\r\n- RSUD Soebandi listik perbaikan (daya listrik kurang jika digunakan untuk hot citric), FU lagi dengan pihak IPRS', NULL, 1, '2020-08-12 08:57:07', '2020-08-12 08:57:07'),
(1610, 75, 'Evaluasi Mingguan KA Teknisi Heru Darmawan', 5, '2020-08-10', '- Pengisian fixed asset RO di perbaiki & lengkapi \r\n- 3D klinik belum ada pengerjaan perbaikan listrik\r\n- cek lab air baku RSI Jemursari, dijanjikan pada minggu ini\r\n- RS Aisyiyah Ponorogo 1 unit mesin rusak, sementara part dikanibal dengan mesin yang rusak pada IO board', NULL, 1, '2020-08-12 08:57:07', '2020-08-12 08:57:07'),
(1611, 75, 'Evaluasi Mingguan Technical Support', 5, '2020-08-10', '- Pendingan pekerjaan segera di FU dan diselesaikan sesuai dengan deadline', NULL, 1, '2020-08-12 08:57:07', '2020-08-12 08:57:07'),
(1612, 75, 'Evaluasi Mingguan Novi', 5, '2020-08-10', '- Deadline untuk jadwal periodik dikawal & di reminder untuk jadwal yang belum terlaksana\r\n- Hasil cek lab yang jelek segera dibuatkan analisa kemudian di serahkan kepada KA Teknisi. KA Teknisi segera melakukan perbaikan dan dilaporkan progressnya', NULL, 1, '2020-08-12 08:57:07', '2020-08-12 08:57:07'),
(1613, 76, 'proposal kas kecil dibawah 500rb dikeluarkan kas kecil', 4, '2020-08-04', 'proses buat proposal', 'proposal sdh dibuat PIC', 1, '2020-08-13 01:44:15', '2020-08-13 01:44:15'),
(1614, 76, 'pest kontrol gedung depo & maspion', 4, '2020-08-04', 'proposal msh proses tt', 'sdh diganti tgl. & dikirim balik ke bu wiwik', 1, '2020-08-13 01:44:15', '2020-08-13 01:44:15'),
(1615, 76, 'pengajuan dana', 4, '2020-08-11', 'pengajuan dana sudah dikeuangan', 'pengajuan pest control juni masih tt managemen', 1, '2020-08-13 01:44:15', '2020-08-13 01:44:15'),
(1616, 76, 'email dr jkt u/gudang dikasih tirai (curtai)', 4, '2020-08-12', 'akan koordinasi ke pimpinan', 'koordinasi ke pimpinan', 1, '2020-08-13 01:44:15', '2020-08-13 01:44:15'),
(1617, 76, 'hand pallet gudang maspion I troubel', 4, '2020-08-07', 'estimasi biaya sdh diemail', 'proses pengajuan dana', 1, '2020-08-13 01:44:15', '2020-08-13 01:44:15'),
(1618, 76, 'long teriod mobil granmax kocak', 4, '2020-08-11', 'sdh dicek kebengkel harus ganti long teroid depan kiri kanan', 'minta penawaran harga ke cahaya motor/selamat motor', 1, '2020-08-13 01:44:15', '2020-08-13 01:44:15'),
(1619, 76, 'pencocokan inventaris gudang depo', 4, '2020-08-13', 'dilakukan pencocokan invemntaris gudang depo', 'dilakukan tgl.13/8/20', 1, '2020-08-13 01:44:15', '2020-08-13 01:44:15'),
(1620, 76, 'mobil W 1156 SC', 4, '2020-08-13', 'kena e-tilang  dijl .dharmawangsa depan RSUD Soetomourabaya', 'belum ada keputusan siapa yg akan byr  tilang', 1, '2020-08-13 01:44:15', '2020-08-13 01:44:15'),
(1629, 64, 'proposal kas kecil dibawah 500rb dikeluarkan kas kecil', 4, '2020-07-02', 'proses buat proposal', 'proposal sdh dibuat PIC', 1, '2020-08-13 01:48:01', '2020-08-13 01:48:01'),
(1630, 64, 'pest kontrol gedung depo & maspion', 4, '2020-07-06', 'proposal msh proses tt', 'sdh diganti tgl. & dikirim balik ke bu wiwik', 1, '2020-08-13 01:48:01', '2020-08-13 01:48:01'),
(1631, 64, 'pengajuan dana', 4, '2020-08-11', 'proses tt managemant', 'pengajuan dana ac,rentokil ,perbaikan pintu gerbang msh proses tt', 1, '2020-08-13 01:48:01', '2020-08-13 01:48:01'),
(1632, 64, 'email dr jkt u/gudang dikasih tirai (curtain)', 4, '2020-08-12', 'akan koordinasi ke pimpinan', 'koordinasi ke pimpinan', 1, '2020-08-13 01:48:01', '2020-08-13 01:48:01'),
(1633, 64, 'hand pallet gudang maspion I troubel', 4, '2020-07-24', 'sdh dibawa ke service center krisbow 28/7/20', 'proses pengecekan apa yg perlu diperbaiki', 1, '2020-08-13 01:48:01', '2020-08-13 01:48:01'),
(1634, 64, 'long teriod mobil granmax kocak', 4, '2020-08-07', 'sdh dicek kebengkel harus ganti long teroid depan kiri kanan', 'minta penawaran harga ke cahaya motor/selamat motor', 1, '2020-08-13 01:48:01', '2020-08-13 01:48:01'),
(1635, 64, 'mobil W 1156 SC', 4, '2020-08-13', 'kena e-tilang dijl .dharmawangsa depan RSUD Soetomourabaya', 'belum ada keputusan siapa yg akan byr tilang', 1, '2020-08-13 01:48:01', '2020-08-13 01:48:01'),
(1636, 66, 'proposal kas kecil dibawah 500rb dikeluarkan kas kecil', 4, '2020-07-02', 'proses buat proposal', 'proposal sdh dibuat PIC', 1, '2020-08-13 01:49:22', '2020-08-13 01:49:22'),
(1637, 66, 'pest kontrol gedung depo & maspion', 4, '2020-07-06', 'proposal msh proses tt', 'sdh diganti tgl. & dikirim balik ke bu wiwik', 1, '2020-08-13 01:49:22', '2020-08-13 01:49:22'),
(1638, 66, 'pengajuan dana', 4, '2020-08-11', 'proses tt managemant', 'pengajuan ac.pintu gerbang msh proses tt', 1, '2020-08-13 01:49:22', '2020-08-13 01:49:22'),
(1639, 66, 'email dr jkt u/gudang dikasih tirai (curtain', 4, '2020-08-12', 'akan koordinasi ke pimpinan', 'koordinasi ke pimpinan', 1, '2020-08-13 01:49:22', '2020-08-13 01:49:22'),
(1640, 66, 'hand pallet gudang maspion I troubel', 4, '2020-07-24', 'sdh dibawa ke service center krisbow 28/7/20', 'proses pengecekan apa yg perlu diperbaik', 1, '2020-08-13 01:49:22', '2020-08-13 01:49:22'),
(1641, 66, 'long teriod mobil granmax kocak', 4, '2020-08-07', 'sdh dicek kebengkel harus ganti long teroid depan kiri kanan', 'minta penawaran harga ke cahaya motor/selamat motor', 1, '2020-08-13 01:49:22', '2020-08-13 01:49:22'),
(1642, 66, 'mobil W 1156 SC kena e tilang', 4, '2020-08-13', 'kena e-tilang dijl .dharmawangsa depan RSUD Soetomourabaya', 'belum ada keputusan siapa yg akan byr tilang', 1, '2020-08-13 01:49:22', '2020-08-13 01:49:22'),
(1643, 67, 'proposal kas kecil dibawah 500rb dikeluarkan kas kecil', 4, '2020-08-04', 'proses buat proposal', 'proposal sdh dibuat PIC', 1, '2020-08-13 01:50:43', '2020-08-13 01:50:43'),
(1644, 67, 'pest kontrol gedung depo & maspion', 4, '2020-08-04', 'proposal msh proses tt', 'sdh diganti tgl. & dikirim balik ke bu wiwik', 1, '2020-08-13 01:50:43', '2020-08-13 01:50:43'),
(1645, 67, 'pengajuan dana', 4, '2020-08-11', 'proses tt managemant', 'pengajuan ac.pintu gerbang msh proses tt', 1, '2020-08-13 01:50:43', '2020-08-13 01:50:43'),
(1646, 67, 'email dr jkt u/gudang dikasih tirai  (curtain)', 4, '2020-08-12', 'akan koordinasi ke pimpinan', 'koordinasi ke pimpinan', 1, '2020-08-13 01:50:43', '2020-08-13 01:50:43'),
(1647, 67, 'hand pallet gudang maspion I troubel', 4, '2020-08-03', 'sdh dibawa ke service center krisbow 28/7/20', 'sdh diemailkan biaya service terlalu mahal dr pembelian unit baru', 1, '2020-08-13 01:50:43', '2020-08-13 01:50:43'),
(1648, 67, 'long teriod mobil granmax kocak', 4, '2020-08-07', 'sdh dicek kebengkel harus ganti long teroid depan kiri kanan', 'minta penawaran harga ke cahaya motor/selamat motor', 1, '2020-08-13 01:50:43', '2020-08-13 01:50:43'),
(1649, 67, 'mobil W 1156 SC kena e-tilang', 4, '2020-08-13', 'kena e-tilang dijl .dharmawangsa depan RSUD Soetomo surabaya', 'belum ada keputusan siapa yg akan byr tilang', 1, '2020-08-13 01:50:43', '2020-08-13 01:50:43'),
(1650, 69, 'proposal kas kecil dibawah 500rb dikeluarkan kas kecil', 4, '2020-08-04', 'proses buat proposal', 'proposal sdh dibuat PIC', 1, '2020-08-13 01:51:49', '2020-08-13 01:51:49'),
(1651, 69, 'pest kontrol gedung depo & maspion', 4, '2020-08-04', 'proposal msh proses tt', 'sdh diganti tgl. & dikirim balik ke bu wiwik', 1, '2020-08-13 01:51:49', '2020-08-13 01:51:49'),
(1652, 69, 'pengajuan dana', 4, '2020-08-11', 'proses tt managemant', 'pengajuan ac.pintu gerbang msh proses tt', 1, '2020-08-13 01:51:49', '2020-08-13 01:51:49'),
(1653, 69, 'email dr jkt u/gudang dikasih tirai (Curtain)', 4, '2020-08-12', 'akan koordinasi ke pimpinan', 'koordinasi ke pimpinan', 1, '2020-08-13 01:51:49', '2020-08-13 01:51:49'),
(1654, 69, 'hand pallet gudang maspion I troubel', 4, '2020-08-03', 'akan dilakukan pengecekan oleh raxi', 'dilakukan pengecekan tgl.4/8/20', 1, '2020-08-13 01:51:49', '2020-08-13 01:51:49'),
(1655, 69, 'long teriod mobil granmax kocak', 4, '2020-08-07', 'sdh dicek kebengkel harus ganti long teroid depan kiri kanan', 'minta penawaran harga ke cahaya motor/selamat motor', 1, '2020-08-13 01:51:49', '2020-08-13 01:51:49'),
(1656, 69, 'mobil W 1156 SC kena e-tilang', 4, '2020-08-13', 'kena e-tilang dijl .dharmawangsa depan RSUD Soetomo surabaya', 'belum ada keputusan siapa yg akan byr tilang', 1, '2020-08-13 01:51:49', '2020-08-13 01:51:49'),
(1657, 71, 'proposal kas kecil dibawah 500rb dikeluarkan kas keci', 4, '2020-08-04', 'proses buat proposal', 'proposal sdh dibuat PIC', 1, '2020-08-13 01:53:13', '2020-08-13 01:53:13'),
(1658, 71, 'pest kontrol gedung depo & maspion', 4, '2020-08-04', 'proposal msh proses tt', 'sdh diganti tgl. & dikirim balik ke bu wiwik', 1, '2020-08-13 01:53:13', '2020-08-13 01:53:13'),
(1659, 71, 'pengajuan dana', 4, '2020-08-11', 'proses tt managemant', 'pengajuan ac.pintu gerbang msh proses tt', 1, '2020-08-13 01:53:13', '2020-08-13 01:53:13'),
(1660, 71, 'email dr jkt u/gudang dikasih tirai (curtain)', 4, '2020-08-12', 'akan koordinasi ke pimpinan', 'koordinasi ke pimpinan', 1, '2020-08-13 01:53:13', '2020-08-13 01:53:13'),
(1661, 71, 'hand pallet gudang maspion I troubel', 4, '2020-08-03', 'akan dilakukan pengecekan oleh raxi', 'dilakukan pengecekan tgl.4/8/20', 1, '2020-08-13 01:53:13', '2020-08-13 01:53:13'),
(1662, 71, 'long teriod mobil granmax kocak', 4, '2020-08-07', 'sdh dicek kebengkel harus ganti long teroid depan kiri kana', 'minta penawaran harga ke cahaya motor/selamat motor', 1, '2020-08-13 01:53:13', '2020-08-13 01:53:13'),
(1663, 71, 'mobil W 1156 SC kena e-tilang', 4, '2020-08-13', 'kena e-tilang dijl .dharmawangsa depan RSUD Soetomo surabaya', 'belum ada keputusan siapa yg akan byr tilang', 1, '2020-08-13 01:53:13', '2020-08-13 01:53:13'),
(1664, 72, 'proposal kas kecil dibawah 500rb dikeluarkan kas kec', 4, '2020-08-04', 'proses buat proposal', 'proposal sdh dibuat PIC', 1, '2020-08-13 01:55:00', '2020-08-13 01:55:00'),
(1665, 72, 'pest kontrol gedung depo & maspion', 4, '2020-08-04', 'proposal msh proses tt', 'sdh diganti tgl. & dikirim balik ke bu wiwik', 1, '2020-08-13 01:55:00', '2020-08-13 01:55:00'),
(1666, 72, 'pengajuan dana', 4, '2020-08-11', 'pengajuan dana sudah dikeuangan', 'pengajuan pest control juni masih tt managemen', 1, '2020-08-13 01:55:00', '2020-08-13 01:55:00'),
(1667, 72, 'email dr jkt u/gudang dikasih tirai (curtain)', 4, '2020-08-12', 'akan koordinasi ke pimpinan', 'koordinasi ke pimpinan', 1, '2020-08-13 01:55:00', '2020-08-13 01:55:00'),
(1668, 72, 'hand pallet gudang maspion I troubel', 4, '2020-08-03', 'akan dilakukan pengecekan oleh raxi', 'dilakukan pengecekan tgl.4/8/20', 1, '2020-08-13 01:55:00', '2020-08-13 01:55:00'),
(1669, 72, 'long teriod mobil granmax kocak', 4, '2020-08-11', 'sdh dicek kebengkel harus ganti long teroid depan kiri kanan', 'minta penawaran harga ke cahaya motor/selamat motor', 1, '2020-08-13 01:55:00', '2020-08-13 01:55:00'),
(1670, 72, 'mobil W 1156 SC kena e-tilang', 4, '2020-08-13', 'kena e-tilang dijl .dharmawangsa depan RSUD Soetomo surabaya', 'belum ada keputusan siapa yg akan byr tilang', 1, '2020-08-13 01:55:00', '2020-08-13 01:55:00'),
(1671, 73, 'proposal kas kecil dibawah 500rb dikeluarkan kas kecil', 4, '2020-08-04', 'proses buat proposal', 'proposal sdh dibuat PIC', 1, '2020-08-13 02:02:25', '2020-08-13 02:02:25'),
(1672, 73, 'pest kontrol gedung depo & maspion', 4, '2020-08-04', 'proposal msh proses tt', 'sdh diganti tgl. & dikirim balik ke bu wiwik', 1, '2020-08-13 02:02:25', '2020-08-13 02:02:25'),
(1673, 73, 'pengajuan dana', 4, '2020-08-11', 'pengajuan dana sudah dikeuangan', 'pengajuan pest control juni masih tt managemen', 1, '2020-08-13 02:02:25', '2020-08-13 02:02:25'),
(1674, 73, 'email dr jkt u/gudang dikasih tirai (curtain)', 4, '2020-08-12', 'akan koordinasi ke pimpinan', 'koordinasi ke pimpinan', 1, '2020-08-13 02:02:25', '2020-08-13 02:02:25'),
(1675, 73, 'hand pallet gudang maspion I troubel', 4, '2020-08-07', 'estimasi biaya sdh diemail', 'proses pengajuan dana', 1, '2020-08-13 02:02:25', '2020-08-13 02:02:25'),
(1676, 73, 'long teriod mobil granmax kocak', 4, '2020-08-11', 'sdh dicek kebengkel harus ganti long teroid depan kiri kanan', 'minta penawaran harga ke cahaya motor/selamat motor', 1, '2020-08-13 02:02:25', '2020-08-13 02:02:25'),
(1677, 73, 'pencocokan inventaris gudang depo', 4, '2020-08-13', 'dilakukan pencocokan invemntaris gudang depo', 'dilakukan tgl.13/8/20', 1, '2020-08-13 02:02:25', '2020-08-13 02:02:25'),
(1678, 73, 'mobil W 1156 SC kena e tilang', 4, '2020-08-13', 'kena e-tilang dijl .dharmawangsa depan RSUD Soetomourabaya', 'belum ada keputusan siapa yg akan byr tilang', 1, '2020-08-13 02:02:25', '2020-08-13 02:02:25'),
(1679, 77, 'proposal kas kecil dibawah 500rb dikeluarkan kas kecil', 4, '2020-08-04', 'proses buat proposal', 'proposal sdh dibuat PIC', 1, '2020-08-19 02:27:15', '2020-08-19 02:27:15'),
(1680, 77, 'pest kontrol gedung depo & maspion', 4, '2020-08-04', 'proposal msh proses tt', 'sdh diganti tgl. & dikirim balik ke bu wiwik', 1, '2020-08-19 02:27:15', '2020-08-19 02:27:15'),
(1681, 77, 'pengajuan dana', 4, '2020-08-11', 'pengajuan dana sudah dikeuangan', 'pengajuan pest control juni masih tt managemen', 1, '2020-08-19 02:27:15', '2020-08-19 02:27:15'),
(1682, 77, 'email dr jkt u/gudang dikasih tirai (curtain)', 4, '2020-08-12', 'akan koordinasi ke pimpinan', 'koordinasi ke pimpinan', 1, '2020-08-19 02:27:15', '2020-08-19 02:27:15'),
(1683, 77, 'hand pallet gudang maspion I troubel', 4, '2020-08-07', 'estimasi biaya sdh diemail', 'proses pengajuan dana', 1, '2020-08-19 02:27:15', '2020-08-19 02:27:15'),
(1684, 77, 'long teriod mobil granmax kocak', 4, '2020-08-11', 'sdh dicek kebengkel harus ganti long teroid depan kiri kanan', 'minta penawaran harga ke cahaya motor/selamat motor', 1, '2020-08-19 02:27:15', '2020-08-19 02:27:15'),
(1685, 77, 'pencocokan inventaris gudang depo', 4, '2020-08-13', 'sudah dilakukan pencocokan', 'kursi ada yg rusak perlu dilakukan perbaikan', 2, '2020-08-19 02:27:15', '2020-08-19 02:27:15'),
(1686, 77, 'mobil W 1156 SC', 4, '2020-08-13', 'sudah diputuskan u.pengurusan  e-tilang', 'akan diuruskan oleh pak leman', 2, '2020-08-19 02:27:15', '2020-08-19 02:27:15'),
(1687, 77, 'pengiriman barang yg selalu cito', 4, '2020-08-19', 'untuk pengiriman harus koordinasi dengan bag pengiriman & gudang', 'bag.gudang lebih selktif dlm pengiriman barang spya tidak melibatkan driver yg ada di GA', 2, '2020-08-19 02:27:15', '2020-08-19 02:27:15'),
(1692, 11, 'RSUD KOTA MADIUN ada kesalahan bayar ke Bank Jatim PT SRU pada tgl 17 April 2020 sebesar Rp 1.846.875, pihak Keuangan RSUD minta uang tersebut di kembalikan ke rek RSUD.\r\nPihak RSUD juga sudah memberikan surat pernyataan jika ada kesalahan transfer.', 11, '2020-06-22', 'Tgl 22/06/2020 dana tersebut sudah di kasir PT SRU dan segera di transfer ke RSUD KOTA MADIUN.\r\nTgl 22/06/2020 siang sudah di transfer ke rek RSUD KOTA MADIUN.', 'Surat pernyataan salah transfer dari pihak RSUD sudah di lampirkan ke kantor pusat untuk penarikan dana tersebut.', 2, '2020-08-19 03:42:39', '2020-08-19 03:42:39'),
(1693, 11, 'Ada pembayaran th 2019 yang masih menggantung di Kantor Pusat sebesar Rp 197.777.250 dengan keterangan Dinoyo Malang.', 11, '2020-06-30', 'Tgl 09/06/20 KA Keuangan RS UNIVERSITAS MUHAMMADIYAH sudah membuatkan surat pernyataan jika transfer tsb benar dari RSUM dan untuk kelebihan bayar tsb di kompensasikan ke tagihan berikutnya.\r\nTgl 10/06/20 surat pernyataan dan bukti transfer sudah di email ke kantor pusat.\r\nTgl 23/06/20 Kantor pusat sudah melakukan proses kompensasi dan pelunasan untuk faktur berikutnya.', 'Ini ketahui karena adanya transfer dengan keterangan yang sama pada tgl 13/04/20 BCA Rp. 59.303.750 Dinoyo Malang dan setelah dicocokkan nominal tagihan tersebut sama dengan no faktur RS UNIVERSITAS MUHAMMADIYAH PSI 2003-0963, setelah dikonfirmasi ke Pak Vicky (bendahara keuangan) memang benar transfer tersebut dari RS UNIVERSITAS MUHAMMADIYAH.\r\n\r\nPada tgl 09/06/20 saya menghadap ke Bu Luki Marthadhiana (KA Keuangan) untuk konfirmasi prihal pembayaran tahun 2019 dengan keterangan Dinoyo Malang, setelah dilakukan pengecekan dipembukuan pembayaran tahun 2019 memang benar 4 kali transfer tersebut dari RS UNIVERSITAS MUHAMMADIYAH dan pihak KA Keuangan juga menunjukkan bukti setoran BCA yang asli.\r\n\r\nBu Luki Marthadhiana (KA Keuangan) menerbitkan surat agar kelebihan bayar tsb di kompensasikan ke pembayaran faktur berikutnya', 2, '2020-08-19 03:42:39', '2020-08-19 03:42:39'),
(1694, 11, 'RSUD DR. ISKAK TULUNGAGUNG, PSI-2001-1458, 2020-01-17, pihak keuangan RS bayar sebesar RP 674.418.\r\nJadi harus minta ID Billing untuk melunaskan ppn Rp 61.311', 11, '2020-06-25', 'Pihak Keuangan blm bisa memberikan ID billing.\r\nTax Cab Surabaya sudah minta ID Billing ke kantor pusat.\r\nTunggu pembayaran dari accounting Cab Sby.', 'Follow up Keuangan', 2, '2020-08-19 03:42:39', '2020-08-19 03:42:39'),
(1695, 11, 'RSUD GAMBIRAN ada kesalahan kode E-SSP.', 11, '2020-06-30', 'Follow up ke Keuangan', 'Akan dilakukan kunjungan ke RSUD GAMBIRAN', 2, '2020-08-19 03:42:39', '2020-08-19 03:42:39'),
(1704, 79, 'proposal kas kecil dibawah 500rb dikeluarkan kas kecil', 4, '2020-08-04', 'proses buat proposal', 'proposal sdh dibuat PIC', 1, '2020-08-24 03:37:18', '2020-08-24 03:37:18'),
(1705, 79, 'pest kontrol gedung depo & maspion', 4, '2020-08-04', 'proposal msh proses tt', 'sdh diganti tgl. & dikirim balik ke bu wiwik', 1, '2020-08-24 03:37:18', '2020-08-24 03:37:18'),
(1706, 79, 'pengajuan dana', 4, '2020-08-11', 'pengajuan dana sudah dikeuangan', 'pengajuan pest control juni masih tt managemen', 1, '2020-08-24 03:37:18', '2020-08-24 03:37:18'),
(1707, 79, 'email dr jkt u/gudang dikasih tirai (curtain)', 4, '2020-08-13', 'akan koordinasi ke pimpinan', 'koordinasi ke pimpinan', 1, '2020-08-24 03:37:18', '2020-08-24 03:37:18'),
(1708, 79, 'hand pallet gudang maspion I troubel', 4, '2020-08-07', 'estimasi biaya sdh diemail', 'proses pengajuan dana', 1, '2020-08-24 03:37:18', '2020-08-24 03:37:18'),
(1709, 79, 'long teriod mobil granmax kocak', 4, '2020-08-11', 'sdh dicek kebengkel harus ganti long teroid depan kiri kanan', 'minta penawaran harga ke cahaya motor/selamat motor', 1, '2020-08-24 03:37:18', '2020-08-24 03:37:18'),
(1710, 79, 'mobil W 1156 SC', 4, '2020-08-13', 'sudah diputuskan u.pengurusan e-tilang', 'akan diuruskan oleh pak leman', 1, '2020-08-24 03:37:18', '2020-08-24 03:37:18'),
(1711, 80, 'proposal kas kecil dibawah 500rb dikeluarkan kas kecil', 4, '2020-08-04', 'proses buat proposal', 'proposal sdh dibuat PIC', 1, '2020-08-25 02:23:40', '2020-08-25 02:23:40'),
(1712, 80, 'pest kontrol gedung depo & maspion', 4, '2020-08-04', 'proposal msh proses tt', 'sdh diganti tgl. & dikirim balik ke bu wiwik', 1, '2020-08-25 02:23:40', '2020-08-25 02:23:40'),
(1713, 80, 'pengajuan dana', 4, '2020-08-11', 'sudah dikeuangan', 'dana sudah ditransfer', 2, '2020-08-25 02:23:40', '2020-08-25 02:23:40'),
(1714, 80, 'email dr jkt u/gudang dikasih tirai (curtain)', 4, '2020-08-13', 'akan koordinasi ke pimpinan', 'koordinasi ke pimpinan', 1, '2020-08-25 02:23:40', '2020-08-25 02:23:40'),
(1715, 80, 'hand pallet gudang maspion I troubel', 4, '2020-08-07', 'estimasi biaya sdh diemail', 'proses pengajuan dana', 1, '2020-08-25 02:23:40', '2020-08-25 02:23:40'),
(1716, 80, 'long teriod mobil granmax kocak', 4, '2020-08-11', 'sdh dicek kebengkel harus ganti long teroid depan kiri kanan', 'minta penawaran harga ke cahaya motor/selamat motor', 1, '2020-08-25 02:23:40', '2020-08-25 02:23:40'),
(1717, 80, 'pencocokan inventaris dengan accounting', 4, '2020-08-18', 'sudah diputuskan u.pengurusan e-tilang', 'akan diuruskan oleh pak leman', 1, '2020-08-25 02:23:40', '2020-08-25 02:23:40'),
(1734, 78, 'Untuk tagihan rata2 Dinkes menggunakan anggaran DAK dan belum ada realisasi pembayaran sampai bulan Agustus 2020', 11, '2020-09-10', '* Sudah melakukan follow up secara rutin ke semua Dinkes untuk realisasi pembayaran.\r\n* Untuk Dinkes Sumenep yang piutangnya sebesar 1 miliar sudah dikirim surat permohonan pembayaran ke Kepala Dinkes.', '* Untuk realisasi pembayaran mundur karena sistem pengajuan dana ( sistem OMSPAM ) ke Kementrian Keuangan baru bisa di lakukan tgl 24 Juli 2020.\r\n* Pembayaran bisa direalisasikan jika semua rekanan yang masuk dalam pembayaran anggaran DAK sudah menyelesaikan administratif seperti berkas dan pengiriman.', 1, '2020-08-25 09:05:10', '2020-08-25 09:05:10'),
(1735, 78, 'SPK RSUD Dr. H. SLAMET MARTODIRDJO - PAMEKASAN sebesar Rp 1.007.820.000 sudah habis dan untuk pembuatan SPK ke 2 nya masih menunggu anggaran PAK th 2020.', 11, '2020-10-15', '* Sudah menghadap ke PPTK, PPK dan WADIR untuk membicarakan SPK yang anggarannya sudah habis. \r\n* Pihak RS dan atas nama Direktur RSUD PAMEKASAN minta untuk PT SRU tetap bersedia mengirimkan alkes HD sesuai dengan surat pesanan (SP).', '* Untuk penerbitan faktur bisa dilakukan setelah anggaran PAK tahun 2020 di sahkan dan kontrak ke 2 antara RSUD PAMEKASAN dengan PT SRU sudah dibuatkan.', 1, '2020-08-25 09:05:10', '2020-08-25 09:05:10'),
(1736, 78, 'RSUD SOEGIRI - LAMONGAN pada tgl 18/08/20 ada kesalahan transfer ke PT SRU sebesar Rp 353.400.000.', 11, '2020-09-04', '* Konfirmasi ke Keuangan untuk membuatkan surat pemberitahuan ada kesalahan transfer ke PT SRU.', '* Surat pernyataan sudah dibuatkan oleh pihak Keuangan RSUD SOEGIRI', 1, '2020-08-25 09:05:10', '2020-08-25 09:05:10'),
(1737, 78, 'PBK RSUD KOTA MALANG', 12, '2020-08-25', '* Sudah koordinasi dengan Gandhi ( marketing ) untuk bantu follow up saat kunjungan.', NULL, 1, '2020-08-25 09:05:10', '2020-08-25 09:05:10'),
(1738, 78, 'PBK DINKES PASURUAN', 12, '2020-08-25', '* Sudah koordinasi dengan Rafiki ( marketing ) untuk bantu follow up saat kunjungan.', NULL, 1, '2020-08-25 09:05:10', '2020-08-25 09:05:10'),
(1739, 78, 'Berkas Dinkes Nganjuk belum ada', 11, '2020-08-25', '* Adm pemberkasan sudah follow up ke Bu Fitri dan infonya masih di suruh tunggu', NULL, 1, '2020-08-25 09:05:10', '2020-08-25 09:05:10'),
(1740, 78, 'PBK RSUD NGANJUK', 12, '2020-08-25', '* Sudah koordinasi dengan ADI ( marketing ) untuk bantu follow up saat kunjungan.', NULL, 1, '2020-08-25 09:05:10', '2020-08-25 09:05:10'),
(1741, 81, 'proposal kas kecil dibawah 500rb dikeluarkan kas kecil', 4, '2020-08-04', 'proses buat proposal', 'proposal sdh dibuat PIC', 1, '2020-08-26 01:52:39', '2020-08-26 01:52:39'),
(1742, 81, 'pest kontrol gedung depo & maspion', 4, '2020-08-04', 'proposal msh proses tt', 'sdh diganti tgl. & dikirim balik ke bu wiwik', 1, '2020-08-26 01:52:39', '2020-08-26 01:52:39'),
(1743, 81, 'pengajuan dana', 4, '2020-08-11', 'sudah dikeuangan', 'dana sudah ditransfer', 2, '2020-08-26 01:52:39', '2020-08-26 01:52:39'),
(1744, 81, 'email dr jkt u/gudang dikasih tirai (curtain)', 4, '2020-08-13', 'akan koordinasi ke pimpinan', 'koordinasi ke pimpinan', 1, '2020-08-26 01:52:39', '2020-08-26 01:52:39'),
(1745, 81, 'long teriod mobil granmax kocak', 4, '2020-08-11', 'sdh dicek kebengkel harus ganti long teroid depan kiri kanan', 'minta penawaran harga ke cahaya motor/selamat motor', 1, '2020-08-26 01:52:39', '2020-08-26 01:52:39'),
(1746, 81, 'hand pallet gudang maspion I troubel', 4, '2020-08-07', 'estimasi biaya sdh diemail', 'proses pengajuan dana', 1, '2020-08-26 01:52:39', '2020-08-26 01:52:39'),
(1747, 82, 'proposal kas kecil dibawah 500rb dikeluarkan kas kecil', 4, '2020-08-04', 'proses buat proposal', 'proses buat proposal', 1, '2020-08-27 02:42:56', '2020-08-27 02:42:56'),
(1748, 82, 'pest kontrol gedung depo & maspion', 4, '2020-08-04', 'proposal msh proses tt', 'sdh diganti tgl. & dikirim balik ke bu wiwik', 1, '2020-08-27 02:42:56', '2020-08-27 02:42:56'),
(1749, 82, 'email dr jkt u/gudang dikasih tirai (curtain)', 4, '2020-08-13', 'akan koordinasi ke pimpinan', 'koordinasi ke pimpinan', 1, '2020-08-27 02:42:56', '2020-08-27 02:42:56'),
(1750, 82, 'long teriod mobil granmax kocak', 4, '2020-08-11', 'sdh dicek kebengkel harus ganti long teroid depan kiri kanan', 'minta penawaran harga ke cahaya motor/selamat motor', 1, '2020-08-27 02:42:56', '2020-08-27 02:42:56'),
(1751, 82, 'hand pallet gudang maspion I troubel', 4, '2020-08-07', 'estimasi biaya sdh diemail', 'proses pengajuan dana', 1, '2020-08-27 02:42:56', '2020-08-27 02:42:56'),
(1752, 82, 'roda troli gudang kedinding', 4, '2020-10-09', 'roda harus diganti dan dilas', 'minta estimasi biaya u/perbaikan troli', 1, '2020-08-27 02:42:56', '2020-08-27 02:42:56'),
(1753, 83, 'Evaluasi Mingguan KA Teknisi Okta Wirawan', 5, '2020-08-28', '-', '- RS William Booth keluhan air baku kotor, FU ke RS untuk melakukan perbaikan pada kualitas air baku yang digunakan\r\n- RS Panti Waluya Ma;ang, baterai backup mesin HD sudah digantikan dengan aki kering & akna dilakukan pengajuan regenerasi mesin HD\r\n- RSSA akan tarik 2 unit mesin HD yang rusak\r\n- RSUD Gambiran Kediri 1 unit mesin HD pada IO Board, belum ada datang sparepart\r\n- RSM Ahmad Dahlan Kediri tanya kapan akan dilakukan penarikan mesin regenerasi  sebanyak 1 unit', 1, '2020-08-31 01:51:58', '2020-08-31 01:51:58'),
(1754, 83, 'Evaluasi Mingguan KA Teknisi Heru Darmawan', 5, '2020-08-28', '-', '-RSUD Soetomo menunggu keputusan & jawaban mengenai masalah RIK\r\n- RSI Jemursari rusak 1 unit meisn HD pada IO Board\r\n- RSUD Soedono ada rusak 2 unit mesin HD\r\n- RSUD Soegiri Lamongan menunggu jadwal pindah ruangan dan jumlah kebutuhan listrik di ruang yang baru', 1, '2020-08-31 01:51:58', '2020-08-31 01:51:58'),
(1755, 83, 'Alur Permintaan Sparepart di Aplikasi TAM', 5, '2020-08-31', '-', 'Belum ada alur yang jelas mengenai alur pada permintaan sparepart di aplikasi TAM', 1, '2020-08-31 01:51:58', '2020-08-31 01:51:58'),
(1756, 83, 'SJ yang dibawa teknisi kurang pengontrolan oleh KA Teknisi', 5, '2020-08-31', '-', 'SJ yang dibawa oleh teknisi kurang di kontrol oleh KA Teknisi sehingga ada kasus, SJ belum balik padahal teknisi telah melakukan kunjungan', 2, '2020-08-31 01:51:58', '2020-08-31 01:51:58'),
(1757, 83, 'Evaluasi Mingguan TS', 5, '2020-08-31', '-', '- Penomoran pada pompa sudah berjalan, area luar kota dibarengkan dengan kalibrasi\r\n- Kalibrasi sudah terjadwal', 1, '2020-08-31 01:51:58', '2020-08-31 01:51:58'),
(1758, 83, 'Kerusakan pada mesin HD setelah dilakukan kalibrasi', 5, '2020-08-31', '-', 'Jika mesin mengalami kerusakan setelah dilakukan kalibrasi maka TS yg mengkalibrasi RS tsb ewajib untuk kembali melakukan perbaikan dengan biaya sendiri', 1, '2020-08-31 01:51:58', '2020-08-31 01:51:58'),
(1759, 84, 'Evaluasi Mingguan KA Teknisi Okta Wirawan', 5, '2020-08-31', '-', NULL, 1, '2020-08-31 03:56:12', '2020-08-31 03:56:12');

-- --------------------------------------------------------

--
-- Struktur dari tabel `no_eksternal`
--

CREATE TABLE `no_eksternal` (
  `id` int(10) UNSIGNED NOT NULL,
  `no_surat` varchar(191) COLLATE utf8mb4_unicode_ci NOT NULL,
  `dept_id` int(10) UNSIGNED DEFAULT NULL,
  `cabang_id` int(10) UNSIGNED DEFAULT NULL,
  `tgl` varchar(191) COLLATE utf8mb4_unicode_ci DEFAULT NULL,
  `created_at` timestamp NULL DEFAULT NULL,
  `updated_at` timestamp NULL DEFAULT NULL
) ENGINE=InnoDB DEFAULT CHARSET=utf8mb4 COLLATE=utf8mb4_unicode_ci;

--
-- Dumping data untuk tabel `no_eksternal`
--

INSERT INTO `no_eksternal` (`id`, `no_surat`, `dept_id`, `cabang_id`, `tgl`, `created_at`, `updated_at`) VALUES
(23, 'AR-DPS/SRU/2020/VI/0001', 11, 3, '2020-06', '2020-06-13 03:49:00', '2020-06-13 03:49:00'),
(24, 'AR-DPS/SRU/2020/VI/0002', 11, 3, '2020-06', '2020-06-13 03:54:49', '2020-06-13 03:54:49'),
(25, 'AR-DPS/SRU/2020/VI/0003', 11, 3, '2020-06', '2020-06-13 05:01:32', '2020-06-13 05:01:32'),
(26, 'AR-DPS/SRU/2020/VI/0004', 11, 3, '2020-06', '2020-06-13 05:07:02', '2020-06-13 05:07:02'),
(27, 'AR-DPS/SRU/2020/VI/0005', 11, 3, '2020-06', '2020-06-13 05:11:35', '2020-06-13 05:11:35'),
(28, 'AR-DPS/SRU/2020/VI/0006', 11, 3, '2020-06', '2020-06-13 05:16:02', '2020-06-13 05:16:02'),
(29, 'AR-DPS/SRU/2020/VI/0007', 11, 3, '2020-06', '2020-06-13 05:45:38', '2020-06-13 05:45:38'),
(30, 'AR-DPS/SRU/2020/VI/0008', 11, 3, '2020-06', '2020-06-13 05:45:54', '2020-06-13 05:45:54'),
(31, 'AR-SBY/SRU/2020/VI/0001', 11, 2, '2020-06', '2020-06-15 07:30:30', '2020-06-15 07:30:30'),
(32, 'AR-SBY/SRU/2020/VI/0002', 11, 2, '2020-06', '2020-06-15 07:38:00', '2020-06-15 07:38:00'),
(33, 'AR-SBY/SRU/2020/VI/0003', 11, 2, '2020-06', '2020-06-15 07:44:50', '2020-06-15 07:44:50'),
(34, 'AR-SBY/SRU/2020/VI/0004', 11, 2, '2020-06', '2020-06-15 07:55:21', '2020-06-15 07:55:21'),
(35, 'FAT-SBY/SRU/2020/VI/0001', 12, 2, '2020-06', '2020-06-16 02:48:48', '2020-06-16 02:48:48'),
(36, 'FAT-SBY/SRU/2020/VI/0002', 12, 2, '2020-06', '2020-06-16 02:49:47', '2020-06-16 02:49:47'),
(37, 'AR-SBY/SRU/2020/VI/0005', 11, 2, '2020-06', '2020-06-16 02:51:08', '2020-06-16 02:51:08'),
(38, 'FAT-SBY/SRU/2020/VI/0003', 12, 2, '2020-06', '2020-06-16 03:29:11', '2020-06-16 03:29:11'),
(39, 'AR-SBY/SRU/2020/VI/0006', 11, 2, '2020-06', '2020-06-16 03:29:53', '2020-06-16 03:29:53'),
(40, 'FAT-SBY/SRU/2020/VI/0004', 12, 2, '2020-06', '2020-06-16 03:34:27', '2020-06-16 03:34:27'),
(41, 'AR-SBY/SRU/2020/VI/0007', 11, 2, '2020-06', '2020-06-16 07:08:29', '2020-06-16 07:08:29'),
(42, 'FAT-SBY/SRU/2020/VI/0005', 12, 2, '2020-06', '2020-06-17 01:38:59', '2020-06-17 01:38:59'),
(43, 'AR-SBY/SRU/2020/VI/0008', 11, 2, '2020-06', '2020-06-17 01:39:30', '2020-06-17 01:39:30'),
(44, 'AR-SBY/SRU/2020/VI/0009', 11, 2, '2020-06', '2020-06-17 01:41:42', '2020-06-17 01:41:42'),
(45, 'AR-SBY/SRU/2020/VI/0010', 11, 2, '2020-06', '2020-06-17 01:45:40', '2020-06-17 01:45:40'),
(46, 'AR-SBY/SRU/2020/VI/0011', 11, 2, '2020-06', '2020-06-17 01:48:12', '2020-06-17 01:48:12'),
(47, 'AR-SBY/SRU/2020/VI/0012', 11, 2, '2020-06', '2020-06-17 02:19:58', '2020-06-17 02:19:58'),
(48, 'AR-SBY/SRU/2020/VI/0013', 11, 2, '2020-06', '2020-06-17 02:20:15', '2020-06-17 02:20:15'),
(49, 'FAT-SBY/SRU/2020/VI/0006', 12, 2, '2020-06', '2020-06-17 02:30:11', '2020-06-17 02:30:11'),
(50, 'AR-SBY/SRU/2020/VI/0014', 11, 2, '2020-06', '2020-06-17 04:16:04', '2020-06-17 04:16:04'),
(51, 'AR-SBY/SRU/2020/VI/0015', 11, 2, '2020-06', '2020-06-17 04:17:16', '2020-06-17 04:17:16'),
(52, 'AR-SBY/SRU/2020/VI/0016', 11, 2, '2020-06', '2020-06-17 07:18:53', '2020-06-17 07:18:53'),
(53, 'AR-SBY/SRU/2020/VI/0017', 11, 2, '2020-06', '2020-06-17 07:21:15', '2020-06-17 07:21:15'),
(54, 'AR-SBY/SRU/2020/VI/0018', 11, 2, '2020-06', '2020-06-17 07:26:46', '2020-06-17 07:26:46'),
(55, 'AR-SBY/SRU/2020/VI/0019', 11, 2, '2020-06', '2020-06-17 07:31:50', '2020-06-17 07:31:50'),
(56, 'AR-SBY/SRU/2020/VI/0020', 11, 2, '2020-06', '2020-06-17 07:35:13', '2020-06-17 07:35:13'),
(57, 'AR-SBY/SRU/2020/VI/0021', 11, 2, '2020-06', '2020-06-17 07:42:18', '2020-06-17 07:42:18'),
(58, 'AR-SBY/SRU/2020/VI/0022', 11, 2, '2020-06', '2020-06-17 07:50:47', '2020-06-17 07:50:47'),
(59, 'AR-SBY/SRU/2020/VI/0023', 11, 2, '2020-06', '2020-06-17 08:11:36', '2020-06-17 08:11:36'),
(60, 'AR-DPS/SRU/2020/VI/0009', 11, 3, '2020-06', '2020-06-17 08:13:42', '2020-06-17 08:13:42'),
(61, 'AR-DPS/SRU/2020/VI/0010', 11, 3, '2020-06', '2020-06-17 08:14:05', '2020-06-17 08:14:05'),
(62, 'AR-SBY/SRU/2020/VI/0024', 11, 2, '2020-06', '2020-06-17 08:23:13', '2020-06-17 08:23:13'),
(63, 'AR-SBY/SRU/2020/VI/0025', 11, 2, '2020-06', '2020-06-18 02:08:26', '2020-06-18 02:08:26'),
(64, 'NHD-SBY/SRU/2020/VI/0001', 7, 2, '2020-06', '2020-06-18 02:46:30', '2020-06-18 02:46:30'),
(65, 'NHD-SBY/SRU/2020/VI/0002', 7, 2, '2020-06', '2020-06-18 02:55:32', '2020-06-18 02:55:32'),
(66, 'AR-SBY/SRU/2020/VI/0026', 11, 2, '2020-06', '2020-06-18 06:09:34', '2020-06-18 06:09:34'),
(67, 'AR-SBY/SRU/2020/VI/0027', 11, 2, '2020-06', '2020-06-18 06:38:30', '2020-06-18 06:38:30'),
(68, 'AR-DPS/SRU/2020/VI/0011', 11, 3, '2020-06', '2020-06-19 02:56:22', '2020-06-19 02:56:22'),
(69, 'AR-DPS/SRU/2020/VI/0012', 11, 3, '2020-06', '2020-06-19 03:04:12', '2020-06-19 03:04:12'),
(70, 'AR-DPS/SRU/2020/VI/0013', 11, 3, '2020-06', '2020-06-19 03:07:01', '2020-06-19 03:07:01'),
(71, 'AR-DPS/SRU/2020/VI/0014', 11, 3, '2020-06', '2020-06-19 03:09:35', '2020-06-19 03:09:35'),
(72, 'AR-DPS/SRU/2020/VI/0015', 11, 3, '2020-06', '2020-06-19 03:14:35', '2020-06-19 03:14:35'),
(73, 'AR-DPS/SRU/2020/VI/0016', 11, 3, '2020-06', '2020-06-19 03:18:37', '2020-06-19 03:18:37'),
(74, 'AR-DPS/SRU/2020/VI/0017', 11, 3, '2020-06', '2020-06-19 03:20:32', '2020-06-19 03:20:32'),
(75, 'AR-DPS/SRU/2020/VI/0018', 11, 3, '2020-06', '2020-06-19 03:23:39', '2020-06-19 03:23:39'),
(76, 'AR-SBY/SRU/2020/VI/0028', 11, 2, '2020-06', '2020-06-19 07:30:33', '2020-06-19 07:30:33'),
(77, 'HD-SBY/SRU/2020/VI/0001', 6, 2, '2020-06', '2020-06-19 08:24:44', '2020-06-19 08:24:44'),
(78, 'NHD-SBY/SRU/2020/VI/0003', 7, 2, '2020-06', '2020-06-19 08:26:11', '2020-06-19 08:26:11'),
(79, 'FAT-SBY/SRU/2020/VI/0007', 12, 2, '2020-06', '2020-06-20 02:07:10', '2020-06-20 02:07:10'),
(80, 'AR-SBY/SRU/2020/VI/0029', 11, 2, '2020-06', '2020-06-20 03:47:11', '2020-06-20 03:47:11'),
(81, 'FAT-SBY/SRU/2020/VI/0008', 12, 2, '2020-06', '2020-06-20 04:07:24', '2020-06-20 04:07:24'),
(82, 'FAT-SBY/SRU/2020/VI/0009', 12, 2, '2020-06', '2020-06-20 04:55:21', '2020-06-20 04:55:21'),
(83, 'HD-SBY/SRU/2020/VI/0002', 6, 2, '2020-06', '2020-06-22 02:13:13', '2020-06-22 02:13:13'),
(84, 'FAT-DPS/SRU/2020/VI/0001', 12, 3, '2020-06', '2020-06-22 02:27:48', '2020-06-22 02:27:48'),
(85, 'AR-DPS/SRU/2020/VI/0019', 11, 3, '2020-06', '2020-06-22 02:28:40', '2020-06-22 02:28:40'),
(86, 'AR-DPS/SRU/2020/VI/0020', 11, 3, '2020-06', '2020-06-22 02:30:09', '2020-06-22 02:30:09'),
(89, 'FAT-SBY/SRU/2020/VI/0010', 12, 2, '2020-06', '2020-06-22 03:48:53', '2020-06-22 03:48:53'),
(90, 'FAT-SBY/SRU/2020/VI/0011', 12, 2, '2020-06', '2020-06-22 03:49:18', '2020-06-22 03:49:18'),
(91, 'HD-SBY/SRU/2020/VI/0003', 6, 2, '2020-06', '2020-06-22 03:53:58', '2020-06-22 03:53:58'),
(92, 'FAT-SBY/SRU/2020/VI/0012', 12, 2, '2020-06', '2020-06-22 04:05:22', '2020-06-22 04:05:22'),
(93, 'FAT-SBY/SRU/2020/VI/0013', 12, 2, '2020-06', '2020-06-22 04:05:47', '2020-06-22 04:05:47'),
(94, 'AR-DPS/SRU/2020/VI/0021', 11, 3, '2020-06', '2020-06-22 04:06:22', '2020-06-22 04:06:22'),
(95, 'AR-DPS/SRU/2020/VI/0022', 11, 3, '2020-06', '2020-06-22 04:11:04', '2020-06-22 04:11:04'),
(96, 'AR-DPS/SRU/2020/VI/0023', 11, 3, '2020-06', '2020-06-22 04:14:21', '2020-06-22 04:14:21'),
(97, 'AR-DPS/SRU/2020/VI/0024', 11, 3, '2020-06', '2020-06-22 04:17:00', '2020-06-22 04:17:00'),
(98, 'AR-DPS/SRU/2020/VI/0025', 11, 3, '2020-06', '2020-06-22 04:21:52', '2020-06-22 04:21:52'),
(99, 'AR-DPS/SRU/2020/VI/0026', 11, 3, '2020-06', '2020-06-22 04:24:04', '2020-06-22 04:24:04'),
(100, 'AR-DPS/SRU/2020/VI/0027', 11, 3, '2020-06', '2020-06-22 04:25:54', '2020-06-22 04:25:54'),
(101, 'AR-DPS/SRU/2020/VI/0028', 11, 3, '2020-06', '2020-06-22 04:28:59', '2020-06-22 04:28:59'),
(102, 'AR-SBY/SRU/2020/VI/0030', 11, 2, '2020-06', '2020-06-22 04:32:55', '2020-06-22 04:32:55'),
(103, 'TAM-SBY/SRU/2020/VI/0001', 5, 2, '2020-06', '2020-06-22 09:32:56', '2020-06-22 09:32:56'),
(104, 'FAT-SBY/SRU/2020/VI/0014', 12, 2, '2020-06', '2020-06-23 03:46:41', '2020-06-23 03:46:41'),
(105, 'AR-SBY/SRU/2020/VI/0031', 11, 2, '2020-06', '2020-06-23 03:47:13', '2020-06-23 03:47:13'),
(106, 'AR-SBY/SRU/2020/VI/0032', 11, 2, '2020-06', '2020-06-23 04:16:44', '2020-06-23 04:16:44'),
(107, 'HD-SBY/SRU/2020/VI/0004', 6, 2, '2020-06', '2020-06-23 04:51:29', '2020-06-23 04:51:29'),
(108, 'AR-SBY/SRU/2020/VI/0033', 11, 2, '2020-06', '2020-06-23 06:42:55', '2020-06-23 06:42:55'),
(109, 'HD-SBY/SRU/2020/VI/0005', 6, 2, '2020-06', '2020-06-23 06:57:12', '2020-06-23 06:57:12'),
(110, 'AR-SBY/SRU/2020/VI/0034', 11, 2, '2020-06', '2020-06-23 07:29:28', '2020-06-23 07:29:28'),
(111, 'AR-SBY/SRU/2020/VI/0035', 11, 2, '2020-06', '2020-06-23 07:32:10', '2020-06-23 07:32:10'),
(112, 'AR-SBY/SRU/2020/VI/0036', 11, 2, '2020-06', '2020-06-23 07:37:59', '2020-06-23 07:37:59'),
(113, 'AR-SBY/SRU/2020/VI/0037', 11, 2, '2020-06', '2020-06-23 07:42:00', '2020-06-23 07:42:00'),
(114, 'AR-SBY/SRU/2020/VI/0038', 11, 2, '2020-06', '2020-06-23 07:44:19', '2020-06-23 07:44:19'),
(115, 'AR-SBY/SRU/2020/VI/0039', 11, 2, '2020-06', '2020-06-23 07:46:25', '2020-06-23 07:46:25'),
(116, 'AR-SBY/SRU/2020/VI/0040', 11, 2, '2020-06', '2020-06-23 07:51:43', '2020-06-23 07:51:43'),
(117, 'AR-SBY/SRU/2020/VI/0041', 11, 2, '2020-06', '2020-06-23 07:53:40', '2020-06-23 07:53:40'),
(118, 'AR-SBY/SRU/2020/VI/0042', 11, 2, '2020-06', '2020-06-23 07:55:55', '2020-06-23 07:55:55'),
(119, 'AR-SBY/SRU/2020/VI/0043', 11, 2, '2020-06', '2020-06-23 07:57:53', '2020-06-23 07:57:53'),
(120, 'AR-SBY/SRU/2020/VI/0044', 11, 2, '2020-06', '2020-06-23 08:00:01', '2020-06-23 08:00:01'),
(121, 'AR-SBY/SRU/2020/VI/0045', 11, 2, '2020-06', '2020-06-23 08:02:33', '2020-06-23 08:02:33'),
(122, 'HD-SBY/SRU/2020/VI/0006', 6, 2, '2020-06', '2020-06-23 08:53:16', '2020-06-23 08:53:16'),
(123, 'HD-SBY/SRU/2020/VI/0007', 6, 2, '2020-06', '2020-06-23 09:16:42', '2020-06-23 09:16:42'),
(124, 'AR-SBY/SRU/2020/VI/0046', 11, 2, '2020-06', '2020-06-24 01:54:32', '2020-06-24 01:54:32'),
(125, 'AR-SBY/SRU/2020/VI/0047', 11, 2, '2020-06', '2020-06-24 02:06:54', '2020-06-24 02:06:54'),
(126, 'AR-SBY/SRU/2020/VI/0048', 11, 2, '2020-06', '2020-06-24 02:37:43', '2020-06-24 02:37:43'),
(127, 'AR-SBY/SRU/2020/VI/0049', 11, 2, '2020-06', '2020-06-24 02:52:40', '2020-06-24 02:52:40'),
(128, 'AR-DPS/SRU/2020/VI/0029', 11, 3, '2020-06', '2020-06-24 06:17:54', '2020-06-24 06:17:54'),
(129, 'AR-SBY/SRU/2020/VI/0050', 11, 2, '2020-06', '2020-06-24 06:28:45', '2020-06-24 06:28:45'),
(130, 'FAT-SBY/SRU/2020/VI/0015', 12, 2, '2020-06', '2020-06-24 06:48:20', '2020-06-24 06:48:20'),
(131, 'HD-SBY/SRU/2020/VI/0008', 6, 2, '2020-06', '2020-06-24 07:20:04', '2020-06-24 07:20:04'),
(132, 'AR-DPS/SRU/2020/VI/0030', 11, 3, '2020-06', '2020-06-24 08:06:22', '2020-06-24 08:06:22'),
(133, 'AR-DPS/SRU/2020/VI/0031', 11, 3, '2020-06', '2020-06-24 08:55:21', '2020-06-24 08:55:21'),
(134, 'AR-SBY/SRU/2020/VI/0051', 11, 2, '2020-06', '2020-06-25 04:02:29', '2020-06-25 04:02:29'),
(135, 'AR-DPS/SRU/2020/VI/0032', 11, 3, '2020-06', '2020-06-25 04:06:57', '2020-06-25 04:06:57'),
(136, 'AR-DPS/SRU/2020/VI/0033', 11, 3, '2020-06', '2020-06-25 04:08:59', '2020-06-25 04:08:59'),
(137, 'AR-DPS/SRU/2020/VI/0034', 11, 3, '2020-06', '2020-06-25 04:12:01', '2020-06-25 04:12:01'),
(138, 'AR-DPS/SRU/2020/VI/0035', 11, 3, '2020-06', '2020-06-25 04:14:23', '2020-06-25 04:14:23'),
(139, 'AR-DPS/SRU/2020/VI/0036', 11, 3, '2020-06', '2020-06-25 04:16:40', '2020-06-25 04:16:40'),
(140, 'AR-DPS/SRU/2020/VI/0037', 11, 3, '2020-06', '2020-06-25 04:19:19', '2020-06-25 04:19:19'),
(141, 'AR-DPS/SRU/2020/VI/0038', 11, 3, '2020-06', '2020-06-25 04:22:13', '2020-06-25 04:22:13'),
(142, 'AR-SBY/SRU/2020/VI/0052', 11, 2, '2020-06', '2020-06-25 04:39:33', '2020-06-25 04:39:33'),
(143, 'AR-SBY/SRU/2020/VI/0053', 11, 2, '2020-06', '2020-06-25 04:40:43', '2020-06-25 04:40:43'),
(144, 'HD-SBY/SRU/2020/VI/0009', 6, 2, '2020-06', '2020-06-25 06:33:36', '2020-06-25 06:33:36'),
(145, 'AR-SBY/SRU/2020/VI/0054', 11, 2, '2020-06', '2020-06-25 06:52:34', '2020-06-25 06:52:34'),
(146, 'AR-SBY/SRU/2020/VI/0055', 11, 2, '2020-06', '2020-06-25 07:35:07', '2020-06-25 07:35:07'),
(147, 'AR-SBY/SRU/2020/VI/0056', 11, 2, '2020-06', '2020-06-26 03:26:27', '2020-06-26 03:26:27'),
(148, 'AR-DPS/SRU/2020/VI/0039', 11, 3, '2020-06', '2020-06-26 04:44:20', '2020-06-26 04:44:20'),
(149, 'AR-DPS/SRU/2020/VI/0040', 11, 3, '2020-06', '2020-06-26 04:46:50', '2020-06-26 04:46:50'),
(150, 'AR-SBY/SRU/2020/VI/0057', 11, 2, '2020-06', '2020-06-26 07:04:15', '2020-06-26 07:04:15'),
(151, 'AR-SBY/SRU/2020/VI/0058', 11, 2, '2020-06', '2020-06-26 07:18:15', '2020-06-26 07:18:15'),
(152, 'AR-SBY/SRU/2020/VI/0059', 11, 2, '2020-06', '2020-06-26 07:44:01', '2020-06-26 07:44:01'),
(153, 'AR-SBY/SRU/2020/VI/0060', 11, 2, '2020-06', '2020-06-26 07:52:07', '2020-06-26 07:52:07'),
(154, 'AR-SBY/SRU/2020/VI/0061', 11, 2, '2020-06', '2020-06-26 07:56:35', '2020-06-26 07:56:35'),
(155, 'FAT-SBY/SRU/2020/VI/0016', 12, 2, '2020-06', '2020-06-26 09:30:52', '2020-06-26 09:30:52'),
(156, 'AR-SBY/SRU/2020/VI/0062', 11, 2, '2020-06', '2020-06-27 01:26:18', '2020-06-27 01:26:18'),
(157, 'HD-SBY/SRU/2020/VI/0010', 6, 2, '2020-06', '2020-06-27 02:04:28', '2020-06-27 02:04:28'),
(158, 'AR-SBY/SRU/2020/VI/0063', 11, 2, '2020-06', '2020-06-27 02:52:12', '2020-06-27 02:52:12'),
(159, 'AR-SBY/SRU/2020/VI/0064', 11, 2, '2020-06', '2020-06-27 03:51:20', '2020-06-27 03:51:20'),
(160, 'AR-SBY/SRU/2020/VI/0065', 11, 2, '2020-06', '2020-06-27 04:15:24', '2020-06-27 04:15:24'),
(161, 'FAT-SBY/SRU/2020/VI/0017', 12, 2, '2020-06', '2020-06-27 04:23:03', '2020-06-27 04:23:03'),
(162, 'HD-SBY/SRU/2020/VI/0011', 6, 2, '2020-06', '2020-06-27 05:14:51', '2020-06-27 05:14:51'),
(163, 'HD-SBY/SRU/2020/VI/0012', 6, 2, '2020-06', '2020-06-29 06:19:09', '2020-06-29 06:19:09'),
(164, 'AR-SBY/SRU/2020/VI/0066', 11, 2, '2020-06', '2020-06-29 07:01:35', '2020-06-29 07:01:35'),
(165, 'AR-SBY/SRU/2020/VI/0067', 11, 2, '2020-06', '2020-06-29 07:18:19', '2020-06-29 07:18:19'),
(166, 'AR-SBY/SRU/2020/VI/0068', 11, 2, '2020-06', '2020-06-29 08:24:10', '2020-06-29 08:24:10'),
(167, 'AR-SBY/SRU/2020/VI/0069', 11, 2, '2020-06', '2020-06-29 08:25:48', '2020-06-29 08:25:48'),
(168, 'AR-SBY/SRU/2020/VI/0070', 11, 2, '2020-06', '2020-06-29 08:30:00', '2020-06-29 08:30:00'),
(169, 'AR-SBY/SRU/2020/VI/0071', 11, 2, '2020-06', '2020-06-29 08:32:19', '2020-06-29 08:32:19'),
(170, 'AR-SBY/SRU/2020/VI/0072', 11, 2, '2020-06', '2020-06-29 08:33:57', '2020-06-29 08:33:57'),
(171, 'AR-SBY/SRU/2020/VI/0073', 11, 2, '2020-06', '2020-06-29 08:35:08', '2020-06-29 08:35:08'),
(172, 'AR-SBY/SRU/2020/VI/0074', 11, 2, '2020-06', '2020-06-29 08:36:42', '2020-06-29 08:36:42'),
(173, 'AR-SBY/SRU/2020/VI/0075', 11, 2, '2020-06', '2020-06-29 08:40:32', '2020-06-29 08:40:32'),
(174, 'AR-SBY/SRU/2020/VI/0076', 11, 2, '2020-06', '2020-06-29 08:42:31', '2020-06-29 08:42:31'),
(175, 'AR-SBY/SRU/2020/VI/0077', 11, 2, '2020-06', '2020-06-29 08:48:02', '2020-06-29 08:48:02'),
(176, 'AR-SBY/SRU/2020/VI/0078', 11, 2, '2020-06', '2020-06-29 08:50:22', '2020-06-29 08:50:22'),
(177, 'AR-SBY/SRU/2020/VI/0079', 11, 2, '2020-06', '2020-06-29 08:52:48', '2020-06-29 08:52:48'),
(178, 'NHD-SBY/SRU/2020/VI/0004', 7, 2, '2020-06', '2020-06-30 03:41:23', '2020-06-30 03:41:23'),
(179, 'AR-SBY/SRU/2020/VI/0080', 11, 2, '2020-06', '2020-06-30 06:10:45', '2020-06-30 06:10:45'),
(180, 'AR-SBY/SRU/2020/VI/0081', 11, 2, '2020-06', '2020-06-30 06:35:53', '2020-06-30 06:35:53'),
(181, 'AR-SBY/SRU/2020/VI/0082', 11, 2, '2020-06', '2020-06-30 07:39:26', '2020-06-30 07:39:26'),
(182, 'HD-SBY/SRU/2020/VI/0013', 6, 2, '2020-06', '2020-06-30 07:40:07', '2020-06-30 07:40:07'),
(183, 'AR-SBY/SRU/2020/VI/0083', 11, 2, '2020-06', '2020-06-30 07:40:54', '2020-06-30 07:40:54'),
(184, 'AR-SBY/SRU/2020/VI/0084', 11, 2, '2020-06', '2020-06-30 07:43:08', '2020-06-30 07:43:08'),
(185, 'AR-SBY/SRU/2020/VI/0085', 11, 2, '2020-06', '2020-06-30 07:55:46', '2020-06-30 07:55:46'),
(186, 'AR-DPS/SRU/2020/VI/0041', 11, 3, '2020-06', '2020-06-30 08:21:39', '2020-06-30 08:21:39'),
(187, 'AR-DPS/SRU/2020/VI/0042', 11, 3, '2020-06', '2020-06-30 08:25:49', '2020-06-30 08:25:49'),
(188, 'AR-DPS/SRU/2020/VI/0043', 11, 3, '2020-06', '2020-06-30 08:58:28', '2020-06-30 08:58:28'),
(189, 'AR-DPS/SRU/2020/VI/0044', 11, 3, '2020-06', '2020-06-30 09:04:16', '2020-06-30 09:04:16'),
(190, 'AR-DPS/SRU/2020/VII/0001', 11, 3, '2020-07', '2020-07-01 01:30:09', '2020-07-01 01:30:09'),
(191, 'AR-DPS/SRU/2020/VII/0002', 11, 3, '2020-07', '2020-07-01 01:39:05', '2020-07-01 01:39:05'),
(192, 'AR-DPS/SRU/2020/VII/0003', 11, 3, '2020-07', '2020-07-01 01:42:45', '2020-07-01 01:42:45'),
(193, 'FAT-SBY/SRU/2020/VII/0001', 12, 2, '2020-07', '2020-07-01 02:18:17', '2020-07-01 02:18:17'),
(194, 'FAT-SBY/SRU/2020/VII/0002', 12, 2, '2020-07', '2020-07-01 04:09:01', '2020-07-01 04:09:01'),
(195, 'AR-DPS/SRU/2020/VII/0004', 11, 3, '2020-07', '2020-07-01 06:14:49', '2020-07-01 06:14:49'),
(196, 'AR-DPS/SRU/2020/VII/0005', 11, 3, '2020-07', '2020-07-01 06:15:33', '2020-07-01 06:15:33'),
(197, 'AR-DPS/SRU/2020/VII/0006', 11, 3, '2020-07', '2020-07-01 06:16:16', '2020-07-01 06:16:16'),
(198, 'AR-DPS/SRU/2020/VII/0007', 11, 3, '2020-07', '2020-07-01 06:17:13', '2020-07-01 06:17:13'),
(199, 'AR-DPS/SRU/2020/VII/0008', 11, 3, '2020-07', '2020-07-01 06:17:45', '2020-07-01 06:17:45'),
(200, 'FAT-SBY/SRU/2020/VII/0003', 12, 2, '2020-07', '2020-07-01 07:41:49', '2020-07-01 07:41:49'),
(201, 'AR-SBY/SRU/2020/VII/0001', 11, 2, '2020-07', '2020-07-01 07:45:26', '2020-07-01 07:45:26'),
(202, 'AR-SBY/SRU/2020/VII/0002', 11, 2, '2020-07', '2020-07-01 07:50:10', '2020-07-01 07:50:10'),
(203, 'FAT-SBY/SRU/2020/VII/0004', 12, 2, '2020-07', '2020-07-01 07:59:11', '2020-07-01 07:59:11'),
(204, 'AR-SBY/SRU/2020/VII/0003', 11, 2, '2020-07', '2020-07-01 08:11:43', '2020-07-01 08:11:43'),
(205, 'AR-SBY/SRU/2020/VII/0004', 11, 2, '2020-07', '2020-07-01 08:22:03', '2020-07-01 08:22:03'),
(206, 'AR-SBY/SRU/2020/VII/0005', 11, 2, '2020-07', '2020-07-01 08:34:13', '2020-07-01 08:34:13'),
(207, 'AR-SBY/SRU/2020/VII/0006', 11, 2, '2020-07', '2020-07-01 08:46:29', '2020-07-01 08:46:29'),
(208, 'AR-SBY/SRU/2020/VII/0007', 11, 2, '2020-07', '2020-07-01 09:01:34', '2020-07-01 09:01:34'),
(209, 'FAT-SBY/SRU/2020/VII/0005', 12, 2, '2020-07', '2020-07-01 09:05:08', '2020-07-01 09:05:08'),
(210, 'HD-SBY/SRU/2020/VII/0001', 6, 2, '2020-07', '2020-07-02 00:41:13', '2020-07-02 00:41:13'),
(211, 'AR-SBY/SRU/2020/VII/0008', 11, 2, '2020-07', '2020-07-02 02:00:23', '2020-07-02 02:00:23'),
(212, 'AR-SBY/SRU/2020/VII/0009', 11, 2, '2020-07', '2020-07-02 02:09:32', '2020-07-02 02:09:32'),
(213, 'NHD-SBY/SRU/2020/VII/0001', 7, 2, '2020-07', '2020-07-02 02:25:44', '2020-07-02 02:25:44'),
(214, 'FAT-SBY/SRU/2020/VII/0006', 12, 2, '2020-07', '2020-07-02 04:55:37', '2020-07-02 04:55:37'),
(215, 'AR-SBY/SRU/2020/VII/0010', 11, 2, '2020-07', '2020-07-02 06:19:21', '2020-07-02 06:19:21'),
(216, 'AR-SBY/SRU/2020/VII/0011', 11, 2, '2020-07', '2020-07-02 07:15:38', '2020-07-02 07:15:38'),
(217, 'AR-SBY/SRU/2020/VII/0012', 11, 2, '2020-07', '2020-07-02 08:03:45', '2020-07-02 08:03:45'),
(218, 'AR-SBY/SRU/2020/VII/0013', 11, 2, '2020-07', '2020-07-02 08:37:12', '2020-07-02 08:37:12'),
(219, 'FAT-SBY/SRU/2020/VII/0007', 12, 2, '2020-07', '2020-07-02 09:19:03', '2020-07-02 09:19:03'),
(220, 'FAT-SBY/SRU/2020/VII/0008', 12, 2, '2020-07', '2020-07-03 03:30:24', '2020-07-03 03:30:24'),
(221, 'FAT-SBY/SRU/2020/VII/0009', 12, 2, '2020-07', '2020-07-03 03:52:04', '2020-07-03 03:52:04'),
(222, 'FAT-SBY/SRU/2020/VII/0010', 12, 2, '2020-07', '2020-07-03 04:52:46', '2020-07-03 04:52:46'),
(223, 'FAT-SBY/SRU/2020/VII/0011', 12, 2, '2020-07', '2020-07-03 08:06:33', '2020-07-03 08:06:33'),
(224, 'AR-DPS/SRU/2020/VII/0009', 11, 3, '2020-07', '2020-07-03 08:32:58', '2020-07-03 08:32:58'),
(225, 'AR-DPS/SRU/2020/VII/0010', 11, 3, '2020-07', '2020-07-03 08:37:10', '2020-07-03 08:37:10'),
(226, 'FAT-SBY/SRU/2020/VII/0012', 12, 2, '2020-07', '2020-07-03 08:46:45', '2020-07-03 08:46:45'),
(227, 'AR-SBY/SRU/2020/VII/0014', 11, 2, '2020-07', '2020-07-04 03:44:00', '2020-07-04 03:44:00'),
(228, 'NHD-SBY/SRU/2020/VII/0002', 7, 2, '2020-07', '2020-07-07 01:58:13', '2020-07-07 01:58:13'),
(229, 'AR-SBY/SRU/2020/VII/0015', 11, 2, '2020-07', '2020-07-07 02:12:37', '2020-07-07 02:12:37'),
(230, 'AR-SBY/SRU/2020/VII/0016', 11, 2, '2020-07', '2020-07-07 02:13:26', '2020-07-07 02:13:26'),
(231, 'AR-SBY/SRU/2020/VII/0017', 11, 2, '2020-07', '2020-07-07 02:28:59', '2020-07-07 02:28:59'),
(232, 'HD-SBY/SRU/2020/VII/0002', 6, 2, '2020-07', '2020-07-07 02:55:31', '2020-07-07 02:55:31'),
(233, 'HD-SBY/SRU/2020/VII/0003', 6, 2, '2020-07', '2020-07-07 02:59:43', '2020-07-07 02:59:43'),
(234, 'AR-DPS/SRU/2020/VII/0011', 11, 3, '2020-07', '2020-07-08 01:51:00', '2020-07-08 01:51:00'),
(235, 'AR-DPS/SRU/2020/VII/0012', 11, 3, '2020-07', '2020-07-08 01:54:12', '2020-07-08 01:54:12'),
(236, 'AR-DPS/SRU/2020/VII/0013', 11, 3, '2020-07', '2020-07-08 01:55:05', '2020-07-08 01:55:05'),
(237, 'AR-DPS/SRU/2020/VII/0014', 11, 3, '2020-07', '2020-07-08 02:04:11', '2020-07-08 02:04:11'),
(238, 'AR-DPS/SRU/2020/VII/0015', 11, 3, '2020-07', '2020-07-08 02:26:09', '2020-07-08 02:26:09'),
(239, 'AR-DPS/SRU/2020/VII/0016', 11, 3, '2020-07', '2020-07-08 02:39:00', '2020-07-08 02:39:00'),
(240, 'AR-DPS/SRU/2020/VII/0017', 11, 3, '2020-07', '2020-07-08 02:55:39', '2020-07-08 02:55:39'),
(241, 'HD-SBY/SRU/2020/VII/0004', 6, 2, '2020-07', '2020-07-08 03:10:45', '2020-07-08 03:10:45'),
(242, 'AR-DPS/SRU/2020/VII/0018', 11, 3, '2020-07', '2020-07-08 03:20:05', '2020-07-08 03:20:05'),
(243, 'AR-DPS/SRU/2020/VII/0019', 11, 3, '2020-07', '2020-07-08 03:22:09', '2020-07-08 03:22:09'),
(244, 'AR-SBY/SRU/2020/VII/0018', 11, 2, '2020-07', '2020-07-08 03:29:15', '2020-07-08 03:29:15'),
(245, 'AR-DPS/SRU/2020/VII/0020', 11, 3, '2020-07', '2020-07-08 04:01:02', '2020-07-08 04:01:02'),
(246, 'AR-SBY/SRU/2020/VII/0019', 11, 2, '2020-07', '2020-07-08 05:00:16', '2020-07-08 05:00:16'),
(247, 'HD-SBY/SRU/2020/VII/0005', 6, 2, '2020-07', '2020-07-08 06:23:40', '2020-07-08 06:23:40'),
(248, 'AR-SBY/SRU/2020/VII/0020', 11, 2, '2020-07', '2020-07-08 07:51:00', '2020-07-08 07:51:00'),
(249, 'AR-SBY/SRU/2020/VII/0021', 11, 2, '2020-07', '2020-07-08 09:29:47', '2020-07-08 09:29:47'),
(250, 'AR-SBY/SRU/2020/VII/0022', 11, 2, '2020-07', '2020-07-08 09:31:57', '2020-07-08 09:31:57'),
(251, 'AR-SBY/SRU/2020/VII/0023', 11, 2, '2020-07', '2020-07-08 09:36:18', '2020-07-08 09:36:18'),
(252, 'AR-SBY/SRU/2020/VII/0024', 11, 2, '2020-07', '2020-07-08 09:41:10', '2020-07-08 09:41:10'),
(253, 'AR-SBY/SRU/2020/VII/0025', 11, 2, '2020-07', '2020-07-09 02:07:46', '2020-07-09 02:07:46'),
(254, 'AR-SBY/SRU/2020/VII/0026', 11, 2, '2020-07', '2020-07-09 02:22:05', '2020-07-09 02:22:05'),
(255, 'AR-SBY/SRU/2020/VII/0027', 11, 2, '2020-07', '2020-07-09 02:24:15', '2020-07-09 02:24:15'),
(256, 'AR-SBY/SRU/2020/VII/0028', 11, 2, '2020-07', '2020-07-09 06:43:21', '2020-07-09 06:43:21'),
(257, 'AR-SBY/SRU/2020/VII/0029', 11, 2, '2020-07', '2020-07-09 07:23:06', '2020-07-09 07:23:06'),
(258, 'AR-SBY/SRU/2020/VII/0030', 11, 2, '2020-07', '2020-07-09 07:38:41', '2020-07-09 07:38:41'),
(259, 'AR-SBY/SRU/2020/VII/0031', 11, 2, '2020-07', '2020-07-09 07:52:36', '2020-07-09 07:52:36'),
(260, 'AR-SBY/SRU/2020/VII/0032', 11, 2, '2020-07', '2020-07-09 08:07:23', '2020-07-09 08:07:23'),
(261, 'AR-SBY/SRU/2020/VII/0033', 11, 2, '2020-07', '2020-07-09 08:11:15', '2020-07-09 08:11:15'),
(262, 'AR-SBY/SRU/2020/VII/0034', 11, 2, '2020-07', '2020-07-09 08:18:13', '2020-07-09 08:18:13'),
(263, 'AR-SBY/SRU/2020/VII/0035', 11, 2, '2020-07', '2020-07-09 08:22:50', '2020-07-09 08:22:50'),
(264, 'AR-SBY/SRU/2020/VII/0036', 11, 2, '2020-07', '2020-07-09 08:26:20', '2020-07-09 08:26:20'),
(265, 'AR-SBY/SRU/2020/VII/0037', 11, 2, '2020-07', '2020-07-09 08:31:02', '2020-07-09 08:31:02'),
(266, 'AR-SBY/SRU/2020/VII/0038', 11, 2, '2020-07', '2020-07-09 08:33:03', '2020-07-09 08:33:03'),
(267, 'AR-SBY/SRU/2020/VII/0039', 11, 2, '2020-07', '2020-07-09 08:37:30', '2020-07-09 08:37:30'),
(268, 'AR-SBY/SRU/2020/VII/0040', 11, 2, '2020-07', '2020-07-09 08:41:40', '2020-07-09 08:41:40'),
(269, 'AR-SBY/SRU/2020/VII/0041', 11, 2, '2020-07', '2020-07-09 08:43:18', '2020-07-09 08:43:18'),
(270, 'AR-SBY/SRU/2020/VII/0042', 11, 2, '2020-07', '2020-07-09 08:46:28', '2020-07-09 08:46:28'),
(271, 'AR-SBY/SRU/2020/VII/0043', 11, 2, '2020-07', '2020-07-09 09:36:41', '2020-07-09 09:36:41'),
(272, 'AR-SBY/SRU/2020/VII/0044', 11, 2, '2020-07', '2020-07-09 09:39:08', '2020-07-09 09:39:08'),
(273, 'AR-SBY/SRU/2020/VII/0045', 11, 2, '2020-07', '2020-07-09 09:46:16', '2020-07-09 09:46:16'),
(274, 'GA-SBY/SRU/2020/VII/0001', 4, 2, '2020-07', '2020-07-10 02:28:25', '2020-07-10 02:28:25'),
(275, 'FAT-SBY/SRU/2020/VII/0013', 12, 2, '2020-07', '2020-07-10 02:54:34', '2020-07-10 02:54:34'),
(276, 'HD-SBY/SRU/2020/VII/0006', 6, 2, '2020-07', '2020-07-10 04:42:42', '2020-07-10 04:42:42'),
(277, 'FAT-SBY/SRU/2020/VII/0014', 12, 2, '2020-07', '2020-07-10 04:44:36', '2020-07-10 04:44:36'),
(278, 'AR-DPS/SRU/2020/VII/0021', 11, 3, '2020-07', '2020-07-10 04:50:29', '2020-07-10 04:50:29'),
(279, 'AR-SBY/SRU/2020/VII/0046', 11, 2, '2020-07', '2020-07-10 06:31:33', '2020-07-10 06:31:33'),
(280, 'AR-SBY/SRU/2020/VII/0047', 11, 2, '2020-07', '2020-07-10 07:56:09', '2020-07-10 07:56:09'),
(281, 'NHD-SBY/SRU/2020/VII/0003', 7, 2, '2020-07', '2020-07-11 02:16:42', '2020-07-11 02:16:42'),
(282, 'NHD-SBY/SRU/2020/VII/0004', 7, 2, '2020-07', '2020-07-11 02:31:34', '2020-07-11 02:31:34'),
(283, 'AR-SBY/SRU/2020/VII/0048', 11, 2, '2020-07', '2020-07-11 02:42:54', '2020-07-11 02:42:54'),
(284, 'AR-SBY/SRU/2020/VII/0049', 11, 2, '2020-07', '2020-07-11 02:45:03', '2020-07-11 02:45:03'),
(285, 'AR-SBY/SRU/2020/VII/0050', 11, 2, '2020-07', '2020-07-11 03:09:36', '2020-07-11 03:09:36'),
(286, 'AR-SBY/SRU/2020/VII/0051', 11, 2, '2020-07', '2020-07-11 03:16:28', '2020-07-11 03:16:28'),
(287, 'AR-SBY/SRU/2020/VII/0052', 11, 2, '2020-07', '2020-07-11 03:22:07', '2020-07-11 03:22:07'),
(288, 'AR-SBY/SRU/2020/VII/0053', 11, 2, '2020-07', '2020-07-11 03:27:59', '2020-07-11 03:27:59'),
(289, 'AR-SBY/SRU/2020/VII/0054', 11, 2, '2020-07', '2020-07-11 03:31:33', '2020-07-11 03:31:33'),
(290, 'FAT-SBY/SRU/2020/VII/0015', 12, 2, '2020-07', '2020-07-11 03:49:09', '2020-07-11 03:49:09'),
(291, 'AR-SBY/SRU/2020/VII/0055', 11, 2, '2020-07', '2020-07-11 04:17:23', '2020-07-11 04:17:23'),
(292, 'AR-SBY/SRU/2020/VII/0056', 11, 2, '2020-07', '2020-07-11 04:19:20', '2020-07-11 04:19:20'),
(293, 'FAT-SBY/SRU/2020/VII/0016', 12, 2, '2020-07', '2020-07-11 04:20:36', '2020-07-11 04:20:36'),
(294, 'AR-SBY/SRU/2020/VII/0057', 11, 2, '2020-07', '2020-07-11 04:21:27', '2020-07-11 04:21:27'),
(295, 'AR-SBY/SRU/2020/VII/0058', 11, 2, '2020-07', '2020-07-11 04:23:57', '2020-07-11 04:23:57'),
(296, 'AR-SBY/SRU/2020/VII/0059', 11, 2, '2020-07', '2020-07-11 04:31:49', '2020-07-11 04:31:49'),
(297, 'NHD-SBY/SRU/2020/VII/0005', 7, 2, '2020-07', '2020-07-13 03:14:01', '2020-07-13 03:14:01'),
(298, 'AR-SBY/SRU/2020/VII/0060', 11, 2, '2020-07', '2020-07-13 03:38:48', '2020-07-13 03:38:48'),
(299, 'FAT-SBY/SRU/2020/VII/0017', 12, 2, '2020-07', '2020-07-13 04:49:30', '2020-07-13 04:49:30'),
(300, 'AR-DPS/SRU/2020/VII/0022', 11, 3, '2020-07', '2020-07-13 06:38:53', '2020-07-13 06:38:53'),
(301, 'AR-DPS/SRU/2020/VII/0023', 11, 3, '2020-07', '2020-07-13 06:46:36', '2020-07-13 06:46:36'),
(302, 'AR-SBY/SRU/2020/VII/0061', 11, 2, '2020-07', '2020-07-13 07:28:23', '2020-07-13 07:28:23'),
(303, 'AR-DPS/SRU/2020/VII/0024', 11, 3, '2020-07', '2020-07-13 07:28:45', '2020-07-13 07:28:45'),
(304, 'AR-DPS/SRU/2020/VII/0025', 11, 3, '2020-07', '2020-07-13 07:51:40', '2020-07-13 07:51:40'),
(305, 'AR-DPS/SRU/2020/VII/0026', 11, 3, '2020-07', '2020-07-13 07:59:24', '2020-07-13 07:59:24'),
(306, 'AR-SBY/SRU/2020/VII/0062', 11, 2, '2020-07', '2020-07-13 08:23:07', '2020-07-13 08:23:07'),
(307, 'AR-SBY/SRU/2020/VII/0063', 11, 2, '2020-07', '2020-07-13 08:26:50', '2020-07-13 08:26:50'),
(308, 'AR-DPS/SRU/2020/VII/0027', 11, 3, '2020-07', '2020-07-13 08:38:44', '2020-07-13 08:38:44'),
(309, 'AR-SBY/SRU/2020/VII/0064', 11, 2, '2020-07', '2020-07-13 08:51:22', '2020-07-13 08:51:22'),
(310, 'AR-DPS/SRU/2020/VII/0028', 11, 3, '2020-07', '2020-07-13 09:13:56', '2020-07-13 09:13:56'),
(311, 'FAT-SBY/SRU/2020/VII/0018', 12, 2, '2020-07', '2020-07-13 09:14:21', '2020-07-13 09:14:21'),
(312, 'FAT-SBY/SRU/2020/VII/0019', 12, 2, '2020-07', '2020-07-13 09:14:57', '2020-07-13 09:14:57'),
(313, 'AR-DPS/SRU/2020/VII/0029', 11, 3, '2020-07', '2020-07-13 09:43:22', '2020-07-13 09:43:22'),
(314, 'AR-DPS/SRU/2020/VII/0030', 11, 3, '2020-07', '2020-07-13 09:50:14', '2020-07-13 09:50:14'),
(315, 'AR-DPS/SRU/2020/VII/0031', 11, 3, '2020-07', '2020-07-13 09:56:02', '2020-07-13 09:56:02'),
(316, 'AR-DPS/SRU/2020/VII/0032', 11, 3, '2020-07', '2020-07-13 10:01:23', '2020-07-13 10:01:23'),
(317, 'AR-SBY/SRU/2020/VII/0065', 11, 2, '2020-07', '2020-07-14 02:00:07', '2020-07-14 02:00:07'),
(318, 'FAT-SBY/SRU/2020/VII/0020', 12, 2, '2020-07', '2020-07-14 02:18:48', '2020-07-14 02:18:48'),
(319, 'AR-SBY/SRU/2020/VII/0066', 11, 2, '2020-07', '2020-07-14 03:17:20', '2020-07-14 03:17:20'),
(320, 'AR-DPS/SRU/2020/VII/0033', 11, 3, '2020-07', '2020-07-14 04:18:38', '2020-07-14 04:18:38'),
(321, 'HD-SBY/SRU/2020/VII/0007', 6, 2, '2020-07', '2020-07-14 07:02:04', '2020-07-14 07:02:04'),
(322, 'NHD-SBY/SRU/2020/VII/0006', 7, 2, '2020-07', '2020-07-14 07:04:00', '2020-07-14 07:04:00'),
(323, 'NHD-SBY/SRU/2020/VII/0007', 7, 2, '2020-07', '2020-07-14 07:46:56', '2020-07-14 07:46:56'),
(324, 'AR-DPS/SRU/2020/VII/0034', 11, 3, '2020-07', '2020-07-15 04:29:11', '2020-07-15 04:29:11'),
(325, 'AR-DPS/SRU/2020/VII/0035', 11, 3, '2020-07', '2020-07-15 04:31:07', '2020-07-15 04:31:07'),
(326, 'AR-DPS/SRU/2020/VII/0036', 11, 3, '2020-07', '2020-07-15 04:32:15', '2020-07-15 04:32:15'),
(327, 'AR-DPS/SRU/2020/VII/0037', 11, 3, '2020-07', '2020-07-15 04:33:32', '2020-07-15 04:33:32'),
(328, 'AR-DPS/SRU/2020/VII/0038', 11, 3, '2020-07', '2020-07-15 04:34:27', '2020-07-15 04:34:27'),
(329, 'AR-DPS/SRU/2020/VII/0039', 11, 3, '2020-07', '2020-07-15 04:35:59', '2020-07-15 04:35:59'),
(330, 'AR-SBY/SRU/2020/VII/0067', 11, 2, '2020-07', '2020-07-15 04:38:19', '2020-07-15 04:38:19'),
(331, 'AR-SBY/SRU/2020/VII/0068', 11, 2, '2020-07', '2020-07-15 04:42:56', '2020-07-15 04:42:56'),
(332, 'AR-SBY/SRU/2020/VII/0069', 11, 2, '2020-07', '2020-07-15 04:47:11', '2020-07-15 04:47:11'),
(333, 'AR-SBY/SRU/2020/VII/0070', 11, 2, '2020-07', '2020-07-15 04:50:46', '2020-07-15 04:50:46'),
(334, 'AR-SBY/SRU/2020/VII/0071', 11, 2, '2020-07', '2020-07-15 04:53:18', '2020-07-15 04:53:18'),
(335, 'AR-DPS/SRU/2020/VII/0040', 11, 3, '2020-07', '2020-07-15 07:44:15', '2020-07-15 07:44:15'),
(336, 'FAT-SBY/SRU/2020/VII/0021', 12, 2, '2020-07', '2020-07-15 07:55:04', '2020-07-15 07:55:04'),
(337, 'FAT-SBY/SRU/2020/VII/0022', 12, 2, '2020-07', '2020-07-15 07:55:40', '2020-07-15 07:55:40'),
(338, 'FAT-SBY/SRU/2020/VII/0023', 12, 2, '2020-07', '2020-07-15 08:38:42', '2020-07-15 08:38:42'),
(339, 'HD-SBY/SRU/2020/VII/0008', 6, 2, '2020-07', '2020-07-16 02:16:50', '2020-07-16 02:16:50'),
(340, 'AR-SBY/SRU/2020/VII/0072', 11, 2, '2020-07', '2020-07-16 06:37:31', '2020-07-16 06:37:31'),
(341, 'FAT-SBY/SRU/2020/VII/0024', 12, 2, '2020-07', '2020-07-16 06:56:51', '2020-07-16 06:56:51'),
(342, 'FAT-SBY/SRU/2020/VII/0025', 12, 2, '2020-07', '2020-07-17 07:40:29', '2020-07-17 07:40:29'),
(343, 'FAT-SBY/SRU/2020/VII/0026', 12, 2, '2020-07', '2020-07-17 07:55:41', '2020-07-17 07:55:41'),
(344, 'FAT-SBY/SRU/2020/VII/0027', 12, 2, '2020-07', '2020-07-17 08:16:26', '2020-07-17 08:16:26'),
(345, 'FAT-SBY/SRU/2020/VII/0028', 12, 2, '2020-07', '2020-07-20 03:47:31', '2020-07-20 03:47:31'),
(346, 'AR-SBY/SRU/2020/VII/0073', 11, 2, '2020-07', '2020-07-20 07:18:34', '2020-07-20 07:18:34'),
(347, 'NHD-SBY/SRU/2020/VII/0008', 7, 2, '2020-07', '2020-07-20 09:24:10', '2020-07-20 09:24:10'),
(348, 'AR-SBY/SRU/2020/VII/0074', 11, 2, '2020-07', '2020-07-21 01:58:40', '2020-07-21 01:58:40'),
(349, 'AR-SBY/SRU/2020/VII/0075', 11, 2, '2020-07', '2020-07-21 01:58:56', '2020-07-21 01:58:56'),
(350, 'AR-SBY/SRU/2020/VII/0076', 11, 2, '2020-07', '2020-07-21 02:00:38', '2020-07-21 02:00:38'),
(351, 'AR-SBY/SRU/2020/VII/0077', 11, 2, '2020-07', '2020-07-21 02:00:52', '2020-07-21 02:00:52'),
(352, 'HD-SBY/SRU/2020/VII/0009', 6, 2, '2020-07', '2020-07-21 03:06:31', '2020-07-21 03:06:31'),
(353, 'AR-DPS/SRU/2020/VII/0041', 11, 3, '2020-07', '2020-07-21 03:47:52', '2020-07-21 03:47:52'),
(354, 'AR-DPS/SRU/2020/VII/0042', 11, 3, '2020-07', '2020-07-21 03:52:40', '2020-07-21 03:52:40'),
(355, 'AR-DPS/SRU/2020/VII/0043', 11, 3, '2020-07', '2020-07-21 04:01:56', '2020-07-21 04:01:56'),
(356, 'AR-DPS/SRU/2020/VII/0044', 11, 3, '2020-07', '2020-07-21 04:03:04', '2020-07-21 04:03:04'),
(357, 'AR-DPS/SRU/2020/VII/0045', 11, 3, '2020-07', '2020-07-21 04:50:59', '2020-07-21 04:50:59'),
(358, 'AR-DPS/SRU/2020/VII/0046', 11, 3, '2020-07', '2020-07-21 04:54:42', '2020-07-21 04:54:42'),
(359, 'AR-DPS/SRU/2020/VII/0047', 11, 3, '2020-07', '2020-07-21 05:04:16', '2020-07-21 05:04:16'),
(360, 'AR-DPS/SRU/2020/VII/0048', 11, 3, '2020-07', '2020-07-21 05:08:01', '2020-07-21 05:08:01'),
(361, 'AR-DPS/SRU/2020/VII/0049', 11, 3, '2020-07', '2020-07-21 05:12:36', '2020-07-21 05:12:36'),
(362, 'AR-DPS/SRU/2020/VII/0050', 11, 3, '2020-07', '2020-07-21 05:15:57', '2020-07-21 05:15:57'),
(363, 'HD-SBY/SRU/2020/VII/0010', 6, 2, '2020-07', '2020-07-21 06:19:48', '2020-07-21 06:19:48'),
(364, 'AR-SBY/SRU/2020/VII/0078', 11, 2, '2020-07', '2020-07-21 06:22:56', '2020-07-21 06:22:56'),
(365, 'AR-DPS/SRU/2020/VII/0051', 11, 3, '2020-07', '2020-07-21 06:38:52', '2020-07-21 06:38:52'),
(366, 'AR-DPS/SRU/2020/VII/0052', 11, 3, '2020-07', '2020-07-21 06:42:58', '2020-07-21 06:42:58'),
(367, 'HD-SBY/SRU/2020/VII/0011', 6, 2, '2020-07', '2020-07-21 08:08:01', '2020-07-21 08:08:01'),
(368, 'AR-SBY/SRU/2020/VII/0079', 11, 2, '2020-07', '2020-07-22 02:50:53', '2020-07-22 02:50:53'),
(369, 'AR-SBY/SRU/2020/VII/0080', 11, 2, '2020-07', '2020-07-22 03:04:50', '2020-07-22 03:04:50'),
(370, 'AR-SBY/SRU/2020/VII/0081', 11, 2, '2020-07', '2020-07-22 03:15:07', '2020-07-22 03:15:07'),
(371, 'AR-SBY/SRU/2020/VII/0082', 11, 2, '2020-07', '2020-07-22 03:17:51', '2020-07-22 03:17:51'),
(372, 'AR-SBY/SRU/2020/VII/0083', 11, 2, '2020-07', '2020-07-22 03:23:52', '2020-07-22 03:23:52'),
(373, 'AR-SBY/SRU/2020/VII/0084', 11, 2, '2020-07', '2020-07-22 03:27:58', '2020-07-22 03:27:58'),
(374, 'AR-SBY/SRU/2020/VII/0085', 11, 2, '2020-07', '2020-07-22 03:30:26', '2020-07-22 03:30:26'),
(375, 'AR-SBY/SRU/2020/VII/0086', 11, 2, '2020-07', '2020-07-22 04:58:07', '2020-07-22 04:58:07'),
(376, 'AR-SBY/SRU/2020/VII/0087', 11, 2, '2020-07', '2020-07-22 06:58:22', '2020-07-22 06:58:22'),
(377, 'AR-DPS/SRU/2020/VII/0053', 11, 3, '2020-07', '2020-07-23 03:41:31', '2020-07-23 03:41:31'),
(378, 'AR-SBY/SRU/2020/VII/0088', 11, 2, '2020-07', '2020-07-23 04:05:09', '2020-07-23 04:05:09'),
(379, 'AR-SBY/SRU/2020/VII/0089', 11, 2, '2020-07', '2020-07-23 04:09:22', '2020-07-23 04:09:22'),
(380, 'FAT-SBY/SRU/2020/VII/0029', 12, 2, '2020-07', '2020-07-23 06:29:39', '2020-07-23 06:29:39'),
(381, 'AR-SBY/SRU/2020/VII/0090', 11, 2, '2020-07', '2020-07-23 07:03:58', '2020-07-23 07:03:58'),
(382, 'HD-SBY/SRU/2020/VII/0012', 6, 2, '2020-07', '2020-07-24 06:25:27', '2020-07-24 06:25:27'),
(383, 'AR-SBY/SRU/2020/VII/0091', 11, 2, '2020-07', '2020-07-24 07:41:35', '2020-07-24 07:41:35'),
(384, 'AR-SBY/SRU/2020/VII/0092', 11, 2, '2020-07', '2020-07-24 09:07:10', '2020-07-24 09:07:10'),
(385, 'AR-SBY/SRU/2020/VII/0093', 11, 2, '2020-07', '2020-07-24 09:08:39', '2020-07-24 09:08:39'),
(386, 'AR-DPS/SRU/2020/VII/0054', 11, 3, '2020-07', '2020-07-27 02:29:36', '2020-07-27 02:29:36'),
(387, 'FAT-SBY/SRU/2020/VII/0030', 12, 2, '2020-07', '2020-07-27 03:06:37', '2020-07-27 03:06:37'),
(388, 'FAT-SBY/SRU/2020/VII/0031', 12, 2, '2020-07', '2020-07-27 03:08:32', '2020-07-27 03:08:32'),
(389, 'AR-SBY/SRU/2020/VII/0094', 11, 2, '2020-07', '2020-07-27 04:03:18', '2020-07-27 04:03:18'),
(390, 'AR-SBY/SRU/2020/VII/0095', 11, 2, '2020-07', '2020-07-27 06:39:07', '2020-07-27 06:39:07'),
(391, 'AR-SBY/SRU/2020/VII/0096', 11, 2, '2020-07', '2020-07-27 06:49:11', '2020-07-27 06:49:11'),
(392, 'AR-SBY/SRU/2020/VII/0097', 11, 2, '2020-07', '2020-07-27 06:50:02', '2020-07-27 06:50:02'),
(393, 'AR-SBY/SRU/2020/VII/0098', 11, 2, '2020-07', '2020-07-27 06:50:50', '2020-07-27 06:50:50'),
(394, 'AR-SBY/SRU/2020/VII/0099', 11, 2, '2020-07', '2020-07-27 06:51:52', '2020-07-27 06:51:52'),
(395, 'AR-SBY/SRU/2020/VII/0100', 11, 2, '2020-07', '2020-07-27 06:53:02', '2020-07-27 06:53:02'),
(396, 'AR-SBY/SRU/2020/VII/0101', 11, 2, '2020-07', '2020-07-27 06:54:30', '2020-07-27 06:54:30'),
(397, 'AR-SBY/SRU/2020/VII/0102', 11, 2, '2020-07', '2020-07-27 06:56:56', '2020-07-27 06:56:56'),
(398, 'AR-SBY/SRU/2020/VII/0103', 11, 2, '2020-07', '2020-07-27 06:57:37', '2020-07-27 06:57:37'),
(399, 'AR-SBY/SRU/2020/VII/0104', 11, 2, '2020-07', '2020-07-27 06:59:15', '2020-07-27 06:59:15'),
(400, 'AR-SBY/SRU/2020/VII/0105', 11, 2, '2020-07', '2020-07-27 07:00:39', '2020-07-27 07:00:39'),
(401, 'AR-SBY/SRU/2020/VII/0106', 11, 2, '2020-07', '2020-07-27 07:02:16', '2020-07-27 07:02:16'),
(402, 'AR-SBY/SRU/2020/VII/0107', 11, 2, '2020-07', '2020-07-27 07:03:22', '2020-07-27 07:03:22'),
(403, 'AR-DPS/SRU/2020/VII/0055', 11, 3, '2020-07', '2020-07-27 08:10:17', '2020-07-27 08:10:17'),
(404, 'AR-DPS/SRU/2020/VII/0056', 11, 3, '2020-07', '2020-07-27 08:16:53', '2020-07-27 08:16:53'),
(405, 'AR-DPS/SRU/2020/VII/0057', 11, 3, '2020-07', '2020-07-27 08:27:55', '2020-07-27 08:27:55'),
(406, 'AR-DPS/SRU/2020/VII/0058', 11, 3, '2020-07', '2020-07-27 08:32:10', '2020-07-27 08:32:10'),
(407, 'AR-DPS/SRU/2020/VII/0059', 11, 3, '2020-07', '2020-07-27 08:35:48', '2020-07-27 08:35:48'),
(408, 'AR-DPS/SRU/2020/VII/0060', 11, 3, '2020-07', '2020-07-27 08:38:15', '2020-07-27 08:38:15'),
(409, 'AR-DPS/SRU/2020/VII/0061', 11, 3, '2020-07', '2020-07-27 08:49:35', '2020-07-27 08:49:35'),
(410, 'AR-SBY/SRU/2020/VII/0108', 11, 2, '2020-07', '2020-07-27 09:09:59', '2020-07-27 09:09:59'),
(411, 'FAT-SBY/SRU/2020/VII/0032', 12, 2, '2020-07', '2020-07-27 09:40:43', '2020-07-27 09:40:43'),
(412, 'AR-SBY/SRU/2020/VII/0109', 11, 2, '2020-07', '2020-07-28 02:34:11', '2020-07-28 02:34:11'),
(413, 'AR-SBY/SRU/2020/VII/0110', 11, 2, '2020-07', '2020-07-28 02:35:08', '2020-07-28 02:35:08'),
(414, 'HD-SBY/SRU/2020/VII/0013', 6, 2, '2020-07', '2020-07-28 05:46:20', '2020-07-28 05:46:20'),
(415, 'HD-SBY/SRU/2020/VII/0014', 6, 2, '2020-07', '2020-07-29 03:25:02', '2020-07-29 03:25:02'),
(416, 'AR-DPS/SRU/2020/VII/0062', 11, 3, '2020-07', '2020-07-29 06:18:55', '2020-07-29 06:18:55'),
(417, 'AR-SBY/SRU/2020/VII/0111', 11, 2, '2020-07', '2020-07-29 07:09:02', '2020-07-29 07:09:02'),
(418, 'AR-SBY/SRU/2020/VII/0112', 11, 2, '2020-07', '2020-07-29 07:23:47', '2020-07-29 07:23:47'),
(419, 'AR-DPS/SRU/2020/VII/0063', 11, 3, '2020-07', '2020-07-29 07:24:32', '2020-07-29 07:24:32'),
(420, 'AR-SBY/SRU/2020/VII/0113', 11, 2, '2020-07', '2020-07-29 07:24:33', '2020-07-29 07:24:33'),
(421, 'AR-DPS/SRU/2020/VII/0064', 11, 3, '2020-07', '2020-07-29 07:24:50', '2020-07-29 07:24:50'),
(422, 'AR-DPS/SRU/2020/VII/0065', 11, 3, '2020-07', '2020-07-29 07:39:14', '2020-07-29 07:39:14'),
(423, 'AR-SBY/SRU/2020/VII/0114', 11, 2, '2020-07', '2020-07-29 07:41:54', '2020-07-29 07:41:54'),
(424, 'AR-SBY/SRU/2020/VII/0115', 11, 2, '2020-07', '2020-07-29 08:09:14', '2020-07-29 08:09:14'),
(425, 'AR-SBY/SRU/2020/VII/0116', 11, 2, '2020-07', '2020-07-29 08:20:09', '2020-07-29 08:20:09'),
(426, 'AR-SBY/SRU/2020/VII/0117', 11, 2, '2020-07', '2020-07-29 09:22:05', '2020-07-29 09:22:05'),
(427, 'AR-SBY/SRU/2020/VII/0118', 11, 2, '2020-07', '2020-07-29 09:24:19', '2020-07-29 09:24:19'),
(428, 'AR-SBY/SRU/2020/VII/0119', 11, 2, '2020-07', '2020-07-29 09:27:43', '2020-07-29 09:27:43'),
(429, 'AR-SBY/SRU/2020/VII/0120', 11, 2, '2020-07', '2020-07-29 09:28:53', '2020-07-29 09:28:53'),
(430, 'AR-SBY/SRU/2020/VII/0121', 11, 2, '2020-07', '2020-07-29 09:30:18', '2020-07-29 09:30:18'),
(431, 'AR-SBY/SRU/2020/VII/0122', 11, 2, '2020-07', '2020-07-29 09:34:50', '2020-07-29 09:34:50'),
(432, 'AR-SBY/SRU/2020/VII/0123', 11, 2, '2020-07', '2020-07-29 09:42:07', '2020-07-29 09:42:07'),
(433, 'AR-SBY/SRU/2020/VII/0124', 11, 2, '2020-07', '2020-07-29 09:54:05', '2020-07-29 09:54:05'),
(434, 'AR-SBY/SRU/2020/VII/0125', 11, 2, '2020-07', '2020-07-29 09:57:55', '2020-07-29 09:57:55'),
(435, 'FAT-SBY/SRU/2020/VII/0033', 12, 2, '2020-07', '2020-07-30 01:40:58', '2020-07-30 01:40:58'),
(436, 'FAT-SBY/SRU/2020/VII/0034', 12, 2, '2020-07', '2020-07-30 01:42:23', '2020-07-30 01:42:23'),
(437, 'NHD-SBY/SRU/2020/VII/0009', 7, 2, '2020-07', '2020-07-30 01:43:46', '2020-07-30 01:43:46'),
(438, 'FAT-SBY/SRU/2020/VII/0035', 12, 2, '2020-07', '2020-07-30 01:44:34', '2020-07-30 01:44:34'),
(439, 'FAT-SBY/SRU/2020/VII/0036', 12, 2, '2020-07', '2020-07-30 01:45:07', '2020-07-30 01:45:07'),
(440, 'NHD-SBY/SRU/2020/VII/0010', 7, 2, '2020-07', '2020-07-30 01:50:52', '2020-07-30 01:50:52'),
(441, 'NHD-SBY/SRU/2020/VII/0011', 7, 2, '2020-07', '2020-07-30 01:51:16', '2020-07-30 01:51:16'),
(442, 'AR-SBY/SRU/2020/VII/0126', 11, 2, '2020-07', '2020-07-30 03:39:16', '2020-07-30 03:39:16'),
(443, 'AR-SBY/SRU/2020/VII/0127', 11, 2, '2020-07', '2020-07-30 04:16:53', '2020-07-30 04:16:53'),
(444, 'AR-SBY/SRU/2020/VII/0128', 11, 2, '2020-07', '2020-07-30 09:20:26', '2020-07-30 09:20:26'),
(445, 'AR-SBY/SRU/2020/VII/0129', 11, 2, '2020-07', '2020-07-30 09:48:28', '2020-07-30 09:48:28'),
(446, 'AR-SBY/SRU/2020/VIII/0001', 11, 2, '2020-08', '2020-08-03 02:27:46', '2020-08-03 02:27:46'),
(447, 'HD-SBY/SRU/2020/VIII/0001', 6, 2, '2020-08', '2020-08-03 02:59:36', '2020-08-03 02:59:36'),
(448, 'AR-SBY/SRU/2020/VIII/0002', 11, 2, '2020-08', '2020-08-03 03:00:58', '2020-08-03 03:00:58'),
(449, 'FAT-SBY/SRU/2020/VIII/0001', 12, 2, '2020-08', '2020-08-03 04:16:52', '2020-08-03 04:16:52'),
(450, 'AR-SBY/SRU/2020/VIII/0003', 11, 2, '2020-08', '2020-08-03 06:15:05', '2020-08-03 06:15:05'),
(451, 'AR-SBY/SRU/2020/VIII/0004', 11, 2, '2020-08', '2020-08-03 07:01:11', '2020-08-03 07:01:11'),
(452, 'AR-SBY/SRU/2020/VIII/0005', 11, 2, '2020-08', '2020-08-03 07:19:42', '2020-08-03 07:19:42'),
(453, 'FAT-SBY/SRU/2020/VIII/0002', 12, 2, '2020-08', '2020-08-03 08:49:49', '2020-08-03 08:49:49'),
(454, 'AR-SBY/SRU/2020/VIII/0006', 11, 2, '2020-08', '2020-08-03 09:55:27', '2020-08-03 09:55:27'),
(455, 'AR-SBY/SRU/2020/VIII/0007', 11, 2, '2020-08', '2020-08-04 03:58:55', '2020-08-04 03:58:55'),
(456, 'AR-DPS/SRU/2020/VIII/0001', 11, 3, '2020-08', '2020-08-04 04:54:17', '2020-08-04 04:54:17'),
(457, 'AR-DPS/SRU/2020/VIII/0002', 11, 3, '2020-08', '2020-08-04 05:07:50', '2020-08-04 05:07:50'),
(458, 'AR-DPS/SRU/2020/VIII/0003', 11, 3, '2020-08', '2020-08-04 05:13:51', '2020-08-04 05:13:51'),
(459, 'AR-DPS/SRU/2020/VIII/0004', 11, 3, '2020-08', '2020-08-04 05:18:09', '2020-08-04 05:18:09'),
(460, 'AR-DPS/SRU/2020/VIII/0005', 11, 3, '2020-08', '2020-08-04 05:23:58', '2020-08-04 05:23:58'),
(461, 'AR-DPS/SRU/2020/VIII/0006', 11, 3, '2020-08', '2020-08-04 05:32:40', '2020-08-04 05:32:40'),
(462, 'AR-DPS/SRU/2020/VIII/0007', 11, 3, '2020-08', '2020-08-04 05:36:00', '2020-08-04 05:36:00'),
(463, 'AR-DPS/SRU/2020/VIII/0008', 11, 3, '2020-08', '2020-08-04 05:42:34', '2020-08-04 05:42:34'),
(464, 'AR-SBY/SRU/2020/VIII/0008', 11, 2, '2020-08', '2020-08-04 06:19:39', '2020-08-04 06:19:39'),
(465, 'AR-SBY/SRU/2020/VIII/0009', 11, 2, '2020-08', '2020-08-04 06:49:35', '2020-08-04 06:49:35'),
(466, 'HD-SBY/SRU/2020/VIII/0002', 6, 2, '2020-08', '2020-08-04 06:57:57', '2020-08-04 06:57:57'),
(467, 'AR-SBY/SRU/2020/VIII/0010', 11, 2, '2020-08', '2020-08-04 07:39:51', '2020-08-04 07:39:51'),
(468, 'AR-SBY/SRU/2020/VIII/0011', 11, 2, '2020-08', '2020-08-04 07:50:08', '2020-08-04 07:50:08'),
(469, 'FAT-SBY/SRU/2020/VIII/0003', 12, 2, '2020-08', '2020-08-04 08:42:28', '2020-08-04 08:42:28'),
(470, 'AR-SBY/SRU/2020/VIII/0012', 11, 2, '2020-08', '2020-08-04 08:55:24', '2020-08-04 08:55:24'),
(471, 'NHD-SBY/SRU/2020/VIII/0001', 7, 2, '2020-08', '2020-08-04 09:05:41', '2020-08-04 09:05:41'),
(472, 'FAT-SBY/SRU/2020/VIII/0004', 12, 2, '2020-08', '2020-08-04 09:13:28', '2020-08-04 09:13:28'),
(473, 'AR-SBY/SRU/2020/VIII/0013', 11, 2, '2020-08', '2020-08-04 09:25:53', '2020-08-04 09:25:53'),
(474, 'AR-SBY/SRU/2020/VIII/0014', 11, 2, '2020-08', '2020-08-04 09:35:24', '2020-08-04 09:35:24'),
(475, 'AR-SBY/SRU/2020/VIII/0015', 11, 2, '2020-08', '2020-08-04 09:38:53', '2020-08-04 09:38:53'),
(476, 'AR-SBY/SRU/2020/VIII/0016', 11, 2, '2020-08', '2020-08-04 09:50:48', '2020-08-04 09:50:48'),
(477, 'FAT-SBY/SRU/2020/VIII/0005', 12, 2, '2020-08', '2020-08-05 04:29:02', '2020-08-05 04:29:02'),
(478, 'AR-SBY/SRU/2020/VIII/0017', 11, 2, '2020-08', '2020-08-05 07:52:40', '2020-08-05 07:52:40'),
(479, 'AR-SBY/SRU/2020/VIII/0018', 11, 2, '2020-08', '2020-08-05 07:55:03', '2020-08-05 07:55:03'),
(480, 'AR-SBY/SRU/2020/VIII/0019', 11, 2, '2020-08', '2020-08-05 09:53:20', '2020-08-05 09:53:20'),
(481, 'AR-SBY/SRU/2020/VIII/0020', 11, 2, '2020-08', '2020-08-06 03:38:09', '2020-08-06 03:38:09'),
(482, 'AR-SBY/SRU/2020/VIII/0021', 11, 2, '2020-08', '2020-08-06 03:38:36', '2020-08-06 03:38:36'),
(483, 'AR-SBY/SRU/2020/VIII/0022', 11, 2, '2020-08', '2020-08-06 03:39:23', '2020-08-06 03:39:23'),
(484, 'HD-SBY/SRU/2020/VIII/0003', 6, 2, '2020-08', '2020-08-06 03:56:03', '2020-08-06 03:56:03'),
(485, 'AR-SBY/SRU/2020/VIII/0023', 11, 2, '2020-08', '2020-08-06 04:21:29', '2020-08-06 04:21:29'),
(486, 'AR-SBY/SRU/2020/VIII/0024', 11, 2, '2020-08', '2020-08-06 04:27:29', '2020-08-06 04:27:29'),
(487, 'AR-SBY/SRU/2020/VIII/0025', 11, 2, '2020-08', '2020-08-06 04:29:39', '2020-08-06 04:29:39'),
(488, 'AR-SBY/SRU/2020/VIII/0026', 11, 2, '2020-08', '2020-08-06 04:40:03', '2020-08-06 04:40:03'),
(489, 'AR-SBY/SRU/2020/VIII/0027', 11, 2, '2020-08', '2020-08-06 04:43:05', '2020-08-06 04:43:05'),
(490, 'HD-SBY/SRU/2020/VIII/0004', 6, 2, '2020-08', '2020-08-06 04:45:36', '2020-08-06 04:45:36'),
(491, 'AR-SBY/SRU/2020/VIII/0028', 11, 2, '2020-08', '2020-08-06 05:38:32', '2020-08-06 05:38:32'),
(492, 'FAT-SBY/SRU/2020/VIII/0006', 12, 2, '2020-08', '2020-08-06 06:25:58', '2020-08-06 06:25:58'),
(493, 'FAT-SBY/SRU/2020/VIII/0007', 12, 2, '2020-08', '2020-08-06 06:26:50', '2020-08-06 06:26:50'),
(494, 'AR-SBY/SRU/2020/VIII/0029', 11, 2, '2020-08', '2020-08-06 07:18:30', '2020-08-06 07:18:30'),
(495, 'AR-SBY/SRU/2020/VIII/0030', 11, 2, '2020-08', '2020-08-06 07:27:44', '2020-08-06 07:27:44'),
(496, 'AR-SBY/SRU/2020/VIII/0031', 11, 2, '2020-08', '2020-08-06 07:57:27', '2020-08-06 07:57:27'),
(497, 'FAT-SBY/SRU/2020/VIII/0008', 12, 2, '2020-08', '2020-08-06 08:59:06', '2020-08-06 08:59:06'),
(498, 'FAT-SBY/SRU/2020/VIII/0009', 12, 2, '2020-08', '2020-08-06 09:20:12', '2020-08-06 09:20:12'),
(499, 'FAT-SBY/SRU/2020/VIII/0010', 12, 2, '2020-08', '2020-08-06 09:34:50', '2020-08-06 09:34:50'),
(500, 'AR-DPS/SRU/2020/VIII/0009', 11, 3, '2020-08', '2020-08-07 02:59:06', '2020-08-07 02:59:06'),
(501, 'AR-DPS/SRU/2020/VIII/0010', 11, 3, '2020-08', '2020-08-07 03:05:06', '2020-08-07 03:05:06'),
(502, 'AR-DPS/SRU/2020/VIII/0011', 11, 3, '2020-08', '2020-08-07 03:08:15', '2020-08-07 03:08:15'),
(503, 'AR-DPS/SRU/2020/VIII/0012', 11, 3, '2020-08', '2020-08-07 03:18:55', '2020-08-07 03:18:55'),
(504, 'AR-DPS/SRU/2020/VIII/0013', 11, 3, '2020-08', '2020-08-07 03:22:44', '2020-08-07 03:22:44'),
(505, 'AR-DPS/SRU/2020/VIII/0014', 11, 3, '2020-08', '2020-08-07 03:33:04', '2020-08-07 03:33:04'),
(506, 'AR-DPS/SRU/2020/VIII/0015', 11, 3, '2020-08', '2020-08-07 03:38:53', '2020-08-07 03:38:53'),
(507, 'AR-DPS/SRU/2020/VIII/0016', 11, 3, '2020-08', '2020-08-07 03:44:46', '2020-08-07 03:44:46'),
(508, 'AR-DPS/SRU/2020/VIII/0017', 11, 3, '2020-08', '2020-08-07 03:49:40', '2020-08-07 03:49:40'),
(509, 'AR-DPS/SRU/2020/VIII/0018', 11, 3, '2020-08', '2020-08-07 04:00:52', '2020-08-07 04:00:52'),
(510, 'AR-DPS/SRU/2020/VIII/0019', 11, 3, '2020-08', '2020-08-07 04:06:40', '2020-08-07 04:06:40'),
(511, 'AR-DPS/SRU/2020/VIII/0020', 11, 3, '2020-08', '2020-08-07 04:11:05', '2020-08-07 04:11:05'),
(512, 'HD-SBY/SRU/2020/VIII/0005', 6, 2, '2020-08', '2020-08-10 03:10:38', '2020-08-10 03:10:38'),
(513, 'HD-SBY/SRU/2020/VIII/0006', 6, 2, '2020-08', '2020-08-10 04:42:37', '2020-08-10 04:42:37'),
(514, 'FAT-SBY/SRU/2020/VIII/0011', 12, 2, '2020-08', '2020-08-10 10:06:01', '2020-08-10 10:06:01'),
(515, 'AR-SBY/SRU/2020/VIII/0032', 11, 2, '2020-08', '2020-08-11 04:12:16', '2020-08-11 04:12:16'),
(516, 'HD-SBY/SRU/2020/VIII/0007', 6, 2, '2020-08', '2020-08-11 04:15:06', '2020-08-11 04:15:06'),
(517, 'AR-SBY/SRU/2020/VIII/0033', 11, 2, '2020-08', '2020-08-11 09:29:43', '2020-08-11 09:29:43'),
(518, 'AR-SBY/SRU/2020/VIII/0034', 11, 2, '2020-08', '2020-08-11 09:31:18', '2020-08-11 09:31:18'),
(519, 'NHD-SBY/SRU/2020/VIII/0002', 7, 2, '2020-08', '2020-08-11 09:35:05', '2020-08-11 09:35:05'),
(520, 'FAT-SBY/SRU/2020/VIII/0012', 12, 2, '2020-08', '2020-08-11 09:54:00', '2020-08-11 09:54:00'),
(521, 'AR-DPS/SRU/2020/VIII/0021', 11, 3, '2020-08', '2020-08-12 03:47:03', '2020-08-12 03:47:03'),
(522, 'AR-DPS/SRU/2020/VIII/0022', 11, 3, '2020-08', '2020-08-12 04:00:25', '2020-08-12 04:00:25'),
(523, 'AR-DPS/SRU/2020/VIII/0023', 11, 3, '2020-08', '2020-08-12 04:04:01', '2020-08-12 04:04:01'),
(524, 'AR-DPS/SRU/2020/VIII/0024', 11, 3, '2020-08', '2020-08-12 04:08:44', '2020-08-12 04:08:44'),
(525, 'HD-SBY/SRU/2020/VIII/0008', 6, 2, '2020-08', '2020-08-12 04:21:21', '2020-08-12 04:21:21'),
(526, 'AR-DPS/SRU/2020/VIII/0025', 11, 3, '2020-08', '2020-08-12 04:29:52', '2020-08-12 04:29:52'),
(527, 'AR-DPS/SRU/2020/VIII/0026', 11, 3, '2020-08', '2020-08-12 06:14:42', '2020-08-12 06:14:42'),
(528, 'AR-DPS/SRU/2020/VIII/0027', 11, 3, '2020-08', '2020-08-12 06:23:07', '2020-08-12 06:23:07'),
(529, 'AR-DPS/SRU/2020/VIII/0028', 11, 3, '2020-08', '2020-08-12 06:35:12', '2020-08-12 06:35:12'),
(530, 'AR-DPS/SRU/2020/VIII/0029', 11, 3, '2020-08', '2020-08-12 06:38:50', '2020-08-12 06:38:50'),
(531, 'AR-DPS/SRU/2020/VIII/0030', 11, 3, '2020-08', '2020-08-12 07:14:10', '2020-08-12 07:14:10'),
(532, 'AR-DPS/SRU/2020/VIII/0031', 11, 3, '2020-08', '2020-08-12 08:42:40', '2020-08-12 08:42:40'),
(533, 'AR-DPS/SRU/2020/VIII/0032', 11, 3, '2020-08', '2020-08-12 08:44:31', '2020-08-12 08:44:31'),
(534, 'AR-SBY/SRU/2020/VIII/0035', 11, 2, '2020-08', '2020-08-12 09:02:33', '2020-08-12 09:02:33'),
(535, 'AR-SBY/SRU/2020/VIII/0036', 11, 2, '2020-08', '2020-08-12 09:04:24', '2020-08-12 09:04:24'),
(536, 'AR-SBY/SRU/2020/VIII/0037', 11, 2, '2020-08', '2020-08-12 09:08:13', '2020-08-12 09:08:13'),
(537, 'AR-SBY/SRU/2020/VIII/0038', 11, 2, '2020-08', '2020-08-12 09:10:15', '2020-08-12 09:10:15'),
(538, 'AR-SBY/SRU/2020/VIII/0039', 11, 2, '2020-08', '2020-08-12 09:11:59', '2020-08-12 09:11:59'),
(539, 'AR-SBY/SRU/2020/VIII/0040', 11, 2, '2020-08', '2020-08-12 09:13:39', '2020-08-12 09:13:39');
INSERT INTO `no_eksternal` (`id`, `no_surat`, `dept_id`, `cabang_id`, `tgl`, `created_at`, `updated_at`) VALUES
(540, 'AR-SBY/SRU/2020/VIII/0041', 11, 2, '2020-08', '2020-08-12 09:15:35', '2020-08-12 09:15:35'),
(541, 'AR-SBY/SRU/2020/VIII/0042', 11, 2, '2020-08', '2020-08-12 09:18:13', '2020-08-12 09:18:13'),
(542, 'AR-SBY/SRU/2020/VIII/0043', 11, 2, '2020-08', '2020-08-12 09:19:58', '2020-08-12 09:19:58'),
(543, 'AR-SBY/SRU/2020/VIII/0044', 11, 2, '2020-08', '2020-08-13 04:46:45', '2020-08-13 04:46:45'),
(544, 'AR-SBY/SRU/2020/VIII/0045', 11, 2, '2020-08', '2020-08-13 04:47:19', '2020-08-13 04:47:19'),
(545, 'AR-SBY/SRU/2020/VIII/0046', 11, 2, '2020-08', '2020-08-13 04:48:37', '2020-08-13 04:48:37'),
(546, 'AR-SBY/SRU/2020/VIII/0047', 11, 2, '2020-08', '2020-08-13 04:53:43', '2020-08-13 04:53:43'),
(547, 'AR-SBY/SRU/2020/VIII/0048', 11, 2, '2020-08', '2020-08-13 04:56:26', '2020-08-13 04:56:26'),
(548, 'AR-SBY/SRU/2020/VIII/0049', 11, 2, '2020-08', '2020-08-13 04:59:24', '2020-08-13 04:59:24'),
(549, 'AR-SBY/SRU/2020/VIII/0050', 11, 2, '2020-08', '2020-08-13 07:22:11', '2020-08-13 07:22:11'),
(550, 'AR-SBY/SRU/2020/VIII/0051', 11, 2, '2020-08', '2020-08-13 07:39:34', '2020-08-13 07:39:34'),
(551, 'AR-SBY/SRU/2020/VIII/0052', 11, 2, '2020-08', '2020-08-13 07:40:38', '2020-08-13 07:40:38'),
(552, 'AR-SBY/SRU/2020/VIII/0053', 11, 2, '2020-08', '2020-08-13 07:51:13', '2020-08-13 07:51:13'),
(553, 'FAT-SBY/SRU/2020/VIII/0013', 12, 2, '2020-08', '2020-08-13 08:07:46', '2020-08-13 08:07:46'),
(554, 'AR-SBY/SRU/2020/VIII/0054', 11, 2, '2020-08', '2020-08-13 08:27:21', '2020-08-13 08:27:21'),
(555, 'HD-SBY/SRU/2020/VIII/0009', 6, 2, '2020-08', '2020-08-14 03:14:41', '2020-08-14 03:14:41'),
(556, 'AR-DPS/SRU/2020/VIII/0033', 11, 3, '2020-08', '2020-08-18 04:07:10', '2020-08-18 04:07:10'),
(557, 'AR-DPS/SRU/2020/VIII/0034', 11, 3, '2020-08', '2020-08-18 04:26:44', '2020-08-18 04:26:44'),
(558, 'AR-DPS/SRU/2020/VIII/0035', 11, 3, '2020-08', '2020-08-18 04:29:50', '2020-08-18 04:29:50'),
(559, 'AR-DPS/SRU/2020/VIII/0036', 11, 3, '2020-08', '2020-08-18 04:32:02', '2020-08-18 04:32:02'),
(560, 'AR-DPS/SRU/2020/VIII/0037', 11, 3, '2020-08', '2020-08-18 04:40:35', '2020-08-18 04:40:35'),
(561, 'AR-SBY/SRU/2020/VIII/0055', 11, 2, '2020-08', '2020-08-18 06:45:10', '2020-08-18 06:45:10'),
(562, 'HD-SBY/SRU/2020/VIII/0010', 6, 2, '2020-08', '2020-08-18 07:46:49', '2020-08-18 07:46:49'),
(563, 'NHD-SBY/SRU/2020/VIII/0003', 7, 2, '2020-08', '2020-08-18 08:07:02', '2020-08-18 08:07:02'),
(564, 'NHD-SBY/SRU/2020/VIII/0004', 7, 2, '2020-08', '2020-08-18 08:12:05', '2020-08-18 08:12:05'),
(565, 'NHD-SBY/SRU/2020/VIII/0005', 7, 2, '2020-08', '2020-08-18 08:12:28', '2020-08-18 08:12:28'),
(566, 'NHD-SBY/SRU/2020/VIII/0006', 7, 2, '2020-08', '2020-08-18 08:12:53', '2020-08-18 08:12:53'),
(567, 'FAT-SBY/SRU/2020/VIII/0014', 12, 2, '2020-08', '2020-08-18 09:10:52', '2020-08-18 09:10:52'),
(568, 'AR-SBY/SRU/2020/VIII/0056', 11, 2, '2020-08', '2020-08-18 09:16:54', '2020-08-18 09:16:54'),
(569, 'AR-SBY/SRU/2020/VIII/0057', 11, 2, '2020-08', '2020-08-18 09:47:25', '2020-08-18 09:47:25'),
(570, 'AR-SBY/SRU/2020/VIII/0058', 11, 2, '2020-08', '2020-08-18 10:33:06', '2020-08-18 10:33:06'),
(571, 'NHD-SBY/SRU/2020/VIII/0007', 7, 2, '2020-08', '2020-08-19 02:30:06', '2020-08-19 02:30:06'),
(572, 'NHD-SBY/SRU/2020/VIII/0008', 7, 2, '2020-08', '2020-08-19 02:30:31', '2020-08-19 02:30:31'),
(573, 'NHD-SBY/SRU/2020/VIII/0009', 7, 2, '2020-08', '2020-08-19 02:30:55', '2020-08-19 02:30:55'),
(574, 'NHD-SBY/SRU/2020/VIII/0010', 7, 2, '2020-08', '2020-08-19 02:51:18', '2020-08-19 02:51:18'),
(575, 'NHD-SBY/SRU/2020/VIII/0011', 7, 2, '2020-08', '2020-08-19 02:53:12', '2020-08-19 02:53:12'),
(576, 'FAT-SBY/SRU/2020/VIII/0015', 12, 2, '2020-08', '2020-08-19 03:22:00', '2020-08-19 03:22:00'),
(577, 'HD-SBY/SRU/2020/VIII/0011', 6, 2, '2020-08', '2020-08-19 03:45:18', '2020-08-19 03:45:18'),
(578, 'FAT-SBY/SRU/2020/VIII/0016', 12, 2, '2020-08', '2020-08-19 04:05:15', '2020-08-19 04:05:15'),
(579, 'AR-SBY/SRU/2020/VIII/0059', 11, 2, '2020-08', '2020-08-19 06:31:22', '2020-08-19 06:31:22'),
(580, 'AR-DPS/SRU/2020/VIII/0038', 11, 3, '2020-08', '2020-08-19 06:40:05', '2020-08-19 06:40:05'),
(581, 'AR-DPS/SRU/2020/VIII/0039', 11, 3, '2020-08', '2020-08-19 06:41:20', '2020-08-19 06:41:20'),
(582, 'AR-DPS/SRU/2020/VIII/0040', 11, 3, '2020-08', '2020-08-19 06:42:23', '2020-08-19 06:42:23'),
(583, 'AR-DPS/SRU/2020/VIII/0041', 11, 3, '2020-08', '2020-08-19 06:43:48', '2020-08-19 06:43:48'),
(584, 'AR-DPS/SRU/2020/VIII/0042', 11, 3, '2020-08', '2020-08-19 06:44:59', '2020-08-19 06:44:59'),
(585, 'AR-DPS/SRU/2020/VIII/0043', 11, 3, '2020-08', '2020-08-19 06:45:19', '2020-08-19 06:45:19'),
(586, 'AR-DPS/SRU/2020/VIII/0044', 11, 3, '2020-08', '2020-08-19 06:46:49', '2020-08-19 06:46:49'),
(587, 'AR-DPS/SRU/2020/VIII/0045', 11, 3, '2020-08', '2020-08-19 06:47:19', '2020-08-19 06:47:19'),
(588, 'AR-SBY/SRU/2020/VIII/0060', 11, 2, '2020-08', '2020-08-19 06:58:05', '2020-08-19 06:58:05'),
(589, 'AR-SBY/SRU/2020/VIII/0061', 11, 2, '2020-08', '2020-08-19 07:00:01', '2020-08-19 07:00:01'),
(590, 'AR-SBY/SRU/2020/VIII/0062', 11, 2, '2020-08', '2020-08-19 07:01:08', '2020-08-19 07:01:08'),
(591, 'AR-SBY/SRU/2020/VIII/0063', 11, 2, '2020-08', '2020-08-19 07:03:23', '2020-08-19 07:03:23'),
(592, 'AR-SBY/SRU/2020/VIII/0064', 11, 2, '2020-08', '2020-08-19 07:12:29', '2020-08-19 07:12:29'),
(593, 'FAT-SBY/SRU/2020/VIII/0017', 12, 2, '2020-08', '2020-08-19 07:45:36', '2020-08-19 07:45:36'),
(594, 'AR-SBY/SRU/2020/VIII/0065', 11, 2, '2020-08', '2020-08-19 07:49:19', '2020-08-19 07:49:19'),
(595, 'AR-SBY/SRU/2020/VIII/0066', 11, 2, '2020-08', '2020-08-19 07:50:46', '2020-08-19 07:50:46'),
(596, 'AR-SBY/SRU/2020/VIII/0067', 11, 2, '2020-08', '2020-08-19 07:53:59', '2020-08-19 07:53:59'),
(597, 'AR-SBY/SRU/2020/VIII/0068', 11, 2, '2020-08', '2020-08-19 07:56:49', '2020-08-19 07:56:49'),
(598, 'AR-SBY/SRU/2020/VIII/0069', 11, 2, '2020-08', '2020-08-19 08:02:36', '2020-08-19 08:02:36'),
(599, 'AR-SBY/SRU/2020/VIII/0070', 11, 2, '2020-08', '2020-08-19 08:08:06', '2020-08-19 08:08:06'),
(600, 'AR-SBY/SRU/2020/VIII/0071', 11, 2, '2020-08', '2020-08-19 08:11:21', '2020-08-19 08:11:21'),
(601, 'AR-SBY/SRU/2020/VIII/0072', 11, 2, '2020-08', '2020-08-19 08:13:24', '2020-08-19 08:13:24'),
(602, 'AR-SBY/SRU/2020/VIII/0073', 11, 2, '2020-08', '2020-08-19 08:17:04', '2020-08-19 08:17:04'),
(603, 'FAT-SBY/SRU/2020/VIII/0018', 12, 2, '2020-08', '2020-08-19 08:54:55', '2020-08-19 08:54:55'),
(604, 'FAT-SBY/SRU/2020/VIII/0019', 12, 2, '2020-08', '2020-08-19 09:55:58', '2020-08-19 09:55:58'),
(605, 'HD-SBY/SRU/2020/VIII/0012', 6, 2, '2020-08', '2020-08-21 03:26:18', '2020-08-21 03:26:18'),
(606, 'FAT-SBY/SRU/2020/VIII/0020', 12, 2, '2020-08', '2020-08-21 03:59:53', '2020-08-21 03:59:53'),
(607, 'AR-DPS/SRU/2020/VIII/0046', 11, 3, '2020-08', '2020-08-21 06:46:25', '2020-08-21 06:46:25'),
(608, 'AR-DPS/SRU/2020/VIII/0047', 11, 3, '2020-08', '2020-08-21 06:46:43', '2020-08-21 06:46:43'),
(609, 'AR-DPS/SRU/2020/VIII/0048', 11, 3, '2020-08', '2020-08-21 06:47:03', '2020-08-21 06:47:03'),
(610, 'AR-DPS/SRU/2020/VIII/0049', 11, 3, '2020-08', '2020-08-21 06:47:25', '2020-08-21 06:47:25'),
(611, 'AR-SBY/SRU/2020/VIII/0074', 11, 2, '2020-08', '2020-08-21 08:15:44', '2020-08-21 08:15:44'),
(612, 'AR-SBY/SRU/2020/VIII/0075', 11, 2, '2020-08', '2020-08-21 08:16:52', '2020-08-21 08:16:52'),
(613, 'AR-DPS/SRU/2020/VIII/0050', 11, 3, '2020-08', '2020-08-21 08:55:10', '2020-08-21 08:55:10'),
(614, 'AR-DPS/SRU/2020/VIII/0051', 11, 3, '2020-08', '2020-08-21 09:01:15', '2020-08-21 09:01:15'),
(615, 'AR-DPS/SRU/2020/VIII/0052', 11, 3, '2020-08', '2020-08-21 09:17:30', '2020-08-21 09:17:30'),
(616, 'AR-DPS/SRU/2020/VIII/0053', 11, 3, '2020-08', '2020-08-21 09:21:46', '2020-08-21 09:21:46'),
(617, 'AR-SBY/SRU/2020/VIII/0076', 11, 2, '2020-08', '2020-08-24 03:06:40', '2020-08-24 03:06:40'),
(618, 'AR-SBY/SRU/2020/VIII/0077', 11, 2, '2020-08', '2020-08-24 03:17:02', '2020-08-24 03:17:02'),
(619, 'FAT-SBY/SRU/2020/VIII/0021', 12, 2, '2020-08', '2020-08-24 04:11:27', '2020-08-24 04:11:27'),
(620, 'AR-SBY/SRU/2020/VIII/0078', 11, 2, '2020-08', '2020-08-24 05:45:16', '2020-08-24 05:45:16'),
(621, 'HD-SBY/SRU/2020/VIII/0013', 6, 2, '2020-08', '2020-08-24 07:18:11', '2020-08-24 07:18:11'),
(622, 'AR-SBY/SRU/2020/VIII/0079', 11, 2, '2020-08', '2020-08-24 08:00:45', '2020-08-24 08:00:45'),
(623, 'AR-SBY/SRU/2020/VIII/0080', 11, 2, '2020-08', '2020-08-24 08:01:08', '2020-08-24 08:01:08'),
(624, 'AR-SBY/SRU/2020/VIII/0081', 11, 2, '2020-08', '2020-08-24 08:36:03', '2020-08-24 08:36:03'),
(625, 'AR-SBY/SRU/2020/VIII/0082', 11, 2, '2020-08', '2020-08-24 08:37:16', '2020-08-24 08:37:16'),
(626, 'AR-SBY/SRU/2020/VIII/0083', 11, 2, '2020-08', '2020-08-24 08:38:33', '2020-08-24 08:38:33'),
(627, 'AR-SBY/SRU/2020/VIII/0084', 11, 2, '2020-08', '2020-08-24 08:40:37', '2020-08-24 08:40:37'),
(628, 'AR-SBY/SRU/2020/VIII/0085', 11, 2, '2020-08', '2020-08-24 08:41:37', '2020-08-24 08:41:37'),
(629, 'AR-SBY/SRU/2020/VIII/0086', 11, 2, '2020-08', '2020-08-24 08:42:36', '2020-08-24 08:42:36'),
(630, 'FAT-SBY/SRU/2020/VIII/0022', 12, 2, '2020-08', '2020-08-24 09:47:52', '2020-08-24 09:47:52'),
(631, 'FAT-SBY/SRU/2020/VIII/0023', 12, 2, '2020-08', '2020-08-25 02:36:57', '2020-08-25 02:36:57'),
(632, 'FAT-SBY/SRU/2020/VIII/0024', 12, 2, '2020-08', '2020-08-25 02:37:39', '2020-08-25 02:37:39'),
(633, 'NHD-SBY/SRU/2020/VIII/0012', 7, 2, '2020-08', '2020-08-25 02:48:49', '2020-08-25 02:48:49'),
(634, 'AR-DPS/SRU/2020/VIII/0054', 11, 3, '2020-08', '2020-08-25 03:18:54', '2020-08-25 03:18:54'),
(635, 'AR-SBY/SRU/2020/VIII/0087', 11, 2, '2020-08', '2020-08-25 03:26:30', '2020-08-25 03:26:30'),
(636, 'AR-SBY/SRU/2020/VIII/0088', 11, 2, '2020-08', '2020-08-25 03:26:46', '2020-08-25 03:26:46'),
(637, 'FAT-SBY/SRU/2020/VIII/0025', 12, 2, '2020-08', '2020-08-25 03:47:19', '2020-08-25 03:47:19'),
(638, 'FAT-SBY/SRU/2020/VIII/0026', 12, 2, '2020-08', '2020-08-25 03:47:53', '2020-08-25 03:47:53'),
(639, 'AR-SBY/SRU/2020/VIII/0089', 11, 2, '2020-08', '2020-08-25 05:12:17', '2020-08-25 05:12:17'),
(640, 'AR-SBY/SRU/2020/VIII/0090', 11, 2, '2020-08', '2020-08-25 06:39:09', '2020-08-25 06:39:09'),
(641, 'AR-SBY/SRU/2020/VIII/0091', 11, 2, '2020-08', '2020-08-25 06:39:55', '2020-08-25 06:39:55'),
(642, 'AR-SBY/SRU/2020/VIII/0092', 11, 2, '2020-08', '2020-08-25 06:41:44', '2020-08-25 06:41:44'),
(643, 'AR-SBY/SRU/2020/VIII/0093', 11, 2, '2020-08', '2020-08-25 06:43:18', '2020-08-25 06:43:18'),
(644, 'AR-SBY/SRU/2020/VIII/0094', 11, 2, '2020-08', '2020-08-25 06:46:49', '2020-08-25 06:46:49'),
(645, 'HD-SBY/SRU/2020/VIII/0014', 6, 2, '2020-08', '2020-08-25 06:48:13', '2020-08-25 06:48:13'),
(646, 'AR-SBY/SRU/2020/VIII/0095', 11, 2, '2020-08', '2020-08-25 06:50:32', '2020-08-25 06:50:32'),
(647, 'AR-SBY/SRU/2020/VIII/0096', 11, 2, '2020-08', '2020-08-25 06:53:04', '2020-08-25 06:53:04'),
(648, 'AR-SBY/SRU/2020/VIII/0097', 11, 2, '2020-08', '2020-08-25 06:57:32', '2020-08-25 06:57:32'),
(649, 'AR-SBY/SRU/2020/VIII/0098', 11, 2, '2020-08', '2020-08-25 07:00:03', '2020-08-25 07:00:03'),
(650, 'AR-SBY/SRU/2020/VIII/0099', 11, 2, '2020-08', '2020-08-25 07:02:30', '2020-08-25 07:02:30'),
(651, 'AR-SBY/SRU/2020/VIII/0100', 11, 2, '2020-08', '2020-08-25 07:20:28', '2020-08-25 07:20:28'),
(652, 'NHD-SBY/SRU/2020/VIII/0013', 7, 2, '2020-08', '2020-08-25 07:28:58', '2020-08-25 07:28:58'),
(653, 'NHD-SBY/SRU/2020/VIII/0014', 7, 2, '2020-08', '2020-08-25 07:34:41', '2020-08-25 07:34:41'),
(654, 'AR-SBY/SRU/2020/VIII/0101', 11, 2, '2020-08', '2020-08-25 07:46:30', '2020-08-25 07:46:30'),
(655, 'AR-DPS/SRU/2020/VIII/0055', 11, 3, '2020-08', '2020-08-25 08:18:46', '2020-08-25 08:18:46'),
(656, 'AR-SBY/SRU/2020/VIII/0102', 11, 2, '2020-08', '2020-08-25 08:19:15', '2020-08-25 08:19:15'),
(657, 'AR-SBY/SRU/2020/VIII/0103', 11, 2, '2020-08', '2020-08-25 08:59:34', '2020-08-25 08:59:34'),
(658, 'AR-SBY/SRU/2020/VIII/0104', 11, 2, '2020-08', '2020-08-25 09:00:10', '2020-08-25 09:00:10'),
(659, 'AR-SBY/SRU/2020/VIII/0105', 11, 2, '2020-08', '2020-08-26 03:30:06', '2020-08-26 03:30:06'),
(660, 'AR-SBY/SRU/2020/VIII/0106', 11, 2, '2020-08', '2020-08-26 03:31:01', '2020-08-26 03:31:01'),
(661, 'AR-SBY/SRU/2020/VIII/0107', 11, 2, '2020-08', '2020-08-26 03:31:33', '2020-08-26 03:31:33'),
(662, 'AR-SBY/SRU/2020/VIII/0108', 11, 2, '2020-08', '2020-08-26 03:33:53', '2020-08-26 03:33:53'),
(663, 'AR-SBY/SRU/2020/VIII/0109', 11, 2, '2020-08', '2020-08-26 03:34:09', '2020-08-26 03:34:09'),
(664, 'AR-SBY/SRU/2020/VIII/0110', 11, 2, '2020-08', '2020-08-26 04:43:38', '2020-08-26 04:43:38'),
(665, 'AR-SBY/SRU/2020/VIII/0111', 11, 2, '2020-08', '2020-08-26 04:44:28', '2020-08-26 04:44:28'),
(666, 'AR-SBY/SRU/2020/VIII/0112', 11, 2, '2020-08', '2020-08-26 04:53:45', '2020-08-26 04:53:45'),
(667, 'AR-SBY/SRU/2020/VIII/0113', 11, 2, '2020-08', '2020-08-26 04:54:25', '2020-08-26 04:54:25'),
(668, 'AR-SBY/SRU/2020/VIII/0114', 11, 2, '2020-08', '2020-08-26 04:55:01', '2020-08-26 04:55:01'),
(669, 'AR-SBY/SRU/2020/VIII/0115', 11, 2, '2020-08', '2020-08-26 05:04:38', '2020-08-26 05:04:38'),
(670, 'AR-SBY/SRU/2020/VIII/0116', 11, 2, '2020-08', '2020-08-26 05:04:53', '2020-08-26 05:04:53'),
(672, 'AR-DPS/SRU/2020/VIII/0056', 11, 3, '2020-08', '2020-08-26 06:24:16', '2020-08-26 06:24:16'),
(673, 'AR-DPS/SRU/2020/VIII/0057', 11, 3, '2020-08', '2020-08-26 06:29:12', '2020-08-26 06:29:12'),
(674, 'AR-DPS/SRU/2020/VIII/0058', 11, 3, '2020-08', '2020-08-26 07:10:47', '2020-08-26 07:10:47'),
(675, 'AR-DPS/SRU/2020/VIII/0059', 11, 3, '2020-08', '2020-08-26 07:16:03', '2020-08-26 07:16:03'),
(676, 'AR-DPS/SRU/2020/VIII/0060', 11, 3, '2020-08', '2020-08-26 07:21:01', '2020-08-26 07:21:01'),
(677, 'AR-DPS/SRU/2020/VIII/0061', 11, 3, '2020-08', '2020-08-26 07:23:26', '2020-08-26 07:23:26'),
(678, 'AR-DPS/SRU/2020/VIII/0062', 11, 3, '2020-08', '2020-08-26 07:27:12', '2020-08-26 07:27:12'),
(679, 'AR-DPS/SRU/2020/VIII/0063', 11, 3, '2020-08', '2020-08-26 07:30:56', '2020-08-26 07:30:56'),
(680, 'AR-SBY/SRU/2020/VIII/0117', 11, 2, '2020-08', '2020-08-26 07:35:59', '2020-08-26 07:35:59'),
(681, 'AR-SBY/SRU/2020/VIII/0118', 11, 2, '2020-08', '2020-08-26 07:41:08', '2020-08-26 07:41:08'),
(682, 'AR-SBY/SRU/2020/VIII/0119', 11, 2, '2020-08', '2020-08-26 07:42:54', '2020-08-26 07:42:54'),
(683, 'AR-SBY/SRU/2020/VIII/0120', 11, 2, '2020-08', '2020-08-26 07:46:00', '2020-08-26 07:46:00'),
(684, 'AR-SBY/SRU/2020/VIII/0121', 11, 2, '2020-08', '2020-08-26 07:47:45', '2020-08-26 07:47:45'),
(685, 'AR-SBY/SRU/2020/VIII/0122', 11, 2, '2020-08', '2020-08-26 07:48:58', '2020-08-26 07:48:58'),
(686, 'AR-SBY/SRU/2020/VIII/0123', 11, 2, '2020-08', '2020-08-26 07:50:27', '2020-08-26 07:50:27'),
(687, 'AR-SBY/SRU/2020/VIII/0124', 11, 2, '2020-08', '2020-08-26 07:51:45', '2020-08-26 07:51:45'),
(688, 'AR-SBY/SRU/2020/VIII/0125', 11, 2, '2020-08', '2020-08-26 07:53:34', '2020-08-26 07:53:34'),
(689, 'AR-SBY/SRU/2020/VIII/0126', 11, 2, '2020-08', '2020-08-26 07:55:15', '2020-08-26 07:55:15'),
(691, 'FAT-SBY/SRU/2020/VIII/0028', 12, 2, '2020-08', '2020-08-26 08:12:55', '2020-08-26 08:12:55'),
(692, 'AR-SBY/SRU/2020/VIII/0127', 11, 2, '2020-08', '2020-08-26 08:49:50', '2020-08-26 08:49:50'),
(693, 'AR-SBY/SRU/2020/VIII/0128', 11, 2, '2020-08', '2020-08-26 08:50:56', '2020-08-26 08:50:56'),
(694, 'AR-SBY/SRU/2020/VIII/0129', 11, 2, '2020-08', '2020-08-26 09:58:32', '2020-08-26 09:58:32'),
(696, 'HD-DPS/SRU/2020/VIII/0001', 6, 3, '2020-08', '2020-08-27 01:36:53', '2020-08-27 01:36:53'),
(697, 'AR-SBY/SRU/2020/VIII/0130', 11, 2, '2020-08', '2020-08-27 03:11:47', '2020-08-27 03:11:47'),
(698, 'AR-SBY/SRU/2020/VIII/0131', 11, 2, '2020-08', '2020-08-27 03:36:33', '2020-08-27 03:36:33'),
(699, 'AR-SBY/SRU/2020/VIII/0132', 11, 2, '2020-08', '2020-08-27 03:37:50', '2020-08-27 03:37:50'),
(700, 'AR-SBY/SRU/2020/VIII/0133', 11, 2, '2020-08', '2020-08-27 03:47:43', '2020-08-27 03:47:43'),
(701, 'AR-SBY/SRU/2020/VIII/0134', 11, 2, '2020-08', '2020-08-27 07:01:16', '2020-08-27 07:01:16'),
(702, 'AR-SBY/SRU/2020/VIII/0135', 11, 2, '2020-08', '2020-08-27 07:13:02', '2020-08-27 07:13:02'),
(703, 'AR-SBY/SRU/2020/VIII/0136', 11, 2, '2020-08', '2020-08-27 07:23:32', '2020-08-27 07:23:32'),
(704, 'AR-SBY/SRU/2020/VIII/0137', 11, 2, '2020-08', '2020-08-27 07:30:39', '2020-08-27 07:30:39'),
(705, 'AR-DPS/SRU/2020/VIII/0064', 11, 3, '2020-08', '2020-08-27 07:44:21', '2020-08-27 07:44:21'),
(706, 'AR-SBY/SRU/2020/VIII/0138', 11, 2, '2020-08', '2020-08-27 07:52:31', '2020-08-27 07:52:31'),
(707, 'AR-DPS/SRU/2020/VIII/0065', 11, 3, '2020-08', '2020-08-27 08:30:53', '2020-08-27 08:30:53'),
(708, 'AR-DPS/SRU/2020/VIII/0066', 11, 3, '2020-08', '2020-08-27 08:51:03', '2020-08-27 08:51:03'),
(709, 'AR-SBY/SRU/2020/VIII/0139', 11, 2, '2020-08', '2020-08-27 09:01:34', '2020-08-27 09:01:34'),
(710, 'AR-SBY/SRU/2020/VIII/0140', 11, 2, '2020-08', '2020-08-27 09:27:28', '2020-08-27 09:27:28'),
(711, 'AR-SBY/SRU/2020/VIII/0141', 11, 2, '2020-08', '2020-08-27 09:28:57', '2020-08-27 09:28:57'),
(712, 'AR-SBY/SRU/2020/VIII/0142', 11, 2, '2020-08', '2020-08-27 09:31:29', '2020-08-27 09:31:29'),
(713, 'AR-SBY/SRU/2020/VIII/0143', 11, 2, '2020-08', '2020-08-27 09:33:37', '2020-08-27 09:33:37'),
(714, 'AR-SBY/SRU/2020/VIII/0144', 11, 2, '2020-08', '2020-08-27 09:36:00', '2020-08-27 09:36:00'),
(715, 'AR-SBY/SRU/2020/VIII/0145', 11, 2, '2020-08', '2020-08-27 09:44:51', '2020-08-27 09:44:51'),
(716, 'AR-SBY/SRU/2020/VIII/0146', 11, 2, '2020-08', '2020-08-27 09:49:28', '2020-08-27 09:49:28'),
(717, 'AR-SBY/SRU/2020/VIII/0147', 11, 2, '2020-08', '2020-08-28 09:47:47', '2020-08-28 09:47:47'),
(718, 'HD-SBY/SRU/2020/VIII/0015', 6, 2, '2020-08', '2020-08-31 01:41:30', '2020-08-31 01:41:30'),
(719, 'HD-SBY/SRU/2020/VIII/0016', 6, 2, '2020-08', '2020-08-31 01:42:28', '2020-08-31 01:42:28'),
(720, 'AR-SBY/SRU/2020/VIII/0148', 11, 2, '2020-08', '2020-08-31 03:48:36', '2020-08-31 03:48:36'),
(721, 'HD-SBY/SRU/2020/VIII/0017', 6, 2, '2020-08', '2020-08-31 04:10:31', '2020-08-31 04:10:31'),
(722, 'AR-SBY/SRU/2020/VIII/0149', 11, 2, '2020-08', '2020-08-31 06:44:15', '2020-08-31 06:44:15'),
(723, 'NHD-SBY/SRU/2020/VIII/0015', 7, 2, '2020-08', '2020-08-31 06:46:09', '2020-08-31 06:46:09'),
(724, 'NHD-SBY/SRU/2020/VIII/0016', 7, 2, '2020-08', '2020-08-31 06:46:37', '2020-08-31 06:46:37'),
(725, 'NHD-SBY/SRU/2020/VIII/0017', 7, 2, '2020-08', '2020-08-31 06:47:06', '2020-08-31 06:47:06'),
(726, 'NHD-SBY/SRU/2020/VIII/0018', 7, 2, '2020-08', '2020-08-31 06:47:32', '2020-08-31 06:47:32'),
(727, 'NHD-SBY/SRU/2020/VIII/0019', 7, 2, '2020-08', '2020-08-31 06:48:46', '2020-08-31 06:48:46'),
(728, 'AR-SBY/SRU/2020/VIII/0150', 11, 2, '2020-08', '2020-08-31 07:47:32', '2020-08-31 07:47:32');

-- --------------------------------------------------------

--
-- Struktur dari tabel `password_resets`
--

CREATE TABLE `password_resets` (
  `email` varchar(191) COLLATE utf8mb4_unicode_ci NOT NULL,
  `token` varchar(191) COLLATE utf8mb4_unicode_ci NOT NULL,
  `created_at` timestamp NULL DEFAULT NULL
) ENGINE=InnoDB DEFAULT CHARSET=utf8mb4 COLLATE=utf8mb4_unicode_ci;

-- --------------------------------------------------------

--
-- Struktur dari tabel `pengadaan`
--

CREATE TABLE `pengadaan` (
  `id` int(10) UNSIGNED NOT NULL,
  `no_document` varchar(191) COLLATE utf8mb4_unicode_ci NOT NULL,
  `jenis_id` int(10) UNSIGNED DEFAULT NULL,
  `officer_id` int(10) UNSIGNED DEFAULT NULL,
  `deskripsi` text COLLATE utf8mb4_unicode_ci DEFAULT NULL,
  `akibat` text COLLATE utf8mb4_unicode_ci DEFAULT NULL,
  `status` smallint(2) DEFAULT 1,
  `keterangan` text COLLATE utf8mb4_unicode_ci DEFAULT NULL,
  `created_by` int(10) UNSIGNED DEFAULT NULL,
  `created_at` timestamp NULL DEFAULT NULL,
  `updated_at` timestamp NULL DEFAULT NULL,
  `updated_by` int(10) UNSIGNED DEFAULT NULL,
  `pemohon_id` int(10) UNSIGNED DEFAULT NULL
) ENGINE=InnoDB DEFAULT CHARSET=utf8mb4 COLLATE=utf8mb4_unicode_ci;

--
-- Dumping data untuk tabel `pengadaan`
--

INSERT INTO `pengadaan` (`id`, `no_document`, `jenis_id`, `officer_id`, `deskripsi`, `akibat`, `status`, `keterangan`, `created_by`, `created_at`, `updated_at`, `updated_by`, `pemohon_id`) VALUES
(3, 'PENG-SBY/2020/II/0003', 2, NULL, 'Komputer Desktop tidak dapat masuk ke dalam system Windows', 'tes5', 1, NULL, 16, '2020-02-27 03:06:37', '2020-03-09 07:48:43', 16, 16),
(5, 'PENG-SBY/2020/III/0004', 2, NULL, 'server', 'server', 1, NULL, 40, '2020-03-10 08:05:33', '2020-03-10 08:05:33', NULL, 41),
(8, 'PENG-SBY/2020/III/0008', 2, NULL, 'Perbaikan Desktop', 'Harddisk rusak', 1, NULL, 16, '2020-03-10 08:21:13', '2020-03-10 08:21:13', NULL, 48),
(9, 'PENG-SBY/2020/III/0009', 2, NULL, 'Perbaikan Desktop', 'Komputer Desktop tidak bisa nyala', 3, NULL, 16, '2020-03-10 08:39:56', '2020-03-12 07:08:06', NULL, 38),
(10, 'PENG-SBY/2020/III/0010', 3, NULL, 'Perbaikan Konektor RJ 45 Exti Lusiani Ega Wurianti', 'printer rusak', 6, NULL, 38, '2020-03-10 08:44:42', '2020-03-12 08:28:59', 16, 43),
(11, 'PENG-SBY/2020/III/0011', 2, NULL, 'Pengajuan Komputer desktop untuk karyawan baru a/n Herlina Dwi Susanti', 'Untuk keperluan operasional kerja karyawan baru', 4, NULL, 40, '2020-03-16 08:21:37', '2020-03-24 09:02:18', NULL, 41),
(14, 'PENG-SBY/2020/III/0011', 2, NULL, 'Perbaikan Desktop Liztrianto Pujo Hardhiko', 'tes', 5, NULL, 16, '2020-03-19 07:57:08', '2020-03-24 07:50:26', 40, 16),
(17, 'PENG-SBY/2020/IV/0013', 3, NULL, 'Pengajuan improvement Networking PT SRU Surabaya', 'Untuk mendukung kualitas dan layanan digitalisasi perusahaan', 6, NULL, 40, '2020-04-01 03:28:01', '2020-06-04 04:03:08', 40, 40),
(18, 'PENG-SBY/2020/IV/0012', 4, NULL, 'Perbaikan Printer Januarini Ngestiningsas', 'Pengajuan Printer untuk sekretariat dengan spesifikasi all in one/Print scan copy', 6, NULL, 40, '2020-04-02 07:53:59', '2020-06-04 04:02:48', 40, 56),
(19, 'PENG-SBY/2020/IV/0013', 4, NULL, 'Perbaikan Printer Indah Rahmawati', 'hasilnya jelek tidak keluar tulisan, \r\ntabung bocor, \r\nprint warna jelek ,\r\nscan tidak bisa berfungsi dengan normal (tidak bisa nyambung),\r\n\r\nkalau bisa diganti yang baru sudah berkali kali rusak', 6, NULL, 58, '2020-04-13 03:49:21', '2020-06-04 04:02:41', 58, 58),
(21, 'PENG-SBY/2020/IV/0015', 4, NULL, 'Perbaikan Printer Septiana Pranawati', 'Perbaikan Printer Epson LQ-2180', 6, NULL, 60, '2020-04-17 08:04:04', '2020-06-04 04:02:27', 1, 60),
(22, 'PENG-SBY/2020/V/0016', 2, NULL, 'Perbaikan Desktop Liztrianto Pujo Hardhiko', 'Server domain controller tidak dapat menyala', 6, NULL, 16, '2020-05-12 02:25:43', '2020-06-04 04:02:35', NULL, 16),
(23, 'PENG-SBY/2020/VI/0017', 4, NULL, 'pengajuan printer all in one (print, scan dan copy)\r\nprinter untuk departement  SCM part yang berlokasi di gedung terpisah\r\nguna memenuhi surat jalan part dan mesin peruntukkan departement TAM', 'pengajuan printer baru', 4, NULL, 65, '2020-06-09 09:43:55', '2020-08-04 03:32:08', 65, 65),
(24, 'PENG-SBY/2020/VI/0018', 5, NULL, 'Pengajuan akun email perusahaan', 'Pengajuan akun email baru', 6, NULL, 66, '2020-06-10 08:26:08', '2020-08-04 03:31:06', 66, 66),
(26, 'PENG-SBY/2020/VI/0019', 5, NULL, 'pengajuan akun email perusahaan', 'belum mempunyai akun email perusahaan', 6, NULL, 65, '2020-06-16 08:57:54', '2020-08-04 03:31:14', NULL, 65),
(27, 'PENG-SBY/2020/VI/0020', 5, NULL, 'pengajuan email perusahaan', 'belum memiliki akun email perusahaan', 6, NULL, 116, '2020-06-18 07:04:06', '2020-08-04 03:30:56', NULL, 116),
(28, 'PENG-SBY/2020/VI/0021', 2, NULL, 'Pengajuan instalasi PABX telepon dan VoIP gateway untuk gedung baru SRU Surabaya kantor Moestopo', 'Adanya pengembangan gedung di kantor SRU Surabaya\r\nyang membutuhkan penambahan extension baru dan VoIP Gateway untuk efisiensi biaya telpon', 1, NULL, 40, '2020-06-20 03:46:10', '2020-06-20 03:47:23', 40, 40),
(30, 'PENG-SBY/2020/VII/0018', 4, NULL, 'Perbaikan Printer Novi Ayu Rahmawati', '- pembuangan tinta printer bocor dan merembes ke meja \r\n- hasil cetak jelek', 3, NULL, 16, '2020-07-03 08:31:47', '2020-08-04 03:31:45', NULL, 66),
(31, 'PENG-SBY/2020/VII/0019', 3, NULL, 'Pengajuan kabel LAN dan konektor RJ 45', 'untuk relokasi ruang kerja lantai 3 dan lantai 4 kantor moestopo ke kantor mojoklanggru', 1, NULL, 16, '2020-07-10 04:16:48', '2020-07-10 04:20:09', 16, 16),
(32, 'PENG-SBY/2020/VII/0020', 3, NULL, 'Permohonan akses account VPN', 'digunakan sebagai  sarana akses ke server selama bekerja dari rumah (WFH)', 3, NULL, 40, '2020-07-15 03:13:31', '2020-07-23 03:48:07', NULL, 84),
(33, 'PENG-SBY/2020/VII/0021', 6, NULL, 'Pengajuan Pengadaan Router Mikrotik untuk gudang Maspion PT. Sinar Roda Utama Surabaya', 'untuk mendukung operasional kerja yang membutuhkan akses internet/akses VPN server pusat', 3, NULL, 16, '2020-07-29 08:51:51', '2020-08-04 03:31:55', NULL, 16),
(34, 'PENG-SBY/2020/VIII/0019', 2, NULL, 'Perbaikan Desktop Andy Dwi Lunggono', 'Penambahan memory RAM', 3, NULL, 16, '2020-08-03 01:46:46', '2020-08-04 03:30:36', NULL, 77),
(35, 'PENG-SBY/2020/VIII/0020', 5, NULL, 'Pengajuan akun email perusahaan', 'Belum memiliki akun email perusahaan', 1, NULL, 123, '2020-08-05 08:33:56', '2020-08-05 08:33:56', NULL, 123),
(36, 'PENG-SBY/2020/VIII/0021', 10, NULL, 'Pengajuan penambahan IT Scanner untuk operasional Bali', 'Penambahan 1 unit Hardware Scanner', 1, NULL, 205, '2020-08-05 08:50:25', '2020-08-05 08:50:25', NULL, 205),
(37, 'PENG-SBY/2020/VIII/0022', 11, NULL, 'Pengajuan kabel UTP 1 roll', '- untuk relokasi ruang kerja dari kantor moestopo ke kantor mojoklanggru\r\n- untuk penggantian kabel UTP yang sudah rusak\r\n- untuk pemakaian pada area kerja SRU Surabaya', 1, NULL, 16, '2020-08-06 03:52:38', '2020-08-06 03:52:38', NULL, 16),
(38, 'PENG-SBY/2020/VIII/0023', 3, NULL, 'pengajuan konektor RJ45 2 pack', '- untuk relokasi ruang kerja dari kantor moestopo ke kantor mojoklanggru\r\n- untuk penggantian koektor RJ45 yang sudah rusak\r\n- untuk pemakaian pada area kerja SRU Surabaya', 1, NULL, 16, '2020-08-06 03:54:00', '2020-08-06 03:54:00', NULL, 16),
(39, 'PENG-SBY/2020/VIII/0024', 5, NULL, 'Meminta pembuatan email perusahaan karyawan baru', 'Untuk operasional kerja', 1, NULL, 212, '2020-08-25 04:39:13', '2020-08-25 04:39:13', NULL, 212),
(40, 'PENG-SBY/2020/VIII/0025', 5, NULL, 'Meminta pembuatan Email perusahaan karyawan baru Ardina Zahrah Fajaria', 'untuk operasional kerja', 1, NULL, 50, '2020-08-25 04:51:01', '2020-08-25 04:53:50', 50, 50),
(41, 'PENG-SBY/2020/VIII/0026', 5, NULL, 'Meminta pembuatan email perusahaan karyawan baru a/n Kiky Rizky Oktariyani', 'Untuk operasional kerja', 1, NULL, 45, '2020-08-25 05:15:39', '2020-08-25 05:15:39', NULL, 45),
(42, 'PENG-SBY/2020/VIII/0027', 2, NULL, '-', '-', 2, NULL, 48, '2020-08-31 09:43:29', '2020-08-31 09:43:53', NULL, 48);

-- --------------------------------------------------------

--
-- Struktur dari tabel `perbaikan`
--

CREATE TABLE `perbaikan` (
  `id` int(10) UNSIGNED NOT NULL,
  `no_document` varchar(191) COLLATE utf8mb4_unicode_ci NOT NULL,
  `pengadaan_id` int(10) UNSIGNED DEFAULT NULL,
  `pemohon_id` int(10) UNSIGNED DEFAULT NULL,
  `jenis_id` int(10) UNSIGNED DEFAULT NULL,
  `officer_id` int(10) UNSIGNED DEFAULT NULL,
  `deskripsi` text COLLATE utf8mb4_unicode_ci DEFAULT NULL,
  `akibat` text COLLATE utf8mb4_unicode_ci DEFAULT NULL,
  `status` smallint(2) DEFAULT 1,
  `keterangan` text COLLATE utf8mb4_unicode_ci DEFAULT NULL,
  `created_by` int(10) UNSIGNED DEFAULT NULL,
  `created_at` timestamp NULL DEFAULT NULL,
  `updated_by` int(10) UNSIGNED DEFAULT NULL,
  `updated_at` timestamp NULL DEFAULT NULL
) ENGINE=InnoDB DEFAULT CHARSET=utf8mb4 COLLATE=utf8mb4_unicode_ci;

--
-- Dumping data untuk tabel `perbaikan`
--

INSERT INTO `perbaikan` (`id`, `no_document`, `pengadaan_id`, `pemohon_id`, `jenis_id`, `officer_id`, `deskripsi`, `akibat`, `status`, `keterangan`, `created_by`, `created_at`, `updated_by`, `updated_at`) VALUES
(8, 'PERB-SBY/2020/III/0007', NULL, 44, 2, NULL, 'Memory RAM komputer rusak', 'Komputer sering bluescreen dan restart sendiri', 1, NULL, 16, '2020-03-10 01:54:47', 16, '2020-03-10 01:59:27'),
(13, 'PERB-SBY/2020/III/0008', 8, 48, 2, NULL, 'komputer tidak dapat masuk system windows', 'Harddisk rusak', 5, NULL, 16, '2020-03-10 08:21:13', NULL, '2020-03-12 04:57:34'),
(14, 'PERB-SBY/2020/III/0009', 9, 38, 2, NULL, 'Komputer Desktop tidak bisa nyala', 'motherboard rusak', 3, NULL, 16, '2020-03-10 08:39:56', NULL, '2020-03-12 04:23:50'),
(15, 'PERB-SBY/2020/III/0010', 10, 43, 3, NULL, 'printer rusak', 'head rusak', 6, NULL, 38, '2020-03-10 08:44:42', 16, '2020-03-12 08:28:59'),
(18, 'PERB-SBY/2020/III/0011', 14, 16, 2, NULL, 'tes', 'tes', 5, NULL, 16, '2020-03-19 07:57:08', 40, '2020-03-24 07:50:26'),
(19, 'PERB-SBY/2020/IV/0012', 18, 56, 4, NULL, 'Pengajuan Printer untuk sekretariat dengan spesifikasi all in one/Print scan copy', 'Printer rusak pada roller penarik kertas', 5, NULL, 40, '2020-04-02 07:54:00', 40, '2020-04-14 01:33:08'),
(20, 'PERB-SBY/2020/IV/0013', 19, 58, 4, NULL, 'hasilnya jelek tidak keluar tulisan, \r\ntabung bocor, \r\nprint warna jelek ,\r\nscan tidak bisa berfungsi dengan normal (tidak bisa nyambung),\r\n\r\nkalau bisa diganti yang baru sudah berkali kali rusak', 'tidak tau, tidak diketahui', 6, NULL, 58, '2020-04-13 03:49:21', 58, '2020-06-09 09:41:47'),
(22, 'PERB-SBY/2020/IV/0015', 21, 60, 4, NULL, 'Perbaikan Printer Epson LQ-2180', 'Hasil print tidak jelas / bergaris', 6, NULL, 60, '2020-04-17 08:04:04', 1, '2020-06-09 09:42:00'),
(23, 'PERB-SBY/2020/V/0016', 22, 16, 2, NULL, 'Server domain controller tidak dapat menyala', 'RAM server domain controller rusak', 6, NULL, 16, '2020-05-12 02:25:44', NULL, '2020-06-09 09:41:55'),
(25, 'PERB-SBY/2020/VII/0018', 30, 66, 4, NULL, '- pembuangan tinta printer bocor dan merembes ke meja \r\n- hasil cetak jelek', 'tidak diketahui', 1, NULL, 16, '2020-07-03 08:31:47', NULL, '2020-07-03 08:31:47'),
(26, 'PERB-SBY/2020/VIII/0019', 34, 77, 2, NULL, 'Penambahan memory RAM', 'Kinerja komputer sangat lambat/lemot dan terkendala ketika membuka banyak file, membutuhkan waktu yang cukup lama', 3, NULL, 16, '2020-08-03 01:46:46', NULL, '2020-08-04 03:30:36');

-- --------------------------------------------------------

--
-- Struktur dari tabel `permissions`
--

CREATE TABLE `permissions` (
  `id` int(10) UNSIGNED NOT NULL,
  `name` varchar(191) COLLATE utf8mb4_unicode_ci NOT NULL,
  `guard_name` varchar(191) COLLATE utf8mb4_unicode_ci NOT NULL,
  `created_at` timestamp NULL DEFAULT NULL,
  `updated_at` timestamp NULL DEFAULT NULL
) ENGINE=InnoDB DEFAULT CHARSET=utf8mb4 COLLATE=utf8mb4_unicode_ci;

--
-- Dumping data untuk tabel `permissions`
--

INSERT INTO `permissions` (`id`, `name`, `guard_name`, `created_at`, `updated_at`) VALUES
(9, 'master-data', 'web', '2020-02-05 03:55:01', '2020-02-05 03:55:01'),
(10, 'nomorsurat-hapus', 'web', '2020-02-07 01:51:11', '2020-02-07 01:57:29'),
(11, 'approval-pic', 'web', '2020-02-08 02:07:42', '2020-02-08 02:07:42'),
(12, 'approval-controller', 'web', '2020-02-08 02:08:06', '2020-02-08 02:08:06'),
(13, 'perbaikan-hapus', 'web', '2020-02-21 02:41:22', '2020-02-21 02:41:22'),
(14, 'maintenance-cctv', 'web', '2020-02-24 02:32:52', '2020-02-24 02:32:52'),
(15, 'perbaikan', 'web', '2020-02-24 03:16:54', '2020-02-24 03:16:54'),
(18, 'arsip-jenis-hapus', 'web', '2020-03-03 03:49:41', '2020-03-03 03:49:41'),
(19, 'arsip-trash', 'web', '2020-03-04 09:37:07', '2020-03-05 02:39:36'),
(20, 'pengadaan', 'web', '2020-03-06 03:10:46', '2020-03-06 03:10:46'),
(21, 'pengadaan-hapus', 'web', '2020-03-06 03:15:28', '2020-03-06 03:15:28'),
(22, 'surat-tugas', 'web', '2020-03-10 03:17:00', '2020-03-10 03:17:00'),
(23, 'surat-tugas-tujuan-hapus', 'web', '2020-03-12 03:41:12', '2020-03-12 03:41:12'),
(24, 'surat-tugas-hapus', 'web', '2020-03-12 03:41:21', '2020-03-12 03:41:21'),
(25, 'hrd-formulir-hapus', 'web', '2020-03-20 04:13:01', '2020-04-02 01:52:05'),
(26, 'hrd-formulir-all', 'web', '2020-04-02 01:46:11', '2020-04-02 01:46:11'),
(27, 'event-all', 'web', '2020-04-16 07:44:07', '2020-04-16 07:44:07'),
(28, 'event-hapus', 'web', '2020-04-17 02:35:52', '2020-04-17 02:35:52'),
(29, 'scm-ba-serahterimabarang', 'web', '2020-04-24 04:25:25', '2020-04-24 04:25:25'),
(30, 'program', 'web', '2020-05-15 08:35:32', '2020-05-15 08:35:32'),
(31, 'program-hapus', 'web', '2020-05-15 08:40:44', '2020-05-15 08:40:44'),
(32, 'nomorsurat-eksternal-all', 'web', '2020-06-11 04:22:06', '2020-06-11 04:22:06'),
(33, 'nomorsurat-hd', 'web', '2020-06-11 04:25:25', '2020-06-11 04:25:25'),
(34, 'nomorsurat-nhd', 'web', '2020-06-11 04:25:36', '2020-06-11 04:25:36'),
(35, 'surat-tugas-all', 'web', '2020-06-13 02:06:18', '2020-06-13 02:06:18'),
(36, 'surat-tugas-approval', 'web', '2020-06-13 02:08:40', '2020-06-13 02:08:40'),
(37, 'surat-tugas-print', 'web', '2020-06-16 08:46:38', '2020-06-16 08:46:38'),
(38, 'perbaikan-all', 'web', '2020-06-17 02:46:24', '2020-06-17 02:46:24'),
(39, 'pengadaan-all', 'web', '2020-06-17 02:46:36', '2020-06-17 02:46:36'),
(40, 'scm-ba-alamatgudang', 'web', '2020-06-18 03:12:40', '2020-06-18 03:12:40'),
(41, 'scm-ba-kedinding', 'web', '2020-06-20 03:58:28', '2020-06-20 03:58:28'),
(42, 'scm-ba-gdkecil', 'web', '2020-06-20 04:00:52', '2020-06-20 04:00:52'),
(43, 'scm-ba-maspion1', 'web', '2020-06-20 04:01:10', '2020-06-20 04:01:10'),
(44, 'scm-ba-maspion2', 'web', '2020-06-20 04:01:23', '2020-06-20 04:01:23'),
(45, 'scm-ba-maspion3', 'web', '2020-06-20 04:01:38', '2020-06-20 04:01:38'),
(46, 'scm-ba-depo', 'web', '2020-06-20 04:01:55', '2020-06-20 04:01:55'),
(47, 'scm-ba-sparepart', 'web', '2020-06-20 04:02:15', '2020-06-20 04:02:15'),
(48, 'news', 'web', '2020-06-23 03:18:13', '2020-06-23 03:18:13'),
(49, 'arsip-all', 'web', '2020-06-25 04:53:49', '2020-06-25 04:53:49'),
(50, 'scm-ba-all', 'web', '2020-06-27 03:25:32', '2020-06-27 03:25:32'),
(51, 'hrd-formulir-pic', 'web', '2020-07-02 03:50:18', '2020-07-02 03:50:18');

-- --------------------------------------------------------

--
-- Struktur dari tabel `program`
--

CREATE TABLE `program` (
  `id` int(10) UNSIGNED NOT NULL,
  `no_document` varchar(191) COLLATE utf8mb4_unicode_ci NOT NULL,
  `pemohon_id` int(10) UNSIGNED DEFAULT NULL,
  `kadept_id` int(10) UNSIGNED DEFAULT NULL,
  `jenis` smallint(6) DEFAULT NULL,
  `program` text COLLATE utf8mb4_unicode_ci DEFAULT NULL,
  `alasan` text COLLATE utf8mb4_unicode_ci DEFAULT NULL,
  `officer_id` int(10) UNSIGNED DEFAULT NULL,
  `verivikasi_it` text COLLATE utf8mb4_unicode_ci DEFAULT NULL,
  `improvement_id` int(10) UNSIGNED DEFAULT NULL,
  `verivikasi_oi` text COLLATE utf8mb4_unicode_ci DEFAULT NULL,
  `hasil` smallint(6) DEFAULT NULL,
  `approval` smallint(6) DEFAULT NULL,
  `catatan_om` text COLLATE utf8mb4_unicode_ci DEFAULT NULL,
  `catatan_bom` text COLLATE utf8mb4_unicode_ci DEFAULT NULL,
  `created_by` int(10) UNSIGNED DEFAULT NULL,
  `updated_by` int(10) UNSIGNED DEFAULT NULL,
  `created_at` timestamp NULL DEFAULT NULL,
  `updated_at` timestamp NULL DEFAULT NULL
) ENGINE=InnoDB DEFAULT CHARSET=utf8mb4 COLLATE=utf8mb4_unicode_ci;

--
-- Dumping data untuk tabel `program`
--

INSERT INTO `program` (`id`, `no_document`, `pemohon_id`, `kadept_id`, `jenis`, `program`, `alasan`, `officer_id`, `verivikasi_it`, `improvement_id`, `verivikasi_oi`, `hasil`, `approval`, `catatan_om`, `catatan_bom`, `created_by`, `updated_by`, `created_at`, `updated_at`) VALUES
(8, 'PROG-SBY/2020/VIII/0002', 55, 52, 1, 'Aplikasi NextCloud (All job des karyawan) dipindahkan masuk ke Aplikasi Sirus', 'untuk memudahkan mencari job des karyawan dalam 1 alpikasi', NULL, NULL, NULL, NULL, 0, 1, NULL, NULL, 55, NULL, '2020-08-12 09:16:55', '2020-08-12 09:16:55'),
(9, 'PROG-SBY/2020/VIII/0003', 125, 57, 1, 'pada Berita Acara Serah Terima Barang belum ada kolom  gudang alamat penerima, sedangkan kita input di sirusnya sudah ada pilihan bongkar gudang mana.\r\ntolong mas-mas IT bisa ditambahin kolomnya pada BA yang akan dicetak supaya jelas bongkar dilakukan di gudang mana saja, terima kasih.', 'bisa mendeteksi bongkar renalsol ataupun alkes yang dilakukan setiap gudang, mengingat di romokalisari ada 4 lokasi gudang.', NULL, NULL, NULL, NULL, 0, 1, NULL, NULL, 125, NULL, '2020-08-27 04:15:27', '2020-08-27 04:15:27'),
(10, 'PROG-SBY/2020/VIII/0004', 48, 40, 1, '-', '-', NULL, NULL, NULL, NULL, 0, 1, NULL, NULL, 48, NULL, '2020-08-31 09:41:54', '2020-08-31 09:41:54');

-- --------------------------------------------------------

--
-- Struktur dari tabel `roles`
--

CREATE TABLE `roles` (
  `id` int(10) UNSIGNED NOT NULL,
  `name` varchar(191) COLLATE utf8mb4_unicode_ci NOT NULL,
  `guard_name` varchar(191) COLLATE utf8mb4_unicode_ci NOT NULL,
  `created_at` timestamp NULL DEFAULT NULL,
  `updated_at` timestamp NULL DEFAULT NULL
) ENGINE=InnoDB DEFAULT CHARSET=utf8mb4 COLLATE=utf8mb4_unicode_ci;

--
-- Dumping data untuk tabel `roles`
--

INSERT INTO `roles` (`id`, `name`, `guard_name`, `created_at`, `updated_at`) VALUES
(1, 'Administrator', 'web', '2019-10-09 00:58:11', '2019-10-09 00:58:11'),
(3, 'User', 'web', '2019-10-09 01:00:06', '2020-02-03 03:40:08'),
(8, 'PIC', 'web', '2020-02-08 02:21:20', '2020-02-08 02:21:20'),
(9, 'IT', 'web', '2020-02-24 02:29:37', '2020-02-24 02:29:37'),
(10, 'HRD', 'web', '2020-03-10 03:17:16', '2020-03-10 03:17:16'),
(11, 'HD', 'web', '2020-06-11 04:38:53', '2020-06-11 04:38:53'),
(12, 'NHD', 'web', '2020-06-11 04:39:02', '2020-06-11 04:39:02'),
(13, 'SCM', 'web', '2020-06-13 03:01:14', '2020-06-13 03:01:14');

-- --------------------------------------------------------

--
-- Struktur dari tabel `role_has_permissions`
--

CREATE TABLE `role_has_permissions` (
  `permission_id` int(10) UNSIGNED NOT NULL,
  `role_id` int(10) UNSIGNED NOT NULL
) ENGINE=InnoDB DEFAULT CHARSET=utf8mb4 COLLATE=utf8mb4_unicode_ci;

--
-- Dumping data untuk tabel `role_has_permissions`
--

INSERT INTO `role_has_permissions` (`permission_id`, `role_id`) VALUES
(9, 1),
(10, 1),
(11, 1),
(11, 8),
(12, 1),
(13, 1),
(14, 1),
(14, 9),
(15, 1),
(15, 3),
(15, 9),
(18, 1),
(19, 1),
(20, 1),
(20, 3),
(20, 9),
(21, 1),
(22, 1),
(22, 8),
(22, 10),
(23, 1),
(23, 10),
(24, 1),
(24, 10),
(25, 1),
(25, 10),
(26, 1),
(26, 10),
(27, 1),
(27, 10),
(28, 1),
(28, 10),
(29, 1),
(29, 13),
(31, 1),
(32, 1),
(33, 1),
(33, 11),
(34, 1),
(34, 12),
(35, 1),
(35, 10),
(36, 1),
(36, 10),
(37, 1),
(37, 10),
(38, 9),
(39, 9),
(40, 1),
(41, 1),
(42, 1),
(43, 1),
(44, 1),
(45, 1),
(46, 1),
(47, 1),
(48, 1),
(49, 1),
(51, 8);

-- --------------------------------------------------------

--
-- Struktur dari tabel `surat_eksternal`
--

CREATE TABLE `surat_eksternal` (
  `id` int(10) UNSIGNED NOT NULL,
  `no_surat` varchar(191) COLLATE utf8mb4_unicode_ci DEFAULT NULL,
  `tujuan_id` int(10) UNSIGNED DEFAULT NULL,
  `cabang_id` int(10) UNSIGNED DEFAULT NULL,
  `dept_id` int(10) UNSIGNED DEFAULT NULL,
  `keterangan` text COLLATE utf8mb4_unicode_ci DEFAULT NULL,
  `created_at` timestamp NULL DEFAULT NULL,
  `updated_at` timestamp NULL DEFAULT NULL,
  `created_by` int(10) UNSIGNED DEFAULT NULL
) ENGINE=InnoDB DEFAULT CHARSET=utf8mb4 COLLATE=utf8mb4_unicode_ci;

--
-- Dumping data untuk tabel `surat_eksternal`
--

INSERT INTO `surat_eksternal` (`id`, `no_surat`, `tujuan_id`, `cabang_id`, `dept_id`, `keterangan`, `created_at`, `updated_at`, `created_by`) VALUES
(23, 'AR-DPS/SRU/2020/VI/0001', 9, 3, 11, 'SURAT PENGANTAR', '2020-06-13 03:49:00', '2020-06-13 03:49:00', 49),
(24, 'AR-DPS/SRU/2020/VI/0002', 10, 3, 11, 'SURAT PENGANTAR', '2020-06-13 03:54:49', '2020-06-13 03:54:49', 49),
(25, 'AR-DPS/SRU/2020/VI/0003', 11, 3, 11, 'SURAT PENGANTAR', '2020-06-13 05:01:32', '2020-06-13 05:01:32', 49),
(26, 'AR-DPS/SRU/2020/VI/0004', 12, 3, 11, 'SURAT PENGANTAR', '2020-06-13 05:07:02', '2020-06-13 05:07:02', 49),
(27, 'AR-DPS/SRU/2020/VI/0005', 13, 3, 11, 'SURAT PENGANTAR', '2020-06-13 05:11:35', '2020-06-13 05:11:35', 49),
(28, 'AR-DPS/SRU/2020/VI/0006', 14, 3, 11, 'SURAT PENGANTAR', '2020-06-13 05:16:02', '2020-06-13 05:16:02', 49),
(29, 'AR-DPS/SRU/2020/VI/0007', 15, 3, 11, 'SURAT PENGANTAR', '2020-06-13 05:45:38', '2020-06-13 05:45:38', 49),
(30, 'AR-DPS/SRU/2020/VI/0008', 16, 3, 11, 'SURAT PENGANTAR', '2020-06-13 05:45:54', '2020-06-13 05:45:54', 49),
(31, 'AR-SBY/SRU/2020/VI/0001', 17, 2, 11, 'tanda terima faktur 2006-0313,2006-0126,2006-', '2020-06-15 07:30:30', '2020-06-15 07:30:30', 79),
(32, 'AR-SBY/SRU/2020/VI/0002', 20, 2, 11, 'SURAT PENGANTAR', '2020-06-15 07:38:00', '2020-06-15 07:38:00', 49),
(33, 'AR-SBY/SRU/2020/VI/0003', 21, 2, 11, 'tanda terima 2006-0327+2006-0332', '2020-06-15 07:44:50', '2020-06-15 07:44:50', 79),
(34, 'AR-SBY/SRU/2020/VI/0004', 22, 2, 11, 'tanda terima faktur 2006-0627', '2020-06-15 07:55:21', '2020-06-15 07:55:21', 79),
(35, 'FAT-SBY/SRU/2020/VI/0001', 23, 2, 12, 'Surat Permohonan Pembayaran PESWA 20.060142 (0225)', '2020-06-16 02:48:48', '2020-06-16 02:48:48', 44),
(36, 'FAT-SBY/SRU/2020/VI/0002', 23, 2, 12, 'Surat Permohonan Pembayaran PESWA 20.060142 (0225)', '2020-06-16 02:49:47', '2020-06-16 02:49:47', 44),
(37, 'AR-SBY/SRU/2020/VI/0005', 23, 2, 11, 'Surat Permohonan Pembayaran PESWA 20.060142 (0225)', '2020-06-16 02:51:08', '2020-06-16 02:51:08', 44),
(38, 'FAT-SBY/SRU/2020/VI/0003', 18, 2, 12, 'faktur 2006-0657', '2020-06-16 03:29:11', '2020-06-16 03:29:11', 79),
(39, 'AR-SBY/SRU/2020/VI/0006', 18, 2, 11, 'faktur psi-2006-0657', '2020-06-16 03:29:53', '2020-06-16 03:29:53', 79),
(40, 'FAT-SBY/SRU/2020/VI/0004', 24, 2, 12, 'TT faktur PSI-2006-0138, PSI-2006-0334, PSI-2006-0415', '2020-06-16 03:34:27', '2020-06-16 03:34:27', 80),
(41, 'AR-SBY/SRU/2020/VI/0007', 25, 2, 11, 'faktur psi-2006-0455', '2020-06-16 07:08:29', '2020-06-16 07:08:29', 79),
(42, 'FAT-SBY/SRU/2020/VI/0005', 26, 2, 12, 'Faktur (1447)', '2020-06-17 01:38:59', '2020-06-17 01:38:59', 44),
(43, 'AR-SBY/SRU/2020/VI/0008', 26, 2, 11, 'Faktur (1447)', '2020-06-17 01:39:30', '2020-06-17 01:39:30', 44),
(44, 'AR-SBY/SRU/2020/VI/0009', 27, 2, 11, 'Faktur (0021)', '2020-06-17 01:41:42', '2020-06-17 01:41:42', 44),
(45, 'AR-SBY/SRU/2020/VI/0010', 28, 2, 11, 'Faktur (0139, 0436)', '2020-06-17 01:45:40', '2020-06-17 01:45:40', 44),
(46, 'AR-SBY/SRU/2020/VI/0011', 29, 2, 11, 'Faktur (0206)', '2020-06-17 01:48:12', '2020-06-17 01:48:12', 44),
(47, 'AR-SBY/SRU/2020/VI/0012', 30, 2, 11, 'Penawaran', '2020-06-17 02:19:58', '2020-06-17 02:19:58', 44),
(48, 'AR-SBY/SRU/2020/VI/0013', 30, 2, 11, 'Penawaran', '2020-06-17 02:20:15', '2020-06-17 02:20:15', 44),
(49, 'FAT-SBY/SRU/2020/VI/0006', 31, 2, 12, 'TT Faktur PSI-2006-0001, PSI-2006-0356, PSI-2006-0694', '2020-06-17 02:30:11', '2020-06-17 02:30:11', 80),
(50, 'AR-SBY/SRU/2020/VI/0014', 23, 2, 11, 'Faktur (0225)', '2020-06-17 04:16:04', '2020-06-17 04:16:04', 44),
(51, 'AR-SBY/SRU/2020/VI/0015', 23, 2, 11, 'Faktur (0532)', '2020-06-17 04:17:16', '2020-06-17 04:17:16', 44),
(52, 'AR-SBY/SRU/2020/VI/0016', 29, 2, 11, 'Faktur (0207)', '2020-06-17 07:18:53', '2020-06-17 07:18:53', 44),
(53, 'AR-SBY/SRU/2020/VI/0017', 32, 2, 11, 'Faktur (0326)', '2020-06-17 07:21:15', '2020-06-17 07:21:15', 44),
(54, 'AR-SBY/SRU/2020/VI/0018', 33, 2, 11, 'Faktur (0333)', '2020-06-17 07:26:46', '2020-06-17 07:26:46', 44),
(55, 'AR-SBY/SRU/2020/VI/0019', 34, 2, 11, 'Faktur (0247)', '2020-06-17 07:31:50', '2020-06-17 07:35:42', 44),
(56, 'AR-SBY/SRU/2020/VI/0020', 34, 2, 11, 'Faktur (0418)', '2020-06-17 07:35:13', '2020-06-17 07:35:55', 44),
(57, 'AR-SBY/SRU/2020/VI/0021', 35, 2, 11, 'Faktur (0438, 0439, 0440)', '2020-06-17 07:42:18', '2020-06-17 07:42:18', 44),
(58, 'AR-SBY/SRU/2020/VI/0022', 36, 2, 11, 'Faktur (0445, 0561)', '2020-06-17 07:50:47', '2020-06-17 07:50:47', 44),
(59, 'AR-SBY/SRU/2020/VI/0023', 26, 2, 11, 'Faktur (0452, 0563)', '2020-06-17 08:11:36', '2020-06-17 08:11:36', 44),
(60, 'AR-DPS/SRU/2020/VI/0009', 30, 3, 11, 'SURAT PAKTA INTEGRITAS', '2020-06-17 08:13:42', '2020-06-17 08:13:42', 49),
(61, 'AR-DPS/SRU/2020/VI/0010', 30, 3, 11, 'SURAT PAKTA INTEGRITAS', '2020-06-17 08:14:05', '2020-06-17 08:14:05', 49),
(62, 'AR-SBY/SRU/2020/VI/0024', 37, 2, 11, 'SURAT PERMOHONAN PEMBAYARAN', '2020-06-17 08:23:13', '2020-06-17 08:23:13', 49),
(63, 'AR-SBY/SRU/2020/VI/0025', 38, 2, 11, 'SURAT PERMOHONAN PEMBAYARAN', '2020-06-18 02:08:26', '2020-06-18 02:08:26', 49),
(64, 'NHD-SBY/SRU/2020/VI/0001', 39, 2, 7, 'Surat penawaran harga id band', '2020-06-18 02:46:30', '2020-06-18 02:46:30', 88),
(65, 'NHD-SBY/SRU/2020/VI/0002', 40, 2, 7, 'Surat penawaran harga id band', '2020-06-18 02:55:32', '2020-06-18 02:55:32', 88),
(66, 'AR-SBY/SRU/2020/VI/0026', 26, 2, 11, 'Surat Permohonan Pembayaran ke Direktur', '2020-06-18 06:09:34', '2020-06-18 06:09:34', 44),
(67, 'AR-SBY/SRU/2020/VI/0027', 41, 2, 11, 'sph psi-2006-0380', '2020-06-18 06:38:30', '2020-06-18 06:38:30', 79),
(68, 'AR-DPS/SRU/2020/VI/0011', 10, 3, 11, 'SURAT PENGANTAR', '2020-06-19 02:56:22', '2020-06-19 02:56:22', 49),
(69, 'AR-DPS/SRU/2020/VI/0012', 9, 3, 11, 'SURAT PENGANTAR', '2020-06-19 03:04:12', '2020-06-19 03:04:12', 49),
(70, 'AR-DPS/SRU/2020/VI/0013', 12, 3, 11, 'SURAT PENGANTAR', '2020-06-19 03:07:01', '2020-06-19 03:07:01', 49),
(71, 'AR-DPS/SRU/2020/VI/0014', 12, 3, 11, 'SURAT PENGANTAR', '2020-06-19 03:09:35', '2020-06-19 03:09:35', 49),
(72, 'AR-DPS/SRU/2020/VI/0015', 42, 3, 11, 'SURAT PENGANTAR', '2020-06-19 03:14:35', '2020-06-19 03:14:35', 49),
(73, 'AR-DPS/SRU/2020/VI/0016', 43, 3, 11, 'SURAT PENGANTAR', '2020-06-19 03:18:37', '2020-06-19 03:18:37', 49),
(74, 'AR-DPS/SRU/2020/VI/0017', 15, 3, 11, 'SURAT PENGANTAR', '2020-06-19 03:20:32', '2020-06-19 03:20:32', 49),
(75, 'AR-DPS/SRU/2020/VI/0018', 44, 3, 11, 'SURAT PENGANTAR', '2020-06-19 03:23:39', '2020-06-19 03:23:39', 49),
(76, 'AR-SBY/SRU/2020/VI/0028', 45, 2, 11, 'faktur psi-2006-0734', '2020-06-19 07:30:33', '2020-06-19 07:30:33', 79),
(77, 'HD-SBY/SRU/2020/VI/0001', 21, 2, 6, 'PENAWARAN HD JOMBANG PSI-2006-1210', '2020-06-19 08:24:44', '2020-06-19 08:24:44', 88),
(78, 'NHD-SBY/SRU/2020/VI/0003', 21, 2, 7, 'PENAWARAN JOMBANG PSI-2006-1210', '2020-06-19 08:26:11', '2020-06-19 08:26:11', 88),
(79, 'FAT-SBY/SRU/2020/VI/0007', 46, 2, 12, 'TT faktur PSI-2006-0854', '2020-06-20 02:07:10', '2020-06-20 02:07:10', 80),
(80, 'AR-SBY/SRU/2020/VI/0029', 47, 2, 11, 'Surat Keterangan No. Rekening PT SRU', '2020-06-20 03:47:11', '2020-06-20 03:47:11', 44),
(81, 'FAT-SBY/SRU/2020/VI/0008', 21, 2, 12, 'TT Faktur PSI-2006-0830, PSI-2006-0864', '2020-06-20 04:07:24', '2020-06-20 04:07:24', 80),
(82, 'FAT-SBY/SRU/2020/VI/0009', 48, 2, 12, 'TT faktur PSI-2006-0962', '2020-06-20 04:55:21', '2020-06-20 04:55:21', 80),
(83, 'HD-SBY/SRU/2020/VI/0002', 49, 2, 6, 'Surat Konfirmasi Ulang Renovasi HD', '2020-06-22 02:13:13', '2020-06-22 02:13:13', 120),
(84, 'FAT-DPS/SRU/2020/VI/0001', 30, 3, 12, 'KIRIM FAKTUR', '2020-06-22 02:27:48', '2020-06-22 02:27:48', 50),
(85, 'AR-DPS/SRU/2020/VI/0019', 30, 3, 11, 'KIRIM FAKTUR', '2020-06-22 02:28:40', '2020-06-22 02:28:40', 50),
(86, 'AR-DPS/SRU/2020/VI/0020', 30, 3, 11, 'KIRIM FAKTUR', '2020-06-22 02:30:09', '2020-06-22 02:30:09', 50),
(89, 'FAT-SBY/SRU/2020/VI/0010', 50, 2, 12, 'Penawaran PSI-2006-0964', '2020-06-22 03:48:53', '2020-06-22 03:48:53', 80),
(90, 'FAT-SBY/SRU/2020/VI/0011', 50, 2, 12, 'BA PSI-2006-0964', '2020-06-22 03:49:18', '2020-06-22 03:49:18', 80),
(91, 'HD-SBY/SRU/2020/VI/0003', 51, 2, 6, 'Surat Tindak Lanjut Renovasi HD', '2020-06-22 03:53:58', '2020-06-22 03:53:58', 120),
(92, 'FAT-SBY/SRU/2020/VI/0012', 50, 2, 12, 'Penawaran PSI-2006-1072', '2020-06-22 04:05:22', '2020-06-22 04:05:22', 80),
(93, 'FAT-SBY/SRU/2020/VI/0013', 50, 2, 12, 'BA PSI-2006-1072', '2020-06-22 04:05:47', '2020-06-22 04:05:47', 80),
(94, 'AR-DPS/SRU/2020/VI/0021', 10, 3, 11, 'SURAT PENGANTAR', '2020-06-22 04:06:22', '2020-06-22 04:06:22', 49),
(95, 'AR-DPS/SRU/2020/VI/0022', 13, 3, 11, 'SURAT PENGANTAR', '2020-06-22 04:11:04', '2020-06-22 04:11:04', 49),
(96, 'AR-DPS/SRU/2020/VI/0023', 52, 3, 11, 'SURAT PENGANTAR', '2020-06-22 04:14:21', '2020-06-22 04:14:21', 49),
(97, 'AR-DPS/SRU/2020/VI/0024', 53, 3, 11, 'SURAT PENGANTAR', '2020-06-22 04:17:00', '2020-06-22 04:17:00', 49),
(98, 'AR-DPS/SRU/2020/VI/0025', 11, 3, 11, 'SURAT PENGANTAR', '2020-06-22 04:21:52', '2020-06-22 04:21:52', 49),
(99, 'AR-DPS/SRU/2020/VI/0026', 14, 3, 11, 'SURAT PENGANTAR', '2020-06-22 04:24:04', '2020-06-22 04:24:04', 49),
(100, 'AR-DPS/SRU/2020/VI/0027', 9, 3, 11, 'SURAT PENGANTAR', '2020-06-22 04:25:54', '2020-06-22 04:25:54', 49),
(101, 'AR-DPS/SRU/2020/VI/0028', 16, 3, 11, 'SURAT PENGANTAR', '2020-06-22 04:28:59', '2020-06-22 04:28:59', 49),
(102, 'AR-SBY/SRU/2020/VI/0030', 17, 2, 11, 'faktur psi-2006-0847,2006-0537', '2020-06-22 04:32:55', '2020-06-22 04:32:55', 79),
(103, 'TAM-SBY/SRU/2020/VI/0001', 42, 2, 5, 'test', '2020-06-22 09:32:56', '2020-06-22 09:32:56', 62),
(104, 'FAT-SBY/SRU/2020/VI/0014', 54, 2, 12, 'Tanda terima faktur bln juni', '2020-06-23 03:46:41', '2020-06-23 03:46:41', 79),
(105, 'AR-SBY/SRU/2020/VI/0031', 54, 2, 11, 'permohan pembayaran faktur bln juni', '2020-06-23 03:47:13', '2020-06-23 04:16:19', 79),
(106, 'AR-SBY/SRU/2020/VI/0032', 54, 2, 11, 'tanda terima faktur bln juni', '2020-06-23 04:16:44', '2020-06-23 04:16:44', 79),
(107, 'HD-SBY/SRU/2020/VI/0004', 55, 2, 6, 'Surat Penawaran Mesin Reuse', '2020-06-23 04:51:29', '2020-06-23 04:51:29', 112),
(108, 'AR-SBY/SRU/2020/VI/0033', 56, 2, 11, 'Faktur (0779)', '2020-06-23 06:42:55', '2020-06-23 06:42:55', 44),
(109, 'HD-SBY/SRU/2020/VI/0005', 57, 2, 6, 'Surat Jawaban Pemakaian RO Untuk Reuse', '2020-06-23 06:57:12', '2020-06-23 06:57:12', 120),
(110, 'AR-SBY/SRU/2020/VI/0034', 58, 2, 11, 'Faktur (0512)', '2020-06-23 07:29:28', '2020-06-23 07:29:28', 44),
(111, 'AR-SBY/SRU/2020/VI/0035', 28, 2, 11, 'Faktur (0513, 0791, 0792, 0793, 1044)', '2020-06-23 07:32:10', '2020-06-23 07:32:10', 44),
(112, 'AR-SBY/SRU/2020/VI/0036', 59, 2, 11, 'Faktur (0606, 0650)', '2020-06-23 07:37:59', '2020-06-23 07:37:59', 44),
(113, 'AR-SBY/SRU/2020/VI/0037', 60, 2, 11, 'Faktur (0631)', '2020-06-23 07:42:00', '2020-06-23 07:42:00', 44),
(114, 'AR-SBY/SRU/2020/VI/0038', 34, 2, 11, 'Faktur (0780)', '2020-06-23 07:44:19', '2020-06-23 07:44:19', 44),
(115, 'AR-SBY/SRU/2020/VI/0039', 29, 2, 11, 'Faktur (0783, 0784, 0787)', '2020-06-23 07:46:25', '2020-06-23 07:46:25', 44),
(116, 'AR-SBY/SRU/2020/VI/0040', 61, 2, 11, 'Faktur (0788)', '2020-06-23 07:51:43', '2020-06-23 07:51:43', 44),
(117, 'AR-SBY/SRU/2020/VI/0041', 62, 2, 11, 'Faktur (0789)', '2020-06-23 07:53:40', '2020-06-23 07:53:40', 44),
(118, 'AR-SBY/SRU/2020/VI/0042', 33, 2, 11, 'Faktur (0853)', '2020-06-23 07:55:54', '2020-06-23 07:55:54', 44),
(119, 'AR-SBY/SRU/2020/VI/0043', 63, 2, 11, 'Faktur (0856)', '2020-06-23 07:57:53', '2020-06-23 07:57:53', 44),
(120, 'AR-SBY/SRU/2020/VI/0044', 32, 2, 11, 'Faktur (0876)', '2020-06-23 08:00:01', '2020-06-23 08:00:01', 44),
(121, 'AR-SBY/SRU/2020/VI/0045', 64, 2, 11, 'Faktur (0896)', '2020-06-23 08:02:33', '2020-06-23 08:02:33', 44),
(122, 'HD-SBY/SRU/2020/VI/0006', 61, 2, 6, 'Arsip KSO Mesin Reuse PT. Holistic Care untuk RS Panti Waluya Sawahan Malang', '2020-06-23 08:53:16', '2020-06-23 08:53:16', 112),
(123, 'HD-SBY/SRU/2020/VI/0007', 65, 2, 6, 'Surat Penawaran Kerjasama Mesin Reuse', '2020-06-23 09:16:42', '2020-06-23 09:16:42', 112),
(124, 'AR-SBY/SRU/2020/VI/0046', 66, 2, 11, 'Tanda Terima faktur 2006-1046', '2020-06-24 01:54:32', '2020-06-24 01:54:32', 79),
(125, 'AR-SBY/SRU/2020/VI/0047', 67, 2, 11, 'tanda terima faktur 2006-1050', '2020-06-24 02:06:54', '2020-06-24 02:06:54', 79),
(126, 'AR-SBY/SRU/2020/VI/0048', 68, 2, 11, 'TANDA TERIMA FAKTUR PSI-2006-1132', '2020-06-24 02:37:43', '2020-06-24 02:37:43', 79),
(127, 'AR-SBY/SRU/2020/VI/0049', 18, 2, 11, 'tanda terima faktur psi-2006-1143', '2020-06-24 02:52:40', '2020-06-24 02:52:40', 79),
(128, 'AR-DPS/SRU/2020/VI/0029', 15, 3, 11, 'Surat Penawaran', '2020-06-24 06:17:54', '2020-06-24 06:17:54', 50),
(129, 'AR-SBY/SRU/2020/VI/0050', 23, 2, 11, 'Surat Permohonan Pembayaran PESWA 20.060723 (1212)', '2020-06-24 06:28:45', '2020-06-24 06:28:45', 44),
(130, 'FAT-SBY/SRU/2020/VI/0015', 69, 2, 12, 'Surat Permohonan Pembayaran', '2020-06-24 06:48:20', '2020-06-24 06:48:20', 80),
(131, 'HD-SBY/SRU/2020/VI/0008', 70, 2, 6, 'Surat Jawaban Pelatihan maintenance Alat HD', '2020-06-24 07:20:04', '2020-06-24 07:20:04', 120),
(132, 'AR-DPS/SRU/2020/VI/0030', 15, 3, 11, 'Surat Penawaran', '2020-06-24 08:06:22', '2020-06-24 08:06:22', 50),
(133, 'AR-DPS/SRU/2020/VI/0031', 15, 3, 11, 'Surat Penawaran', '2020-06-24 08:55:21', '2020-06-24 08:55:21', 50),
(134, 'AR-SBY/SRU/2020/VI/0051', 19, 2, 11, 'sph psi-2004-0621', '2020-06-25 04:02:29', '2020-06-25 04:02:29', 79),
(135, 'AR-DPS/SRU/2020/VI/0032', 14, 3, 11, 'SURAT PENGANTAR', '2020-06-25 04:06:57', '2020-06-25 04:06:57', 49),
(136, 'AR-DPS/SRU/2020/VI/0033', 53, 3, 11, 'SURAT PENGANTAR BALI', '2020-06-25 04:08:59', '2020-06-25 04:08:59', 49),
(137, 'AR-DPS/SRU/2020/VI/0034', 12, 3, 11, 'SURAT PENGANTAR', '2020-06-25 04:12:01', '2020-06-25 04:12:01', 49),
(138, 'AR-DPS/SRU/2020/VI/0035', 9, 3, 11, 'SURAT PENGANTAR', '2020-06-25 04:14:23', '2020-06-25 04:14:23', 49),
(139, 'AR-DPS/SRU/2020/VI/0036', 15, 3, 11, 'SURAT PENGANTAR', '2020-06-25 04:16:40', '2020-06-25 04:16:40', 49),
(140, 'AR-DPS/SRU/2020/VI/0037', 44, 3, 11, 'SURAT PENGANTAR', '2020-06-25 04:19:19', '2020-06-25 04:19:19', 49),
(141, 'AR-DPS/SRU/2020/VI/0038', 72, 3, 11, 'SURAT PENGANTAR', '2020-06-25 04:22:13', '2020-06-25 04:22:13', 49),
(142, 'AR-SBY/SRU/2020/VI/0052', 19, 2, 11, 'sph psi-2004-0621', '2020-06-25 04:39:33', '2020-06-25 04:39:33', 79),
(143, 'AR-SBY/SRU/2020/VI/0053', 19, 2, 11, 'permohonan pembayaran 2004-0621', '2020-06-25 04:40:43', '2020-06-25 04:40:43', 79),
(144, 'HD-SBY/SRU/2020/VI/0009', 73, 2, 6, 'Surat Jawaban Renovasi R. Covid', '2020-06-25 06:33:36', '2020-06-25 06:33:36', 120),
(145, 'AR-SBY/SRU/2020/VI/0054', 19, 2, 11, 'sph psi-2005-0851', '2020-06-25 06:52:34', '2020-06-25 06:52:34', 79),
(146, 'AR-SBY/SRU/2020/VI/0055', 19, 2, 11, 'permohonan pembayaran psi-2005-0851', '2020-06-25 07:35:07', '2020-06-25 07:35:07', 79),
(147, 'AR-SBY/SRU/2020/VI/0056', 45, 2, 11, 'surat kesanggupan psi-2006-0734', '2020-06-26 03:26:27', '2020-06-26 03:26:27', 79),
(148, 'AR-DPS/SRU/2020/VI/0039', 72, 3, 11, 'Surat penawaran', '2020-06-26 04:44:20', '2020-06-26 04:44:20', 50),
(149, 'AR-DPS/SRU/2020/VI/0040', 72, 3, 11, 'Surat Penagihan', '2020-06-26 04:46:50', '2020-06-26 04:46:50', 50),
(150, 'AR-SBY/SRU/2020/VI/0057', 19, 2, 11, 'tanda terima faktur 2006-1269', '2020-06-26 07:04:15', '2020-06-26 07:04:15', 79),
(151, 'AR-SBY/SRU/2020/VI/0058', 20, 2, 11, 'SURAT PENGANTAR', '2020-06-26 07:18:15', '2020-06-26 07:18:15', 49),
(152, 'AR-SBY/SRU/2020/VI/0059', 74, 2, 11, 'tanda terima psi-2006-0729', '2020-06-26 07:44:01', '2020-06-26 07:44:01', 79),
(153, 'AR-SBY/SRU/2020/VI/0060', 75, 2, 11, 'Faktur (1219)', '2020-06-26 07:52:07', '2020-06-26 07:52:07', 44),
(154, 'AR-SBY/SRU/2020/VI/0061', 75, 2, 11, 'Faktur (1780)', '2020-06-26 07:56:35', '2020-06-26 07:56:35', 44),
(155, 'FAT-SBY/SRU/2020/VI/0016', 76, 2, 12, 'TT FAktur PSI-2006-0451, PSI-2006-1016, PSI-2006-1172', '2020-06-26 09:30:52', '2020-06-26 09:30:52', 80),
(156, 'AR-SBY/SRU/2020/VI/0062', 77, 2, 11, 'SURAT PENGANTAR', '2020-06-27 01:26:18', '2020-06-27 01:26:18', 49),
(157, 'HD-SBY/SRU/2020/VI/0010', 78, 2, 6, 'Surat Jawaban Mesin HD COvid', '2020-06-27 02:04:28', '2020-06-27 02:04:28', 120),
(158, 'AR-SBY/SRU/2020/VI/0063', 22, 2, 11, 'tanda terima faktur psi-2006-1417,2006-1052', '2020-06-27 02:52:12', '2020-06-27 02:52:12', 79),
(159, 'AR-SBY/SRU/2020/VI/0064', 79, 2, 11, 'faktur', '2020-06-27 03:51:20', '2020-06-27 03:51:20', 79),
(160, 'AR-SBY/SRU/2020/VI/0065', 81, 2, 11, 'sph psi-2006-0814', '2020-06-27 04:15:24', '2020-06-27 04:15:24', 79),
(161, 'FAT-SBY/SRU/2020/VI/0017', 80, 2, 12, 'TT Faktur PSI-2006-0071, PSI-2006-1278', '2020-06-27 04:23:03', '2020-06-27 04:23:03', 80),
(162, 'HD-SBY/SRU/2020/VI/0011', 65, 2, 6, 'Surat Penawaran Harga Spare Part mesin reuse', '2020-06-27 05:14:51', '2020-06-27 05:14:51', 112),
(163, 'HD-SBY/SRU/2020/VI/0012', 82, 2, 6, 'Surat Jawaban Jadwal Pelatihan Teknisi RS', '2020-06-29 06:19:08', '2020-06-29 06:19:08', 120),
(164, 'AR-SBY/SRU/2020/VI/0066', 83, 2, 11, 'Surat Permohonan Pembayaran Kepala Keuangan PT Global Surya Kemala', '2020-06-29 07:01:35', '2020-06-29 07:01:35', 44),
(165, 'AR-SBY/SRU/2020/VI/0067', 84, 2, 11, 'Surat Permohonan Pembayaran Kepala Keuangan RSI Orpeha', '2020-06-29 07:18:19', '2020-06-29 07:18:19', 44),
(166, 'AR-SBY/SRU/2020/VI/0068', 34, 2, 11, 'Faktur (0958)', '2020-06-29 08:24:10', '2020-06-29 08:24:10', 44),
(167, 'AR-SBY/SRU/2020/VI/0069', 34, 2, 11, 'Faktur (1213)', '2020-06-29 08:25:48', '2020-06-29 08:25:48', 44),
(168, 'AR-SBY/SRU/2020/VI/0070', 85, 2, 11, 'Faktur (0851, 0852)', '2020-06-29 08:30:00', '2020-06-29 08:30:00', 44),
(169, 'AR-SBY/SRU/2020/VI/0071', 63, 2, 11, 'Faktur (0855)', '2020-06-29 08:32:19', '2020-06-29 08:32:19', 44),
(170, 'AR-SBY/SRU/2020/VI/0072', 33, 2, 11, 'Faktur (1282)', '2020-06-29 08:33:57', '2020-06-29 08:33:57', 44),
(171, 'AR-SBY/SRU/2020/VI/0073', 23, 2, 11, 'Faktur (1212)', '2020-06-29 08:35:08', '2020-06-29 08:35:08', 44),
(172, 'AR-SBY/SRU/2020/VI/0074', 29, 2, 11, 'Faktur (1133, 1135)', '2020-06-29 08:36:42', '2020-06-29 08:36:42', 44),
(173, 'AR-SBY/SRU/2020/VI/0075', 27, 2, 11, 'Faktur (0900)', '2020-06-29 08:40:32', '2020-06-29 08:40:32', 44),
(174, 'AR-SBY/SRU/2020/VI/0076', 36, 2, 11, 'Faktur (0953, 1051, 1120, 1200, 1201)', '2020-06-29 08:42:31', '2020-06-29 08:42:31', 44),
(175, 'AR-SBY/SRU/2020/VI/0077', 32, 2, 11, 'Faktur NHD (1117)', '2020-06-29 08:48:02', '2020-06-29 08:48:02', 44),
(176, 'AR-SBY/SRU/2020/VI/0078', 62, 2, 11, 'Faktur (1223)', '2020-06-29 08:50:22', '2020-06-29 08:50:22', 44),
(177, 'AR-SBY/SRU/2020/VI/0079', 32, 2, 11, 'Faktur HD (1310)', '2020-06-29 08:52:48', '2020-06-29 08:52:48', 44),
(178, 'NHD-SBY/SRU/2020/VI/0004', 86, 2, 7, 'SRT PENAWARAHAN HARGA ALKES', '2020-06-30 03:41:23', '2020-06-30 03:41:23', 88),
(179, 'AR-SBY/SRU/2020/VI/0080', 47, 2, 11, 'Surat Keterangan No. Rekening PT SRU (1275)', '2020-06-30 06:10:45', '2020-06-30 06:10:45', 44),
(180, 'AR-SBY/SRU/2020/VI/0081', 17, 2, 11, 'faktur jun 1504+1585', '2020-06-30 06:35:53', '2020-06-30 06:36:22', 79),
(181, 'AR-SBY/SRU/2020/VI/0082', 61, 2, 11, 'Faktur (1364)', '2020-06-30 07:39:26', '2020-06-30 07:39:26', 44),
(182, 'HD-SBY/SRU/2020/VI/0013', 87, 2, 6, 'Surat Penawaran harga HD Pack Kebutuhan Juli 2020', '2020-06-30 07:40:07', '2020-06-30 07:40:07', 137),
(183, 'AR-SBY/SRU/2020/VI/0083', 34, 2, 11, 'Faktur (1413)', '2020-06-30 07:40:54', '2020-06-30 07:40:54', 44),
(184, 'AR-SBY/SRU/2020/VI/0084', 28, 2, 11, 'Faktur (1502, 1506, 1513, 1516)', '2020-06-30 07:43:08', '2020-06-30 07:43:08', 44),
(185, 'AR-SBY/SRU/2020/VI/0085', 75, 2, 11, 'Faktur (1602)', '2020-06-30 07:55:46', '2020-06-30 07:55:46', 44),
(186, 'AR-DPS/SRU/2020/VI/0041', 16, 3, 11, 'SURAT FAKTUR', '2020-06-30 08:21:39', '2020-06-30 08:21:39', 49),
(187, 'AR-DPS/SRU/2020/VI/0042', 9, 3, 11, 'Surat Faktur', '2020-06-30 08:25:49', '2020-06-30 08:25:49', 49),
(188, 'AR-DPS/SRU/2020/VI/0043', 13, 3, 11, 'Surat Faktur', '2020-06-30 08:58:28', '2020-06-30 08:58:28', 49),
(189, 'AR-DPS/SRU/2020/VI/0044', 78, 3, 11, 'SURAT PERMOHONAN PEMBAYARAN', '2020-06-30 09:04:16', '2020-06-30 09:04:16', 50),
(190, 'AR-DPS/SRU/2020/VII/0001', 43, 3, 11, 'Surat Faktur', '2020-07-01 01:30:09', '2020-07-01 01:30:09', 49),
(191, 'AR-DPS/SRU/2020/VII/0002', 11, 3, 11, 'Surat Faktur', '2020-07-01 01:39:05', '2020-07-01 01:39:05', 49),
(192, 'AR-DPS/SRU/2020/VII/0003', 14, 3, 11, 'Surat Faktur', '2020-07-01 01:42:45', '2020-07-01 01:42:45', 49),
(193, 'FAT-SBY/SRU/2020/VII/0001', 50, 2, 12, 'Penawaran PSI-2006-1649', '2020-07-01 02:18:17', '2020-07-01 02:18:17', 80),
(194, 'FAT-SBY/SRU/2020/VII/0002', 69, 2, 12, 'TT faktur PSI-2006-0328, PSI-2006-1505', '2020-07-01 04:09:01', '2020-07-01 04:09:01', 80),
(195, 'AR-DPS/SRU/2020/VII/0004', 10, 3, 11, 'Surat Faktur', '2020-07-01 06:14:49', '2020-07-01 06:14:49', 49),
(196, 'AR-DPS/SRU/2020/VII/0005', 15, 3, 11, 'Surat Faktur', '2020-07-01 06:15:33', '2020-07-01 06:15:33', 49),
(197, 'AR-DPS/SRU/2020/VII/0006', 43, 3, 11, 'Surat Faktur', '2020-07-01 06:16:16', '2020-07-01 06:16:16', 49),
(198, 'AR-DPS/SRU/2020/VII/0007', 14, 3, 11, 'Surat Faktur', '2020-07-01 06:17:13', '2020-07-01 06:17:13', 49),
(199, 'AR-DPS/SRU/2020/VII/0008', 42, 3, 11, 'Surat Faktur', '2020-07-01 06:17:45', '2020-07-01 06:17:45', 49),
(200, 'FAT-SBY/SRU/2020/VII/0003', 88, 2, 12, 'TT faktur PSI-2005-0968, PSI-2005-0360, PSI-2006-0441, PSi-2006-1530', '2020-07-01 07:41:49', '2020-07-01 07:41:49', 80),
(201, 'AR-SBY/SRU/2020/VII/0001', 89, 2, 11, 'sph nhd juni reguler', '2020-07-01 07:45:26', '2020-07-01 07:45:26', 79),
(202, 'AR-SBY/SRU/2020/VII/0002', 89, 2, 11, 'sph juni e-purchasing', '2020-07-01 07:50:10', '2020-07-01 07:50:10', 79),
(203, 'FAT-SBY/SRU/2020/VII/0004', 88, 2, 12, 'Surat Permohonan Pembayaran', '2020-07-01 07:59:11', '2020-07-01 07:59:11', 80),
(204, 'AR-SBY/SRU/2020/VII/0003', 89, 2, 11, 'sph juni hd', '2020-07-01 08:11:42', '2020-07-01 08:11:42', 79),
(205, 'AR-SBY/SRU/2020/VII/0004', 89, 2, 11, 'permohonan perbayaran juni hd', '2020-07-01 08:22:03', '2020-07-01 08:22:03', 79),
(206, 'AR-SBY/SRU/2020/VII/0005', 89, 2, 11, 'tanda terima faktur juni hd', '2020-07-01 08:34:13', '2020-07-01 08:34:13', 79),
(207, 'AR-SBY/SRU/2020/VII/0006', 89, 2, 11, 'TANDA TERIMA FAKTUR NHD E-PURCHASING JUNI', '2020-07-01 08:46:29', '2020-07-01 08:46:29', 79),
(208, 'AR-SBY/SRU/2020/VII/0007', 89, 2, 11, 'suruh permohonan pembayaran juni nhd e-purchasing', '2020-07-01 09:01:34', '2020-07-01 09:01:34', 79),
(209, 'FAT-SBY/SRU/2020/VII/0005', 24, 2, 12, 'TT faktur PSI-2006-1503, PSI-2006-1415, PSI-2006-0955, PSi-2006-1045', '2020-07-01 09:05:08', '2020-07-01 09:05:08', 80),
(210, 'HD-SBY/SRU/2020/VII/0001', 69, 2, 6, 'surat pengantar arsip KSO RSUD Bangil Pasuruan', '2020-07-02 00:41:13', '2020-07-02 00:41:13', 97),
(211, 'AR-SBY/SRU/2020/VII/0008', 89, 2, 11, 'permohonan pembayaran psi-2006-1071', '2020-07-02 02:00:23', '2020-07-02 02:00:23', 79),
(212, 'AR-SBY/SRU/2020/VII/0009', 89, 2, 11, 'tanda terima faktur nhd  reguler juni', '2020-07-02 02:09:32', '2020-07-02 02:09:32', 79),
(213, 'NHD-SBY/SRU/2020/VII/0001', 90, 2, 7, 'Surat penawaran harga BGM Premier S Nipro', '2020-07-02 02:25:44', '2020-07-02 02:25:44', 88),
(214, 'FAT-SBY/SRU/2020/VII/0006', 91, 2, 12, 'TT Faktur PSI-2006-0533, PSI-2006-0534', '2020-07-02 04:55:37', '2020-07-02 04:55:37', 80),
(215, 'AR-SBY/SRU/2020/VII/0010', 68, 2, 11, 'faktur psi-2006-1789', '2020-07-02 06:19:21', '2020-07-02 06:19:21', 79),
(216, 'AR-SBY/SRU/2020/VII/0011', 92, 2, 11, 'faktur psi-2006-1689', '2020-07-02 07:15:38', '2020-07-02 07:15:38', 79),
(217, 'AR-SBY/SRU/2020/VII/0012', 84, 2, 11, 'Surat Pernyataan Kesalahan Penulisan Nama Tujuan Virtual Account', '2020-07-02 08:03:45', '2020-07-02 08:03:45', 44),
(218, 'AR-SBY/SRU/2020/VII/0013', 22, 2, 11, 'faktur 2006-1757,2006-1691', '2020-07-02 08:37:12', '2020-07-02 08:37:12', 79),
(219, 'FAT-SBY/SRU/2020/VII/0007', 93, 2, 12, 'TT Faktur PSI-2006-1225, PSI-2006-0966, PSI-2006-0756, PSI-2006-0453', '2020-07-02 09:19:03', '2020-07-02 09:19:03', 80),
(220, 'FAT-SBY/SRU/2020/VII/0008', 94, 2, 12, 'TT faktur PSI-2006-0846', '2020-07-03 03:30:24', '2020-07-03 03:30:24', 80),
(221, 'FAT-SBY/SRU/2020/VII/0009', 95, 2, 12, 'TT Faktur PSI-2006-2057', '2020-07-03 03:52:04', '2020-07-03 03:52:04', 80),
(222, 'FAT-SBY/SRU/2020/VII/0010', 95, 2, 12, 'TT Faktur PSI-2006-1706', '2020-07-03 04:52:46', '2020-07-03 04:52:46', 80),
(223, 'FAT-SBY/SRU/2020/VII/0011', 96, 2, 12, 'TT FAktur PSI-2006-1140', '2020-07-03 08:06:33', '2020-07-03 08:06:33', 80),
(224, 'AR-DPS/SRU/2020/VII/0009', 11, 3, 11, 'Surat Faktur', '2020-07-03 08:32:58', '2020-07-03 08:32:58', 49),
(225, 'AR-DPS/SRU/2020/VII/0010', 97, 3, 11, 'Surat Faktur', '2020-07-03 08:37:10', '2020-07-03 08:37:10', 49),
(226, 'FAT-SBY/SRU/2020/VII/0012', 69, 2, 12, 'Surat Permohonan Pembayaran', '2020-07-03 08:46:45', '2020-07-03 08:46:45', 80),
(227, 'AR-SBY/SRU/2020/VII/0014', 41, 2, 11, 'sph psi-2006-1423', '2020-07-04 03:44:00', '2020-07-04 03:44:00', 79),
(228, 'NHD-SBY/SRU/2020/VII/0002', 98, 2, 7, 'SRT PENAWARAN HARGA BGM', '2020-07-07 01:58:13', '2020-07-07 01:58:13', 88),
(229, 'AR-SBY/SRU/2020/VII/0015', 99, 2, 11, 'pengajuan pembayaran', '2020-07-07 02:12:37', '2020-07-07 02:12:37', 79),
(230, 'AR-SBY/SRU/2020/VII/0016', 99, 2, 11, 'faktur', '2020-07-07 02:13:26', '2020-07-07 02:13:26', 79),
(231, 'AR-SBY/SRU/2020/VII/0017', 41, 2, 11, 'surat kuasa', '2020-07-07 02:28:59', '2020-07-07 02:28:59', 79),
(232, 'HD-SBY/SRU/2020/VII/0002', 24, 2, 6, 'surat pengantar arsip addendum ke 1', '2020-07-07 02:55:31', '2020-07-07 02:55:31', 97),
(233, 'HD-SBY/SRU/2020/VII/0003', 18, 2, 6, 'surat pengantar arsip addendum kedua (ke-2)', '2020-07-07 02:59:43', '2020-07-07 02:59:43', 97),
(234, 'AR-DPS/SRU/2020/VII/0011', 52, 3, 11, 'Surat Faktur', '2020-07-08 01:51:00', '2020-07-08 01:51:00', 123),
(235, 'AR-DPS/SRU/2020/VII/0012', 52, 3, 11, 'Surat Faktur', '2020-07-08 01:54:12', '2020-07-08 01:54:12', 49),
(236, 'AR-DPS/SRU/2020/VII/0013', 52, 3, 11, 'Surat Faktur', '2020-07-08 01:55:05', '2020-07-08 01:55:05', 49),
(237, 'AR-DPS/SRU/2020/VII/0014', 53, 3, 11, 'Surat Faktur', '2020-07-08 02:04:11', '2020-07-08 02:04:11', 44),
(238, 'AR-DPS/SRU/2020/VII/0015', 101, 3, 11, 'Surat Faktur', '2020-07-08 02:26:09', '2020-07-08 02:26:09', 44),
(239, 'AR-DPS/SRU/2020/VII/0016', 10, 3, 11, 'Surat Faktur', '2020-07-08 02:39:00', '2020-07-08 02:39:00', 44),
(240, 'AR-DPS/SRU/2020/VII/0017', 16, 3, 11, 'Surat Faktur', '2020-07-08 02:55:39', '2020-07-08 02:55:39', 44),
(241, 'HD-SBY/SRU/2020/VII/0004', 102, 2, 6, 'PENAWARAN HARGA PSI-2007-0359 , PSI-2007-0360 , PSI-2007-0361 ATAS TINDAKAN JUNI', '2020-07-08 03:10:45', '2020-07-08 03:10:45', 137),
(242, 'AR-DPS/SRU/2020/VII/0018', 12, 3, 11, 'Surat Faktur', '2020-07-08 03:20:05', '2020-07-08 03:20:05', 44),
(243, 'AR-DPS/SRU/2020/VII/0019', 9, 3, 11, 'Surat Faktur', '2020-07-08 03:22:09', '2020-07-08 03:22:09', 44),
(244, 'AR-SBY/SRU/2020/VII/0018', 103, 2, 11, 'TANDA TERIMA FAKTUR JUNI', '2020-07-08 03:29:15', '2020-07-08 03:29:15', 79),
(245, 'AR-DPS/SRU/2020/VII/0020', 14, 3, 11, 'Surat Faktur', '2020-07-08 04:01:02', '2020-07-08 04:01:02', 44),
(246, 'AR-SBY/SRU/2020/VII/0019', 18, 2, 11, 'faktur', '2020-07-08 05:00:16', '2020-07-08 05:00:16', 79),
(247, 'HD-SBY/SRU/2020/VII/0005', 87, 2, 6, 'PENAWARAN HARGA HD PACK KEBUTUHAN JULI ATAS PSI-2007-0062', '2020-07-08 06:23:40', '2020-07-08 06:23:40', 137),
(248, 'AR-SBY/SRU/2020/VII/0020', 45, 2, 11, 'tanda terima faktur psi-2006-1901', '2020-07-08 07:51:00', '2020-07-08 07:51:00', 79),
(249, 'AR-SBY/SRU/2020/VII/0021', 41, 2, 11, 'surat kuasa psi-2003-1908', '2020-07-08 09:29:47', '2020-07-08 09:29:47', 79),
(250, 'AR-SBY/SRU/2020/VII/0022', 41, 2, 11, 'surat kuasa psi-2003-1897', '2020-07-08 09:31:57', '2020-07-08 09:31:57', 79),
(251, 'AR-SBY/SRU/2020/VII/0023', 41, 2, 11, 'surat kuasa 2004-0173', '2020-07-08 09:36:18', '2020-07-08 09:36:18', 79),
(252, 'AR-SBY/SRU/2020/VII/0024', 87, 2, 11, 'referansi bank jatim hd pack juli', '2020-07-08 09:41:10', '2020-07-08 09:41:10', 79),
(253, 'AR-SBY/SRU/2020/VII/0025', 103, 2, 11, 'sph bln mei', '2020-07-09 02:07:46', '2020-07-09 02:07:46', 79),
(254, 'AR-SBY/SRU/2020/VII/0026', 103, 2, 11, 'sph bln juni hd', '2020-07-09 02:22:05', '2020-07-09 02:22:05', 79),
(255, 'AR-SBY/SRU/2020/VII/0027', 103, 2, 11, 'rekapitulasi pembayaran hd juni', '2020-07-09 02:24:15', '2020-07-09 02:24:15', 79),
(256, 'AR-SBY/SRU/2020/VII/0028', 103, 2, 11, 'rekapitulasi pembayaran e-purchasing juni', '2020-07-09 06:43:21', '2020-07-09 06:43:21', 79),
(257, 'AR-SBY/SRU/2020/VII/0029', 74, 2, 11, 'permohonan pembayaran faktur psi-2006-0729', '2020-07-09 07:23:06', '2020-07-09 07:23:06', 79),
(258, 'AR-SBY/SRU/2020/VII/0030', 74, 2, 11, 'surat pernyataan kewajaran harga barang', '2020-07-09 07:38:41', '2020-07-09 07:38:41', 79),
(259, 'AR-SBY/SRU/2020/VII/0031', 34, 2, 11, 'Faktur (1692)', '2020-07-09 07:52:36', '2020-07-09 07:52:36', 44),
(260, 'AR-SBY/SRU/2020/VII/0032', 34, 2, 11, 'Faktur (1898)', '2020-07-09 08:07:23', '2020-07-09 08:07:23', 44),
(261, 'AR-SBY/SRU/2020/VII/0033', 34, 2, 11, 'Faktur (0077)', '2020-07-09 08:11:15', '2020-07-09 08:11:15', 44),
(262, 'AR-SBY/SRU/2020/VII/0034', 58, 2, 11, 'Faktur (1520, 1974)', '2020-07-09 08:18:13', '2020-07-09 08:18:13', 44),
(263, 'AR-SBY/SRU/2020/VII/0035', 29, 2, 11, 'Faktur (1594, 1611)', '2020-07-09 08:22:50', '2020-07-09 08:22:50', 44),
(264, 'AR-SBY/SRU/2020/VII/0036', 104, 2, 11, 'Faktur (1603)', '2020-07-09 08:26:20', '2020-07-09 08:26:20', 44),
(265, 'AR-SBY/SRU/2020/VII/0037', 62, 2, 11, 'Faktur (1652)', '2020-07-09 08:31:02', '2020-07-09 08:31:02', 44),
(266, 'AR-SBY/SRU/2020/VII/0038', 62, 2, 11, 'Faktur (0075)', '2020-07-09 08:33:03', '2020-07-09 08:33:03', 44),
(267, 'AR-SBY/SRU/2020/VII/0039', 61, 2, 11, 'Faktur (1676, 1782)', '2020-07-09 08:37:30', '2020-07-09 08:37:30', 44),
(268, 'AR-SBY/SRU/2020/VII/0040', 61, 2, 11, 'Faktur (0026)', '2020-07-09 08:41:39', '2020-07-09 08:41:39', 44),
(269, 'AR-SBY/SRU/2020/VII/0041', 33, 2, 11, 'Faktur (1764, 1765)', '2020-07-09 08:43:18', '2020-07-09 08:43:18', 44),
(270, 'AR-SBY/SRU/2020/VII/0042', 35, 2, 11, 'Faktur (1768, 1769)', '2020-07-09 08:46:28', '2020-07-09 08:46:28', 44),
(271, 'AR-SBY/SRU/2020/VII/0043', 32, 2, 11, 'Faktur-HD (1770)', '2020-07-09 09:36:41', '2020-07-09 09:37:16', 44),
(272, 'AR-SBY/SRU/2020/VII/0044', 75, 2, 11, 'Surat Jalan (1851)', '2020-07-09 09:39:08', '2020-07-09 09:39:08', 44),
(273, 'AR-SBY/SRU/2020/VII/0045', 26, 2, 11, 'Faktur (1786)', '2020-07-09 09:46:16', '2020-07-09 09:46:16', 44),
(274, 'GA-SBY/SRU/2020/VII/0001', 106, 2, 4, 'service berkala dan ganti oli mobil avanza B1826POF', '2020-07-10 02:28:25', '2020-07-10 02:28:25', 100),
(275, 'FAT-SBY/SRU/2020/VII/0013', 76, 2, 12, 'TT faktur PSI-2006-1648', '2020-07-10 02:54:34', '2020-07-10 02:54:34', 80),
(276, 'HD-SBY/SRU/2020/VII/0006', 21, 2, 6, 'PENAWARAN HARGA ATAS PSI-2007-0525', '2020-07-10 04:42:42', '2020-07-10 04:42:42', 137),
(277, 'FAT-SBY/SRU/2020/VII/0014', 45, 2, 12, 'PBK PPH Dinkes Magetan PSI-2003-0103', '2020-07-10 04:44:36', '2020-07-10 04:44:36', 45),
(278, 'AR-DPS/SRU/2020/VII/0021', 101, 3, 11, 'Surat Permohonan Pembayaran', '2020-07-10 04:50:29', '2020-07-10 04:50:29', 50),
(279, 'AR-SBY/SRU/2020/VII/0046', 17, 2, 11, 'tanda terima faktur psi-2006-1777, psi-2006-1875', '2020-07-10 06:31:33', '2020-07-10 06:31:33', 79),
(280, 'AR-SBY/SRU/2020/VII/0047', 66, 2, 11, 'tanda terima faktur 2006-1766,2006-2004', '2020-07-10 07:56:08', '2020-07-10 07:56:08', 79),
(281, 'NHD-SBY/SRU/2020/VII/0003', 107, 2, 7, 'srt penawaran harga BGM', '2020-07-11 02:16:42', '2020-07-11 02:16:42', 88),
(282, 'NHD-SBY/SRU/2020/VII/0004', 33, 2, 7, 'SRT PENAWARAN HARGA BGM & SYRINGE KANDO', '2020-07-11 02:31:34', '2020-07-11 02:31:34', 88),
(283, 'AR-SBY/SRU/2020/VII/0048', 47, 2, 11, 'Surat Keterangan No. Rekening PT SRU (1771)', '2020-07-11 02:42:54', '2020-07-11 02:42:54', 44),
(284, 'AR-SBY/SRU/2020/VII/0049', 47, 2, 11, 'Surat Keterangan No. Rekening (0196)', '2020-07-11 02:45:03', '2020-07-11 02:45:03', 44),
(285, 'AR-SBY/SRU/2020/VII/0050', 23, 2, 11, 'Surat Permohonan Pembayaran PT NMU PESWA 20.061237 (1873, 1874)', '2020-07-11 03:09:36', '2020-07-11 03:09:36', 44),
(286, 'AR-SBY/SRU/2020/VII/0051', 63, 2, 11, 'Faktur (1871, 1872)', '2020-07-11 03:16:28', '2020-07-11 03:16:28', 44),
(287, 'AR-SBY/SRU/2020/VII/0052', 23, 2, 11, 'Faktur (1873, 1874)', '2020-07-11 03:22:07', '2020-07-11 03:22:07', 44),
(288, 'AR-SBY/SRU/2020/VII/0053', 85, 2, 11, 'Faktur (1910, 1911)', '2020-07-11 03:27:59', '2020-07-11 03:27:59', 44),
(289, 'AR-SBY/SRU/2020/VII/0054', 28, 2, 11, 'Faktur (1976)', '2020-07-11 03:31:33', '2020-07-11 03:31:33', 44),
(290, 'FAT-SBY/SRU/2020/VII/0015', 48, 2, 12, 'TT Faktur PSI-2007-0027', '2020-07-11 03:49:09', '2020-07-11 03:49:09', 80),
(291, 'AR-SBY/SRU/2020/VII/0055', 28, 2, 11, 'Faktur (0187)', '2020-07-11 04:17:23', '2020-07-11 04:17:23', 44),
(292, 'AR-SBY/SRU/2020/VII/0056', 59, 2, 11, 'Faktur (1979)', '2020-07-11 04:19:20', '2020-07-11 04:19:20', 44),
(293, 'FAT-SBY/SRU/2020/VII/0016', 24, 2, 12, 'TT Faktur PSI-2006-1776, PSI-2006-1694', '2020-07-11 04:20:36', '2020-07-11 04:20:36', 80),
(294, 'AR-SBY/SRU/2020/VII/0057', 29, 2, 11, 'Faktur (0014, 0015)', '2020-07-11 04:21:27', '2020-07-11 04:21:27', 44),
(295, 'AR-SBY/SRU/2020/VII/0058', 56, 2, 11, 'Faktur (0076)', '2020-07-11 04:23:57', '2020-07-11 04:23:57', 44),
(296, 'AR-SBY/SRU/2020/VII/0059', 105, 2, 11, 'Faktur (1849)', '2020-07-11 04:31:49', '2020-07-11 04:31:49', 44),
(297, 'NHD-SBY/SRU/2020/VII/0005', 108, 2, 7, 'SRT PENAWARAN HARGA SYRINGE KANDO & BGM', '2020-07-13 03:14:01', '2020-07-13 03:14:01', 88),
(298, 'AR-SBY/SRU/2020/VII/0060', 20, 2, 11, 'Surat Faktur (Email)', '2020-07-13 03:38:48', '2020-07-13 03:38:48', 44),
(299, 'FAT-SBY/SRU/2020/VII/0017', 46, 2, 12, 'TT Faktur PSI-2007-0301', '2020-07-13 04:49:30', '2020-07-13 04:49:30', 80),
(300, 'AR-DPS/SRU/2020/VII/0022', 97, 3, 11, 'Surat Faktur', '2020-07-13 06:38:53', '2020-07-13 06:38:53', 44),
(301, 'AR-DPS/SRU/2020/VII/0023', 11, 3, 11, 'Surat Faktur', '2020-07-13 06:46:36', '2020-07-13 06:46:36', 44),
(302, 'AR-SBY/SRU/2020/VII/0061', 75, 2, 11, 'Faktur (0749)', '2020-07-13 07:28:23', '2020-07-13 07:28:23', 44),
(303, 'AR-DPS/SRU/2020/VII/0024', 14, 3, 11, 'Surat Faktur', '2020-07-13 07:28:45', '2020-07-13 07:28:45', 44),
(304, 'AR-DPS/SRU/2020/VII/0025', 44, 3, 11, 'Surat Faktur', '2020-07-13 07:51:40', '2020-07-13 07:51:40', 44),
(305, 'AR-DPS/SRU/2020/VII/0026', 9, 3, 11, 'Surat Faktur', '2020-07-13 07:59:24', '2020-07-13 07:59:24', 44),
(306, 'AR-SBY/SRU/2020/VII/0062', 109, 2, 11, 'Faktur (0054, 0055)', '2020-07-13 08:23:07', '2020-07-13 08:23:07', 44),
(307, 'AR-SBY/SRU/2020/VII/0063', 110, 2, 11, 'Faktur (0195)', '2020-07-13 08:26:50', '2020-07-13 08:26:50', 44),
(308, 'AR-DPS/SRU/2020/VII/0027', 16, 3, 11, 'Surat Faktur', '2020-07-13 08:38:44', '2020-07-13 08:38:44', 44),
(309, 'AR-SBY/SRU/2020/VII/0064', 75, 2, 11, 'Faktur (0261)', '2020-07-13 08:51:22', '2020-07-13 08:51:22', 44),
(310, 'AR-DPS/SRU/2020/VII/0028', 15, 3, 11, 'Surat Faktur', '2020-07-13 09:13:56', '2020-07-13 09:13:56', 44),
(311, 'FAT-SBY/SRU/2020/VII/0018', 111, 2, 12, 'Surat Penawaran PSI-2006-1272', '2020-07-13 09:14:21', '2020-07-13 09:14:21', 80),
(312, 'FAT-SBY/SRU/2020/VII/0019', 111, 2, 12, 'Surat Permohonan Jaminan Pelaksanaan', '2020-07-13 09:14:57', '2020-07-13 09:14:57', 80),
(313, 'AR-DPS/SRU/2020/VII/0029', 43, 3, 11, 'Surat Faktur', '2020-07-13 09:43:22', '2020-07-13 09:43:22', 44),
(314, 'AR-DPS/SRU/2020/VII/0030', 72, 3, 11, 'Surat Faktur', '2020-07-13 09:50:14', '2020-07-13 09:50:14', 44),
(315, 'AR-DPS/SRU/2020/VII/0031', 101, 3, 11, 'Surat Faktur', '2020-07-13 09:56:02', '2020-07-13 09:56:02', 44),
(316, 'AR-DPS/SRU/2020/VII/0032', 12, 3, 11, 'Surat Faktur', '2020-07-13 10:01:23', '2020-07-13 10:01:23', 44),
(317, 'AR-SBY/SRU/2020/VII/0065', 112, 2, 11, 'sph 2006-1779', '2020-07-14 02:00:07', '2020-07-14 02:00:07', 79),
(318, 'FAT-SBY/SRU/2020/VII/0020', 21, 2, 12, 'TT faktur PSI-2006-1210', '2020-07-14 02:18:48', '2020-07-14 02:18:48', 80),
(319, 'AR-SBY/SRU/2020/VII/0066', 112, 2, 11, 'sph psi-2006-1902', '2020-07-14 03:17:20', '2020-07-14 03:17:20', 79),
(320, 'AR-DPS/SRU/2020/VII/0033', 102, 3, 11, 'Surat Faktur', '2020-07-14 04:18:38', '2020-07-14 04:18:38', 44),
(321, 'HD-SBY/SRU/2020/VII/0007', 111, 2, 6, 'Surat Konfirmasi KSO', '2020-07-14 07:02:04', '2020-07-14 07:02:04', 120),
(322, 'NHD-SBY/SRU/2020/VII/0006', 21, 2, 7, 'Surat penawaran harga', '2020-07-14 07:04:00', '2020-07-14 07:04:00', 88),
(323, 'NHD-SBY/SRU/2020/VII/0007', 21, 2, 7, 'Surat penawaran harga', '2020-07-14 07:46:56', '2020-07-14 07:47:24', 138),
(324, 'AR-DPS/SRU/2020/VII/0034', 72, 3, 11, 'Permohonan Pembayaran', '2020-07-15 04:29:11', '2020-07-15 04:30:01', 50),
(325, 'AR-DPS/SRU/2020/VII/0035', 72, 3, 11, 'Faktur Penagihan', '2020-07-15 04:31:07', '2020-07-15 04:31:07', 50),
(326, 'AR-DPS/SRU/2020/VII/0036', 72, 3, 11, 'Permohonan Pembayaran', '2020-07-15 04:32:15', '2020-07-15 04:32:15', 50),
(327, 'AR-DPS/SRU/2020/VII/0037', 72, 3, 11, 'Faktur Penagihan', '2020-07-15 04:33:32', '2020-07-15 04:33:32', 50),
(328, 'AR-DPS/SRU/2020/VII/0038', 113, 3, 11, 'faktur Mei', '2020-07-15 04:34:27', '2020-07-15 04:34:27', 50),
(329, 'AR-DPS/SRU/2020/VII/0039', 113, 3, 11, 'Faktur Juni', '2020-07-15 04:35:59', '2020-07-15 04:35:59', 50),
(330, 'AR-SBY/SRU/2020/VII/0067', 59, 2, 11, 'Faktur (2005)', '2020-07-15 04:38:19', '2020-07-15 04:38:19', 44),
(331, 'AR-SBY/SRU/2020/VII/0068', 33, 2, 11, 'Faktur (0144, 0154, 0155)', '2020-07-15 04:42:56', '2020-07-15 04:42:56', 44),
(332, 'AR-SBY/SRU/2020/VII/0069', 28, 2, 11, 'Faktur (0257, 0276)', '2020-07-15 04:47:11', '2020-07-15 04:47:11', 44),
(333, 'AR-SBY/SRU/2020/VII/0070', 34, 2, 11, 'Faktur (0263)', '2020-07-15 04:50:46', '2020-07-15 04:50:46', 44),
(334, 'AR-SBY/SRU/2020/VII/0071', 36, 2, 11, 'Faktur (0343)', '2020-07-15 04:53:18', '2020-07-15 04:53:18', 44),
(335, 'AR-DPS/SRU/2020/VII/0040', 78, 3, 11, 'Permohonan Pembayaran', '2020-07-15 07:44:15', '2020-07-15 07:44:15', 50),
(336, 'FAT-SBY/SRU/2020/VII/0021', 31, 2, 12, 'Surat Pernyataan Pemotongan Pajak PSI-2006-1129', '2020-07-15 07:55:04', '2020-07-15 07:55:04', 80),
(337, 'FAT-SBY/SRU/2020/VII/0022', 31, 2, 12, 'Surat Permohonan Pembayaran PSI-2006-1129', '2020-07-15 07:55:40', '2020-07-15 07:55:40', 80),
(338, 'FAT-SBY/SRU/2020/VII/0023', 31, 2, 12, 'Surat Pernyataan Pemotongan Pajak PSI-2007-0058', '2020-07-15 08:38:42', '2020-07-15 08:38:42', 80),
(339, 'HD-SBY/SRU/2020/VII/0008', 17, 2, 6, 'Surat jadwal presentasi', '2020-07-16 02:16:50', '2020-07-16 02:16:50', 120),
(340, 'AR-SBY/SRU/2020/VII/0072', 20, 2, 11, 'Surat Pengantar', '2020-07-16 06:37:31', '2020-07-16 06:37:31', 44),
(341, 'FAT-SBY/SRU/2020/VII/0024', 31, 2, 12, 'TT faktur PSI-2006-1129', '2020-07-16 06:56:51', '2020-07-16 06:56:51', 80),
(342, 'FAT-SBY/SRU/2020/VII/0025', 68, 2, 12, 'TT Faktur PSI-2007-00567, PSI-2007-0438', '2020-07-17 07:40:29', '2020-07-17 07:40:29', 80),
(343, 'FAT-SBY/SRU/2020/VII/0026', 19, 2, 12, 'TT Faktur PSI-2007-0262', '2020-07-17 07:55:41', '2020-07-17 07:55:41', 80),
(344, 'FAT-SBY/SRU/2020/VII/0027', 21, 2, 12, 'TT faktur PSI-2007-0525', '2020-07-17 08:16:26', '2020-07-17 08:16:26', 80),
(345, 'FAT-SBY/SRU/2020/VII/0028', 31, 2, 12, 'TT faktur PSI-2007-0058', '2020-07-20 03:47:31', '2020-07-20 03:47:31', 80),
(346, 'AR-SBY/SRU/2020/VII/0073', 75, 2, 11, 'Faktur (1271)', '2020-07-20 07:18:34', '2020-07-20 07:18:34', 44),
(347, 'NHD-SBY/SRU/2020/VII/0008', 114, 2, 7, 'SURAT PENAWARAN HARGA BGM', '2020-07-20 09:24:10', '2020-07-20 09:24:10', 138),
(348, 'AR-SBY/SRU/2020/VII/0074', 15, 2, 11, NULL, '2020-07-21 01:58:40', '2020-07-21 01:58:40', 44),
(349, 'AR-SBY/SRU/2020/VII/0075', 15, 2, 11, NULL, '2020-07-21 01:58:56', '2020-07-21 01:58:56', 44),
(350, 'AR-SBY/SRU/2020/VII/0076', 15, 2, 11, NULL, '2020-07-21 02:00:38', '2020-07-21 02:00:38', 44),
(351, 'AR-SBY/SRU/2020/VII/0077', 15, 2, 11, NULL, '2020-07-21 02:00:52', '2020-07-21 02:00:52', 44),
(352, 'HD-SBY/SRU/2020/VII/0009', 115, 2, 6, 'Penawaran Kerjasama Hemodialisis', '2020-07-21 03:06:31', '2020-07-21 03:06:31', 97),
(353, 'AR-DPS/SRU/2020/VII/0041', 53, 3, 11, 'Surat Faktur', '2020-07-21 03:47:52', '2020-07-21 03:47:52', 44),
(354, 'AR-DPS/SRU/2020/VII/0042', 10, 3, 11, 'Surat Pengantar', '2020-07-21 03:52:40', '2020-07-21 03:52:40', 44),
(355, 'AR-DPS/SRU/2020/VII/0043', 116, 3, 11, 'Surat Pengantar', '2020-07-21 04:01:56', '2020-07-21 04:01:56', 44),
(356, 'AR-DPS/SRU/2020/VII/0044', 11, 3, 11, 'Surat Pengantar', '2020-07-21 04:03:04', '2020-07-21 04:03:04', 44),
(357, 'AR-DPS/SRU/2020/VII/0045', 12, 3, 11, 'Surat Pengantar', '2020-07-21 04:50:59', '2020-07-21 04:50:59', 44),
(358, 'AR-DPS/SRU/2020/VII/0046', 9, 3, 11, 'Surat Pengantar', '2020-07-21 04:54:42', '2020-07-21 04:54:42', 44),
(359, 'AR-DPS/SRU/2020/VII/0047', 14, 3, 11, 'Surat Pengantar', '2020-07-21 05:04:16', '2020-07-21 05:04:16', 44),
(360, 'AR-DPS/SRU/2020/VII/0048', 15, 3, 11, 'Surat Pengantar', '2020-07-21 05:08:01', '2020-07-21 05:08:01', 44),
(361, 'AR-DPS/SRU/2020/VII/0049', 16, 3, 11, 'Surat Pengantar', '2020-07-21 05:12:36', '2020-07-21 05:12:36', 44),
(362, 'AR-DPS/SRU/2020/VII/0050', 44, 3, 11, 'Surat Pengantar', '2020-07-21 05:15:57', '2020-07-21 05:15:57', 44),
(363, 'HD-SBY/SRU/2020/VII/0010', 21, 2, 6, 'PENAWARAN HARGA PSI-2007-1404 RSUD JOMBANG', '2020-07-21 06:19:48', '2020-07-21 06:19:48', 136),
(364, 'AR-SBY/SRU/2020/VII/0078', 32, 2, 11, 'Faktur-HD (0303)', '2020-07-21 06:22:56', '2020-07-21 06:22:56', 44),
(365, 'AR-DPS/SRU/2020/VII/0051', 43, 3, 11, 'Surat Pengantar', '2020-07-21 06:38:52', '2020-07-21 06:38:52', 44),
(366, 'AR-DPS/SRU/2020/VII/0052', 42, 3, 11, 'Surat Pengantar', '2020-07-21 06:42:58', '2020-07-21 06:42:58', 44),
(367, 'HD-SBY/SRU/2020/VII/0011', 20, 2, 6, 'Surat Pengakhiran KSO 2017-2022', '2020-07-21 08:08:01', '2020-07-21 08:08:01', 113),
(368, 'AR-SBY/SRU/2020/VII/0079', 117, 2, 11, 'Faktur Lunas (0897)', '2020-07-22 02:50:53', '2020-07-22 02:50:53', 44),
(369, 'AR-SBY/SRU/2020/VII/0080', 83, 2, 11, 'Faktur Lunas (1127, 2400, 2405)', '2020-07-22 03:04:50', '2020-07-22 03:04:50', 44),
(370, 'AR-SBY/SRU/2020/VII/0081', 36, 2, 11, 'Faktur (0153, 0234)', '2020-07-22 03:15:07', '2020-07-22 03:15:07', 44),
(371, 'AR-SBY/SRU/2020/VII/0082', 29, 2, 11, 'Faktur (0429, 0430)', '2020-07-22 03:17:51', '2020-07-22 03:21:26', 44),
(372, 'AR-SBY/SRU/2020/VII/0083', 35, 2, 11, 'Faktur (0435, 0436, 0437)', '2020-07-22 03:23:52', '2020-07-22 03:23:52', 44),
(373, 'AR-SBY/SRU/2020/VII/0084', 28, 2, 11, 'Faktur (0504, 0505)', '2020-07-22 03:27:58', '2020-07-22 03:27:58', 44),
(374, 'AR-SBY/SRU/2020/VII/0085', 63, 2, 11, 'Faktur (0506)', '2020-07-22 03:30:26', '2020-07-22 03:30:26', 44),
(375, 'AR-SBY/SRU/2020/VII/0086', 20, 2, 11, 'Surat Pengantar', '2020-07-22 04:58:07', '2020-07-22 04:58:07', 44),
(376, 'AR-SBY/SRU/2020/VII/0087', 47, 2, 11, 'Faktur (0642)', '2020-07-22 06:58:22', '2020-07-22 06:58:22', 44),
(377, 'AR-DPS/SRU/2020/VII/0053', 102, 3, 11, 'Surat Pengantar', '2020-07-23 03:41:31', '2020-07-23 03:41:31', 44),
(378, 'AR-SBY/SRU/2020/VII/0088', 23, 2, 11, 'Surat Permohonan Pembayaran PT NMU PESWA 20.070353 (0526, 0527)', '2020-07-23 04:05:09', '2020-07-23 04:05:09', 44),
(379, 'AR-SBY/SRU/2020/VII/0089', 23, 2, 11, 'Faktur (0526, 0527)', '2020-07-23 04:09:22', '2020-07-23 04:09:22', 44),
(380, 'FAT-SBY/SRU/2020/VII/0029', 68, 2, 12, 'TT faktur PSI-2007-0631, PSI-2007-0645', '2020-07-23 06:29:39', '2020-07-23 06:29:39', 80),
(381, 'AR-SBY/SRU/2020/VII/0090', 20, 2, 11, 'Surat Pengantar', '2020-07-23 07:03:58', '2020-07-23 07:03:58', 44),
(382, 'HD-SBY/SRU/2020/VII/0012', 25, 2, 6, 'PENAWARAN ATAS PSI-25007-0611; PSI-2007-1095 ; PSI-2007-1572', '2020-07-24 06:25:27', '2020-07-24 06:25:27', 136),
(383, 'AR-SBY/SRU/2020/VII/0091', 34, 2, 11, 'Faktur (0575)', '2020-07-24 07:41:35', '2020-07-24 07:41:35', 44),
(384, 'AR-SBY/SRU/2020/VII/0092', 28, 2, 11, 'Faktur (0503)', '2020-07-24 09:07:10', '2020-07-24 09:07:10', 44),
(385, 'AR-SBY/SRU/2020/VII/0093', 61, 2, 11, 'Faktur (0569, 0571)', '2020-07-24 09:08:39', '2020-07-24 09:08:39', 44),
(386, 'AR-DPS/SRU/2020/VII/0054', 118, 3, 11, 'FAKTUR', '2020-07-27 02:29:36', '2020-07-27 02:29:36', 50),
(387, 'FAT-SBY/SRU/2020/VII/0030', 48, 2, 12, 'TT faktur PSI-2007-0984, PSI-2007-0986', '2020-07-27 03:06:37', '2020-07-27 03:06:37', 80),
(388, 'FAT-SBY/SRU/2020/VII/0031', 76, 2, 12, 'TT faktur PSI-2007-0302, PSI-2007-0755', '2020-07-27 03:08:32', '2020-07-27 03:08:32', 80),
(389, 'AR-SBY/SRU/2020/VII/0094', 17, 2, 11, 'faktur 2007-1093', '2020-07-27 04:03:18', '2020-07-27 04:03:18', 79),
(390, 'AR-SBY/SRU/2020/VII/0095', 34, 2, 11, 'Faktur (0729)', '2020-07-27 06:39:07', '2020-07-27 06:39:36', 44),
(391, 'AR-SBY/SRU/2020/VII/0096', 61, 2, 11, 'Faktur (0569, 0571)', '2020-07-27 06:49:11', '2020-07-27 06:49:11', 44),
(392, 'AR-SBY/SRU/2020/VII/0097', 33, 2, 11, 'Faktur (0636)', '2020-07-27 06:50:02', '2020-07-27 06:50:02', 44),
(393, 'AR-SBY/SRU/2020/VII/0098', 56, 2, 11, 'Faktur (0641)', '2020-07-27 06:50:50', '2020-07-27 06:50:50', 44),
(394, 'AR-SBY/SRU/2020/VII/0099', 119, 2, 11, 'Faktur (0658)', '2020-07-27 06:51:52', '2020-07-27 06:51:52', 44),
(395, 'AR-SBY/SRU/2020/VII/0100', 59, 2, 11, 'Faktur (0731)', '2020-07-27 06:53:02', '2020-07-27 06:53:02', 44),
(396, 'AR-SBY/SRU/2020/VII/0101', 75, 2, 11, 'Surat Jalan Asli (0802)', '2020-07-27 06:54:30', '2020-07-27 06:54:30', 44),
(397, 'AR-SBY/SRU/2020/VII/0102', 75, 2, 11, 'Faktur (1760)', '2020-07-27 06:56:56', '2020-07-27 06:56:56', 44),
(398, 'AR-SBY/SRU/2020/VII/0103', 32, 2, 11, 'Faktur-HD (0766)', '2020-07-27 06:57:37', '2020-07-27 06:57:37', 44),
(399, 'AR-SBY/SRU/2020/VII/0104', 58, 2, 11, 'Faktur (0778)', '2020-07-27 06:59:15', '2020-07-27 06:59:15', 44),
(400, 'AR-SBY/SRU/2020/VII/0105', 27, 2, 11, 'Faktur (0845)', '2020-07-27 07:00:39', '2020-07-27 07:00:39', 44),
(401, 'AR-SBY/SRU/2020/VII/0106', 63, 2, 11, 'Faktur (0859)', '2020-07-27 07:02:16', '2020-07-27 07:02:16', 44),
(402, 'AR-SBY/SRU/2020/VII/0107', 29, 2, 11, 'Faktur (0981)', '2020-07-27 07:03:21', '2020-07-27 07:03:21', 44),
(403, 'AR-DPS/SRU/2020/VII/0055', 12, 3, 11, 'Surat Pengantar', '2020-07-27 08:10:17', '2020-07-27 08:10:17', 44),
(404, 'AR-DPS/SRU/2020/VII/0056', 9, 3, 11, 'Surat Pengantar', '2020-07-27 08:16:53', '2020-07-27 08:16:53', 44),
(405, 'AR-DPS/SRU/2020/VII/0057', 72, 3, 11, 'Surat Pengantar', '2020-07-27 08:27:55', '2020-07-27 08:27:55', 44),
(406, 'AR-DPS/SRU/2020/VII/0058', 15, 3, 11, 'Surat Pengantar', '2020-07-27 08:32:10', '2020-07-27 08:32:10', 44),
(407, 'AR-DPS/SRU/2020/VII/0059', 44, 3, 11, 'Surat Pengantar', '2020-07-27 08:35:48', '2020-07-27 08:35:48', 44),
(408, 'AR-DPS/SRU/2020/VII/0060', 14, 3, 11, 'Surat Pengantar', '2020-07-27 08:38:15', '2020-07-27 08:38:15', 44),
(409, 'AR-DPS/SRU/2020/VII/0061', 97, 3, 11, 'Surat Pengantar', '2020-07-27 08:49:35', '2020-07-27 08:49:35', 44),
(410, 'AR-SBY/SRU/2020/VII/0108', 36, 2, 11, 'Faktur (0613, 0614, 0615)', '2020-07-27 09:09:59', '2020-07-27 09:09:59', 44),
(411, 'FAT-SBY/SRU/2020/VII/0032', 120, 2, 12, 'Surat Permohonan Pembayaran', '2020-07-27 09:40:43', '2020-07-27 09:40:43', 80),
(412, 'AR-SBY/SRU/2020/VII/0109', 19, 2, 11, 'sph soedomo 2006-0357', '2020-07-28 02:34:11', '2020-07-28 02:34:11', 79),
(413, 'AR-SBY/SRU/2020/VII/0110', 19, 2, 11, 'permohonan pembayaran psi2006-0357', '2020-07-28 02:35:08', '2020-07-28 02:35:08', 79),
(414, 'HD-SBY/SRU/2020/VII/0013', 102, 2, 6, 'PENAWARAN SANGLAH PSI-2007-1777 ; PSI-2007-1778 ; PSI-2007-1776', '2020-07-28 05:46:20', '2020-07-28 05:46:20', 136),
(415, 'HD-SBY/SRU/2020/VII/0014', 78, 2, 6, 'Surat Pengantar Arsip Addendum ke 2', '2020-07-29 03:25:02', '2020-07-29 03:25:02', 113),
(416, 'AR-DPS/SRU/2020/VII/0062', 102, 3, 11, 'Surat Pengantar', '2020-07-29 06:18:55', '2020-07-29 06:18:55', 44),
(417, 'AR-SBY/SRU/2020/VII/0111', 66, 2, 11, 'faktur 2007-1182+2007-0977', '2020-07-29 07:09:02', '2020-07-29 07:09:02', 79),
(418, 'AR-SBY/SRU/2020/VII/0112', 121, 2, 11, 'faktur 2007-0502', '2020-07-29 07:23:47', '2020-07-29 07:23:47', 79),
(419, 'AR-DPS/SRU/2020/VII/0063', 53, 3, 11, 'Surat Pengantar', '2020-07-29 07:24:32', '2020-07-29 07:24:32', 44),
(420, 'AR-SBY/SRU/2020/VII/0113', 68, 2, 11, 'faktur 2007-0753,2007-1280,2007-1268', '2020-07-29 07:24:33', '2020-07-29 07:24:33', 79),
(421, 'AR-DPS/SRU/2020/VII/0064', 13, 3, 11, 'Surat Pengantar', '2020-07-29 07:24:50', '2020-07-29 07:24:50', 44),
(422, 'AR-DPS/SRU/2020/VII/0065', 11, 3, 11, 'Surat Pengantar', '2020-07-29 07:39:14', '2020-07-29 07:39:14', 44),
(423, 'AR-SBY/SRU/2020/VII/0114', 18, 2, 11, 'faktur psi-2007-1092,2007-0763,2007-0434', '2020-07-29 07:41:54', '2020-07-29 07:41:54', 79),
(424, 'AR-SBY/SRU/2020/VII/0115', 22, 2, 11, 'faktur psi 2007-1277,2007-0856,2007-0440', '2020-07-29 08:09:14', '2020-07-29 08:09:14', 79),
(425, 'AR-SBY/SRU/2020/VII/0116', 79, 2, 11, 'faktur 2007-1360', '2020-07-29 08:20:09', '2020-07-29 08:20:09', 79),
(426, 'AR-SBY/SRU/2020/VII/0117', 62, 2, 11, 'Faktur (0970)', '2020-07-29 09:22:05', '2020-07-29 09:22:05', 44),
(427, 'AR-SBY/SRU/2020/VII/0118', 29, 2, 11, 'Faktur (1007, 1009, 1012)', '2020-07-29 09:24:19', '2020-07-29 09:24:19', 44),
(428, 'AR-SBY/SRU/2020/VII/0119', 34, 2, 11, 'Faktur (1080)', '2020-07-29 09:27:43', '2020-07-29 09:27:43', 44),
(429, 'AR-SBY/SRU/2020/VII/0120', 34, 2, 11, 'Faktur (1263)', '2020-07-29 09:28:53', '2020-07-29 09:28:53', 44),
(430, 'AR-SBY/SRU/2020/VII/0121', 85, 2, 11, 'Faktur (1078, 1079)', '2020-07-29 09:30:18', '2020-07-29 09:30:18', 44),
(431, 'AR-SBY/SRU/2020/VII/0122', 61, 2, 11, 'Faktur (1089)', '2020-07-29 09:34:50', '2020-07-29 09:34:50', 44),
(432, 'AR-SBY/SRU/2020/VII/0123', 32, 2, 11, 'Faktur-HD (1090, 1091)', '2020-07-29 09:42:07', '2020-07-29 09:42:07', 44),
(433, 'AR-SBY/SRU/2020/VII/0124', 33, 2, 11, 'Faktur (1174)', '2020-07-29 09:54:05', '2020-07-29 09:54:05', 44),
(434, 'AR-SBY/SRU/2020/VII/0125', 28, 2, 11, 'Faktur (1269)', '2020-07-29 09:57:55', '2020-07-29 09:57:55', 44),
(435, 'FAT-SBY/SRU/2020/VII/0033', 80, 2, 12, 'TT faktur PSI-2006-1595, PSI-2007-1522', '2020-07-30 01:40:58', '2020-07-30 01:40:58', 80),
(436, 'FAT-SBY/SRU/2020/VII/0034', 80, 2, 12, 'Surat Permohonan Pembayaran', '2020-07-30 01:42:23', '2020-07-30 01:42:23', 80),
(437, 'NHD-SBY/SRU/2020/VII/0009', 123, 2, 7, 'SURAT PENAWARAN HARGA', '2020-07-30 01:43:46', '2020-07-30 01:49:56', 138),
(438, 'FAT-SBY/SRU/2020/VII/0035', 21, 2, 12, 'TT faktur PSI-2007-0524, PSI-2007-1404', '2020-07-30 01:44:34', '2020-07-30 01:44:34', 80),
(439, 'FAT-SBY/SRU/2020/VII/0036', 46, 2, 12, 'TT Faktur PSI-2007-1479', '2020-07-30 01:45:07', '2020-07-30 01:45:07', 80);
INSERT INTO `surat_eksternal` (`id`, `no_surat`, `tujuan_id`, `cabang_id`, `dept_id`, `keterangan`, `created_at`, `updated_at`, `created_by`) VALUES
(440, 'NHD-SBY/SRU/2020/VII/0010', 124, 2, 7, 'SURAT PENAWARAN HARGA ID BAND', '2020-07-30 01:50:52', '2020-07-30 01:50:52', 138),
(441, 'NHD-SBY/SRU/2020/VII/0011', 122, 2, 7, 'SURAT PENAWARAN HARGA ID BAND', '2020-07-30 01:51:16', '2020-07-30 01:51:16', 138),
(442, 'AR-SBY/SRU/2020/VII/0126', 54, 2, 11, 'permohonan pembayaran faktur juli', '2020-07-30 03:39:16', '2020-07-30 03:39:37', 79),
(443, 'AR-SBY/SRU/2020/VII/0127', 54, 2, 11, 'faktur juli', '2020-07-30 04:16:53', '2020-07-30 04:16:53', 79),
(444, 'AR-SBY/SRU/2020/VII/0128', 89, 2, 11, 'sph faktutr juli hd', '2020-07-30 09:20:26', '2020-07-30 09:20:26', 79),
(445, 'AR-SBY/SRU/2020/VII/0129', 20, 2, 11, 'Surat Pengantar', '2020-07-30 09:48:28', '2020-07-30 09:48:28', 44),
(446, 'AR-SBY/SRU/2020/VIII/0001', 19, 2, 11, 'sph psi-2007-0262', '2020-08-03 02:27:46', '2020-08-03 02:27:46', 79),
(447, 'HD-SBY/SRU/2020/VIII/0001', 87, 2, 6, 'PRA PENAWARAN HD PACK KEBUTUHAN AGUSTUS', '2020-08-03 02:59:36', '2020-08-03 02:59:36', 137),
(448, 'AR-SBY/SRU/2020/VIII/0002', 19, 2, 11, 'permohonan pembayaran 2007-0262', '2020-08-03 03:00:58', '2020-08-03 03:00:58', 79),
(449, 'FAT-SBY/SRU/2020/VIII/0001', 94, 2, 12, 'TT faktur PSI-2007-0842', '2020-08-03 04:16:52', '2020-08-03 04:16:52', 80),
(450, 'AR-SBY/SRU/2020/VIII/0003', 125, 2, 11, 'faktur psi-2007-1604', '2020-08-03 06:15:05', '2020-08-03 06:15:05', 79),
(451, 'AR-SBY/SRU/2020/VIII/0004', 89, 2, 11, 'permohonan pembayaran hd juli', '2020-08-03 07:01:11', '2020-08-03 07:01:11', 79),
(452, 'AR-SBY/SRU/2020/VIII/0005', 89, 2, 11, 'tanda terima faktur hd bln juli', '2020-08-03 07:19:42', '2020-08-03 07:19:42', 79),
(453, 'FAT-SBY/SRU/2020/VIII/0002', 94, 2, 12, 'TT faktur PSI-2007-1474, PSI-2007-0067, PSI-2007-0068', '2020-08-03 08:49:49', '2020-08-03 08:49:49', 80),
(454, 'AR-SBY/SRU/2020/VIII/0006', 25, 2, 11, 'tanda terima faktur ngudi bln juli', '2020-08-03 09:55:27', '2020-08-03 09:55:27', 79),
(455, 'AR-SBY/SRU/2020/VIII/0007', 103, 2, 11, 'faktur juli', '2020-08-04 03:58:55', '2020-08-04 03:58:55', 79),
(456, 'AR-DPS/SRU/2020/VIII/0001', 13, 3, 11, 'Surat Pengantar', '2020-08-04 04:54:17', '2020-08-04 04:54:17', 44),
(457, 'AR-DPS/SRU/2020/VIII/0002', 43, 3, 11, 'Surat Pengantar', '2020-08-04 05:07:50', '2020-08-04 05:07:50', 44),
(458, 'AR-DPS/SRU/2020/VIII/0003', 10, 3, 11, 'Surat Pengantar', '2020-08-04 05:13:51', '2020-08-04 05:13:51', 44),
(459, 'AR-DPS/SRU/2020/VIII/0004', 52, 3, 11, 'Surat Pengantar', '2020-08-04 05:18:09', '2020-08-04 05:18:09', 44),
(460, 'AR-DPS/SRU/2020/VIII/0005', 16, 3, 11, 'Surat Pengantar', '2020-08-04 05:23:58', '2020-08-04 05:23:58', 44),
(461, 'AR-DPS/SRU/2020/VIII/0006', 15, 3, 11, 'Surat Pengantar', '2020-08-04 05:32:40', '2020-08-04 05:32:40', 44),
(462, 'AR-DPS/SRU/2020/VIII/0007', 72, 3, 11, 'Surat Pengantar', '2020-08-04 05:36:00', '2020-08-04 05:36:00', 44),
(463, 'AR-DPS/SRU/2020/VIII/0008', 9, 3, 11, 'Surat Pengantar', '2020-08-04 05:42:34', '2020-08-04 05:42:34', 44),
(464, 'AR-SBY/SRU/2020/VIII/0008', 22, 2, 11, 'faktur 3007-1457', '2020-08-04 06:19:39', '2020-08-04 06:19:39', 79),
(465, 'AR-SBY/SRU/2020/VIII/0009', 19, 2, 11, 'tanda terima faktur psi-2007-1361', '2020-08-04 06:49:35', '2020-08-04 06:49:35', 79),
(466, 'HD-SBY/SRU/2020/VIII/0002', 66, 2, 6, 'surat pengantar arsip addendum ke-1', '2020-08-04 06:57:57', '2020-08-04 06:57:57', 97),
(467, 'AR-SBY/SRU/2020/VIII/0010', 75, 2, 11, 'Surat Jalan (1328)', '2020-08-04 07:39:51', '2020-08-04 07:39:51', 44),
(468, 'AR-SBY/SRU/2020/VIII/0011', 112, 2, 11, 'penawaran psi-2007-1812', '2020-08-04 07:50:08', '2020-08-04 07:50:08', 79),
(469, 'FAT-SBY/SRU/2020/VIII/0003', 96, 2, 12, 'TT faktur PSI-2007-0730', '2020-08-04 08:42:28', '2020-08-04 08:42:28', 80),
(470, 'AR-SBY/SRU/2020/VIII/0012', 112, 2, 11, 'sph psi-2007-1981', '2020-08-04 08:55:24', '2020-08-04 08:55:24', 79),
(471, 'NHD-SBY/SRU/2020/VIII/0001', 87, 2, 7, 'srt pernawaran NHD', '2020-08-04 09:05:41', '2020-08-04 09:05:41', 88),
(472, 'FAT-SBY/SRU/2020/VIII/0004', 76, 2, 12, 'TT faktur PSI-2007-1460, PSI-2007-1184', '2020-08-04 09:13:28', '2020-08-04 09:13:28', 80),
(473, 'AR-SBY/SRU/2020/VIII/0013', 32, 2, 11, 'Faktur (1285, 1291)', '2020-08-04 09:25:53', '2020-08-04 09:25:53', 44),
(474, 'AR-SBY/SRU/2020/VIII/0014', 59, 2, 11, 'Faktur (1363, 1466)', '2020-08-04 09:35:24', '2020-08-04 09:35:24', 44),
(475, 'AR-SBY/SRU/2020/VIII/0015', 61, 2, 11, 'Faktur (1403)', '2020-08-04 09:38:53', '2020-08-04 09:38:53', 44),
(476, 'AR-SBY/SRU/2020/VIII/0016', 28, 2, 11, 'Faktur (1417, 1418)', '2020-08-04 09:50:48', '2020-08-04 09:50:48', 44),
(477, 'FAT-SBY/SRU/2020/VIII/0005', 88, 2, 12, 'BA PSI-2007-0861, PSI-2007-1977', '2020-08-05 04:29:02', '2020-08-05 04:29:02', 80),
(478, 'AR-SBY/SRU/2020/VIII/0017', 103, 2, 11, 'sph psi-2006-1209', '2020-08-05 07:52:40', '2020-08-05 07:52:40', 79),
(479, 'AR-SBY/SRU/2020/VIII/0018', 75, 2, 11, 'Faktur (0231)', '2020-08-05 07:55:03', '2020-08-05 07:55:03', 44),
(480, 'AR-SBY/SRU/2020/VIII/0019', 29, 2, 11, 'Faktur (1461, 1462)', '2020-08-05 09:53:20', '2020-08-05 09:53:20', 44),
(481, 'AR-SBY/SRU/2020/VIII/0020', 89, 2, 11, 'sph mardi nhd juli', '2020-08-06 03:38:09', '2020-08-06 03:38:09', 79),
(482, 'AR-SBY/SRU/2020/VIII/0021', 89, 2, 11, 'prmohonan pembayaran nhd juli', '2020-08-06 03:38:36', '2020-08-06 03:38:36', 79),
(483, 'AR-SBY/SRU/2020/VIII/0022', 89, 2, 11, 'tanda terima faktur nhd juli', '2020-08-06 03:39:22', '2020-08-06 03:39:22', 79),
(484, 'HD-SBY/SRU/2020/VIII/0003', 21, 2, 6, 'PENAWARAN HARGA PSI-2008-0134', '2020-08-06 03:56:03', '2020-08-06 03:56:03', 136),
(485, 'AR-SBY/SRU/2020/VIII/0023', 34, 2, 11, 'Faktur (1558)', '2020-08-06 04:21:29', '2020-08-06 04:21:29', 44),
(486, 'AR-SBY/SRU/2020/VIII/0024', 23, 2, 11, 'Faktur (1561)', '2020-08-06 04:27:29', '2020-08-06 04:27:29', 44),
(487, 'AR-SBY/SRU/2020/VIII/0025', 23, 2, 11, 'Surat Permohonan Pembayaran PESWA 20.071027 (1561)', '2020-08-06 04:29:39', '2020-08-06 04:29:39', 44),
(488, 'AR-SBY/SRU/2020/VIII/0026', 63, 2, 11, 'Faktur (1564, 1566)', '2020-08-06 04:40:03', '2020-08-06 04:40:03', 44),
(489, 'AR-SBY/SRU/2020/VIII/0027', 33, 2, 11, 'Faktur (1637)', '2020-08-06 04:43:05', '2020-08-06 04:43:05', 44),
(490, 'HD-SBY/SRU/2020/VIII/0004', 25, 2, 6, 'PENAWARAN NGUDI WALUYO KEBUTUHAN AGUSTUS 2020', '2020-08-06 04:45:36', '2020-08-06 04:45:36', 136),
(491, 'AR-SBY/SRU/2020/VIII/0028', 45, 2, 11, 'tanda terima faktur 2007-1636', '2020-08-06 05:38:32', '2020-08-06 05:38:32', 79),
(492, 'FAT-SBY/SRU/2020/VIII/0006', 21, 2, 12, 'TT faktur PSI-2007-0764, PSI-2007-0826, PSI-2007-1811', '2020-08-06 06:25:58', '2020-08-06 06:25:58', 80),
(493, 'FAT-SBY/SRU/2020/VIII/0007', 93, 2, 12, 'TT Faktur PSI-2007-1811', '2020-08-06 06:26:50', '2020-08-06 06:26:50', 80),
(494, 'AR-SBY/SRU/2020/VIII/0029', 17, 2, 11, 'tanda terima faktur 2007-1808+1562', '2020-08-06 07:18:30', '2020-08-06 07:18:30', 79),
(495, 'AR-SBY/SRU/2020/VIII/0030', 22, 2, 11, 'tanda terima psi-2007-1646+2007-1464', '2020-08-06 07:27:44', '2020-08-06 07:27:44', 79),
(496, 'AR-SBY/SRU/2020/VIII/0031', 68, 2, 11, 'tanda terima faktur psi-2007-1553', '2020-08-06 07:57:27', '2020-08-06 07:57:27', 79),
(497, 'FAT-SBY/SRU/2020/VIII/0008', 95, 2, 12, 'TT Faktur PSI-2007-2132', '2020-08-06 08:59:06', '2020-08-06 08:59:06', 80),
(498, 'FAT-SBY/SRU/2020/VIII/0009', 69, 2, 12, 'TT faktur PSI-2007-1183, PSI-2007-1928', '2020-08-06 09:20:12', '2020-08-06 09:20:12', 80),
(499, 'FAT-SBY/SRU/2020/VIII/0010', 69, 2, 12, 'TT faktur PSI-2007-2014', '2020-08-06 09:34:50', '2020-08-06 09:34:50', 80),
(500, 'AR-DPS/SRU/2020/VIII/0009', 12, 3, 11, 'Surat Pengantar', '2020-08-07 02:59:06', '2020-08-07 02:59:06', 44),
(501, 'AR-DPS/SRU/2020/VIII/0010', 16, 3, 11, 'Surat Pengantar', '2020-08-07 03:05:06', '2020-08-07 03:05:06', 44),
(502, 'AR-DPS/SRU/2020/VIII/0011', 14, 3, 11, 'Surat Pengantar', '2020-08-07 03:08:15', '2020-08-07 03:08:15', 44),
(503, 'AR-DPS/SRU/2020/VIII/0012', 15, 3, 11, 'Surat Pengantar', '2020-08-07 03:18:55', '2020-08-07 03:18:55', 44),
(504, 'AR-DPS/SRU/2020/VIII/0013', 10, 3, 11, 'Surat Pengantar', '2020-08-07 03:22:44', '2020-08-07 03:22:44', 44),
(505, 'AR-DPS/SRU/2020/VIII/0014', 11, 3, 11, 'Surat Pengantar', '2020-08-07 03:33:04', '2020-08-07 03:33:04', 44),
(506, 'AR-DPS/SRU/2020/VIII/0015', 52, 3, 11, 'Surat Pengantar', '2020-08-07 03:38:53', '2020-08-07 03:38:53', 44),
(507, 'AR-DPS/SRU/2020/VIII/0016', 42, 3, 11, 'Surat Pengantar', '2020-08-07 03:44:46', '2020-08-07 03:44:46', 44),
(508, 'AR-DPS/SRU/2020/VIII/0017', 13, 3, 11, 'Surat Pengantar', '2020-08-07 03:49:40', '2020-08-07 03:49:40', 44),
(509, 'AR-DPS/SRU/2020/VIII/0018', 43, 3, 11, 'Surat Pengantar', '2020-08-07 04:00:52', '2020-08-07 04:00:52', 44),
(510, 'AR-DPS/SRU/2020/VIII/0019', 101, 3, 11, 'Surat Pengantar', '2020-08-07 04:06:40', '2020-08-07 04:06:40', 44),
(511, 'AR-DPS/SRU/2020/VIII/0020', 9, 3, 11, 'Surat Pengantar', '2020-08-07 04:11:05', '2020-08-07 04:11:05', 44),
(512, 'HD-SBY/SRU/2020/VIII/0005', 126, 2, 6, 'Pernawaran Kerjasama Hemodialisa', '2020-08-10 03:10:38', '2020-08-10 03:10:38', 113),
(513, 'HD-SBY/SRU/2020/VIII/0006', 127, 2, 6, 'Penawaran Kerjasama Hemodialisa', '2020-08-10 04:42:37', '2020-08-10 04:42:37', 113),
(514, 'FAT-SBY/SRU/2020/VIII/0011', 96, 2, 12, 'TT faktur PSI-2007-1927', '2020-08-10 10:06:01', '2020-08-10 10:06:01', 80),
(515, 'AR-SBY/SRU/2020/VIII/0032', 41, 2, 11, 'sph psi-2008-0005', '2020-08-11 04:12:16', '2020-08-11 04:12:16', 79),
(516, 'HD-SBY/SRU/2020/VIII/0007', 102, 2, 6, 'PENAWARAN TINDAKAN JULI PSI-2008-0560; PSI-2008-0561; PSI-2008-0562', '2020-08-11 04:15:06', '2020-08-11 04:15:06', 136),
(517, 'AR-SBY/SRU/2020/VIII/0033', 20, 2, 11, 'Surat Pengantar', '2020-08-11 09:29:43', '2020-08-11 09:29:43', 44),
(518, 'AR-SBY/SRU/2020/VIII/0034', 20, 2, 11, 'Surat Pengantar', '2020-08-11 09:31:18', '2020-08-11 09:31:18', 44),
(519, 'NHD-SBY/SRU/2020/VIII/0002', 128, 2, 7, 'SURAT PENAWARAN HARGA ID BAND', '2020-08-11 09:35:05', '2020-08-11 09:35:05', 138),
(520, 'FAT-SBY/SRU/2020/VIII/0012', 31, 2, 12, 'TT faktur PSI-2007-1809, PSI-2007-0897', '2020-08-11 09:54:00', '2020-08-11 09:54:00', 80),
(521, 'AR-DPS/SRU/2020/VIII/0021', 15, 3, 11, 'Surat Pengantar', '2020-08-12 03:47:03', '2020-08-12 03:47:03', 44),
(522, 'AR-DPS/SRU/2020/VIII/0022', 16, 3, 11, 'Surat Pengantar', '2020-08-12 04:00:25', '2020-08-12 04:00:25', 44),
(523, 'AR-DPS/SRU/2020/VIII/0023', 72, 3, 11, 'Surat Pengantar', '2020-08-12 04:04:01', '2020-08-12 04:04:01', 44),
(524, 'AR-DPS/SRU/2020/VIII/0024', 12, 3, 11, 'Surat Pengantar', '2020-08-12 04:08:44', '2020-08-12 04:08:44', 44),
(525, 'HD-SBY/SRU/2020/VIII/0008', 21, 2, 6, 'PENAWARAN HARGA PSI-2008-0621', '2020-08-12 04:21:21', '2020-08-12 04:21:21', 136),
(526, 'AR-DPS/SRU/2020/VIII/0025', 101, 3, 11, 'Surat Pengantar', '2020-08-12 04:29:52', '2020-08-12 04:29:52', 44),
(527, 'AR-DPS/SRU/2020/VIII/0026', 53, 3, 11, 'Surat Pengantar', '2020-08-12 06:14:42', '2020-08-12 06:14:42', 44),
(528, 'AR-DPS/SRU/2020/VIII/0027', 10, 3, 11, 'Surat Pengantar', '2020-08-12 06:23:07', '2020-08-12 06:23:07', 44),
(529, 'AR-DPS/SRU/2020/VIII/0028', 97, 3, 11, 'Surat Pengantar', '2020-08-12 06:35:12', '2020-08-12 06:35:12', 44),
(530, 'AR-DPS/SRU/2020/VIII/0029', 11, 3, 11, 'Surat Pengantar', '2020-08-12 06:38:50', '2020-08-12 06:38:50', 44),
(531, 'AR-DPS/SRU/2020/VIII/0030', 101, 3, 11, 'Surat Pembayaran', '2020-08-12 07:14:10', '2020-08-12 07:14:10', 50),
(532, 'AR-DPS/SRU/2020/VIII/0031', 9, 3, 11, 'Surat Pengantar', '2020-08-12 08:42:40', '2020-08-12 08:42:40', 44),
(533, 'AR-DPS/SRU/2020/VIII/0032', 102, 3, 11, 'Surat Pengantar', '2020-08-12 08:44:31', '2020-08-12 08:44:31', 44),
(534, 'AR-SBY/SRU/2020/VIII/0035', 28, 2, 11, 'Faktur (1655)', '2020-08-12 09:02:33', '2020-08-12 09:02:33', 44),
(535, 'AR-SBY/SRU/2020/VIII/0036', 62, 2, 11, 'Faktur (1758, 1921)', '2020-08-12 09:04:24', '2020-08-12 09:04:24', 44),
(536, 'AR-SBY/SRU/2020/VIII/0037', 32, 2, 11, 'Faktur HD (1759)', '2020-08-12 09:08:13', '2020-08-12 09:08:13', 44),
(537, 'AR-SBY/SRU/2020/VIII/0038', 26, 2, 11, 'Faktur (1761)', '2020-08-12 09:10:15', '2020-08-12 09:10:15', 44),
(538, 'AR-SBY/SRU/2020/VIII/0039', 47, 2, 11, 'Surat Keterangan No. Rekening PT SRU (1764)', '2020-08-12 09:11:59', '2020-08-12 09:11:59', 44),
(539, 'AR-SBY/SRU/2020/VIII/0040', 29, 2, 11, 'Faktur (1922)', '2020-08-12 09:13:39', '2020-08-12 09:13:39', 44),
(540, 'AR-SBY/SRU/2020/VIII/0041', 85, 2, 11, 'Faktur (1925, 1926)', '2020-08-12 09:15:35', '2020-08-12 09:15:35', 44),
(541, 'AR-SBY/SRU/2020/VIII/0042', 34, 2, 11, 'Faktur (1932)', '2020-08-12 09:18:13', '2020-08-12 09:18:13', 44),
(542, 'AR-SBY/SRU/2020/VIII/0043', 35, 2, 11, 'Faktur (1938, 1939)', '2020-08-12 09:19:58', '2020-08-12 09:19:58', 44),
(543, 'AR-SBY/SRU/2020/VIII/0044', 63, 2, 11, 'Faktur (1766)', '2020-08-13 04:46:45', '2020-08-13 04:46:45', 44),
(544, 'AR-SBY/SRU/2020/VIII/0045', 27, 2, 11, 'Faktur (1767)', '2020-08-13 04:47:19', '2020-08-13 04:47:19', 44),
(545, 'AR-SBY/SRU/2020/VIII/0046', 35, 2, 11, 'Faktur (1810, 1813)', '2020-08-13 04:48:37', '2020-08-13 04:48:37', 44),
(546, 'AR-SBY/SRU/2020/VIII/0047', 28, 2, 11, 'Faktur (1895, 1899)', '2020-08-13 04:53:43', '2020-08-13 04:53:43', 44),
(547, 'AR-SBY/SRU/2020/VIII/0048', 36, 2, 11, 'Faktur (1894, 1949)', '2020-08-13 04:56:26', '2020-08-13 04:56:26', 44),
(548, 'AR-SBY/SRU/2020/VIII/0049', 58, 2, 11, 'Faktur (2089, 2090)', '2020-08-13 04:59:24', '2020-08-13 04:59:24', 44),
(549, 'AR-SBY/SRU/2020/VIII/0050', 19, 2, 11, 'tanda terima faktur psi-2008-0129', '2020-08-13 07:22:11', '2020-08-13 07:22:11', 79),
(550, 'AR-SBY/SRU/2020/VIII/0051', 75, 2, 11, 'Faktur (0868)', '2020-08-13 07:39:34', '2020-08-13 07:39:34', 44),
(551, 'AR-SBY/SRU/2020/VIII/0052', 75, 2, 11, 'Copy Surat Jalan (1863)', '2020-08-13 07:40:38', '2020-08-13 07:40:38', 44),
(552, 'AR-SBY/SRU/2020/VIII/0053', 22, 2, 11, 'FAKTUR PSI-2007-2135+2008-023 7', '2020-08-13 07:51:13', '2020-08-13 07:51:13', 79),
(553, 'FAT-SBY/SRU/2020/VIII/0013', 80, 2, 12, 'TT faktur PSI-2007-1955, PSI-2008-0322', '2020-08-13 08:07:46', '2020-08-13 08:07:46', 80),
(554, 'AR-SBY/SRU/2020/VIII/0054', 20, 2, 11, 'Surat Pengantar', '2020-08-13 08:27:21', '2020-08-13 08:27:21', 44),
(555, 'HD-SBY/SRU/2020/VIII/0009', 10, 2, 6, 'Surat Pengantar Arsip Addendum 1', '2020-08-14 03:14:41', '2020-08-14 03:14:41', 113),
(556, 'AR-DPS/SRU/2020/VIII/0033', 14, 3, 11, 'Surat Pengantar', '2020-08-18 04:07:10', '2020-08-18 04:07:10', 44),
(557, 'AR-DPS/SRU/2020/VIII/0034', 44, 3, 11, 'Surat Pengantar', '2020-08-18 04:26:44', '2020-08-18 04:26:44', 44),
(558, 'AR-DPS/SRU/2020/VIII/0035', 16, 3, 11, 'Surat Pengantar', '2020-08-18 04:29:50', '2020-08-18 04:29:50', 44),
(559, 'AR-DPS/SRU/2020/VIII/0036', 11, 3, 11, 'Surat Pengantar', '2020-08-18 04:32:01', '2020-08-18 04:32:01', 44),
(560, 'AR-DPS/SRU/2020/VIII/0037', 10, 3, 11, 'Surat Pengantar', '2020-08-18 04:40:35', '2020-08-18 04:40:35', 44),
(561, 'AR-SBY/SRU/2020/VIII/0055', 129, 2, 11, 'permohoanan pembayaran atas faktur 2008-0155', '2020-08-18 06:45:10', '2020-08-18 06:45:10', 79),
(562, 'HD-SBY/SRU/2020/VIII/0010', 87, 2, 6, 'PENAWARAN HARGA RSSA', '2020-08-18 07:46:49', '2020-08-18 07:46:49', 136),
(563, 'NHD-SBY/SRU/2020/VIII/0003', 54, 2, 7, 'srt penwarahan harga id band', '2020-08-18 08:07:02', '2020-08-18 08:07:02', 88),
(564, 'NHD-SBY/SRU/2020/VIII/0004', 130, 2, 7, 'SRT PENAWARAN BGM', '2020-08-18 08:12:05', '2020-08-18 08:12:05', 88),
(565, 'NHD-SBY/SRU/2020/VIII/0005', 131, 2, 7, 'SRT PENAWARAN HARGA BGM', '2020-08-18 08:12:28', '2020-08-18 08:12:28', 88),
(566, 'NHD-SBY/SRU/2020/VIII/0006', 132, 2, 7, 'SRT PENWARAN HARGA ID BAND', '2020-08-18 08:12:53', '2020-08-18 08:12:53', 88),
(567, 'FAT-SBY/SRU/2020/VIII/0014', 111, 2, 12, 'Penawaran PSI-2007-1173', '2020-08-18 09:10:52', '2020-08-18 09:10:52', 80),
(568, 'AR-SBY/SRU/2020/VIII/0056', 66, 2, 11, 'faktur 2008-0513+2008-0314', '2020-08-18 09:16:54', '2020-08-18 09:16:54', 79),
(569, 'AR-SBY/SRU/2020/VIII/0057', 79, 2, 11, 'faktur 2008-0539+2008-0602+2008-0037', '2020-08-18 09:47:25', '2020-08-18 09:47:25', 79),
(570, 'AR-SBY/SRU/2020/VIII/0058', 87, 2, 11, 'referensi bank jatim hd pack juli', '2020-08-18 10:33:06', '2020-08-18 10:33:06', 79),
(571, 'NHD-SBY/SRU/2020/VIII/0007', 133, 2, 7, 'SRT PENWARAN HARGA BGM', '2020-08-19 02:30:06', '2020-08-19 02:30:06', 88),
(572, 'NHD-SBY/SRU/2020/VIII/0008', 133, 2, 7, 'SRT PENAWARAN HARGA ID BAND', '2020-08-19 02:30:31', '2020-08-19 02:30:31', 88),
(573, 'NHD-SBY/SRU/2020/VIII/0009', 134, 2, 7, 'SRT PENAWARAN HARGA ID BAND', '2020-08-19 02:30:55', '2020-08-19 02:30:55', 88),
(574, 'NHD-SBY/SRU/2020/VIII/0010', 130, 2, 7, 'srt penawaran harga alkes', '2020-08-19 02:51:18', '2020-08-19 02:51:18', 88),
(575, 'NHD-SBY/SRU/2020/VIII/0011', 130, 2, 7, 'srt penawaran harga label band', '2020-08-19 02:53:12', '2020-08-19 02:53:12', 88),
(576, 'FAT-SBY/SRU/2020/VIII/0015', 96, 2, 12, 'TT faktur PSI-2008-0489', '2020-08-19 03:22:00', '2020-08-19 03:22:00', 80),
(577, 'HD-SBY/SRU/2020/VIII/0011', 135, 2, 6, 'Surat Permohonan Perpanjangan KSO', '2020-08-19 03:45:18', '2020-08-19 03:45:18', 113),
(578, 'FAT-SBY/SRU/2020/VIII/0016', 24, 2, 12, 'TT faktur PSI-2008-0045, PSI-2008-0531', '2020-08-19 04:05:15', '2020-08-19 04:05:15', 80),
(579, 'AR-SBY/SRU/2020/VIII/0059', 75, 2, 11, 'Faktur (1309)', '2020-08-19 06:31:22', '2020-08-19 06:31:22', 44),
(580, 'AR-DPS/SRU/2020/VIII/0038', 72, 3, 11, 'Permohonan Pembayaran', '2020-08-19 06:40:05', '2020-08-19 06:40:05', 50),
(581, 'AR-DPS/SRU/2020/VIII/0039', 72, 3, 11, 'Faktur Penagihan', '2020-08-19 06:41:20', '2020-08-19 06:41:20', 50),
(582, 'AR-DPS/SRU/2020/VIII/0040', 72, 3, 11, 'Permohonan Pembayaran', '2020-08-19 06:42:23', '2020-08-19 06:42:23', 50),
(583, 'AR-DPS/SRU/2020/VIII/0041', 72, 3, 11, 'Faktur Penagihan', '2020-08-19 06:43:48', '2020-08-19 06:43:48', 50),
(584, 'AR-DPS/SRU/2020/VIII/0042', 72, 3, 11, 'Permohonan Pembayaran', '2020-08-19 06:44:59', '2020-08-19 06:44:59', 50),
(585, 'AR-DPS/SRU/2020/VIII/0043', 72, 3, 11, 'Faktur Penagihan', '2020-08-19 06:45:19', '2020-08-19 06:45:19', 50),
(586, 'AR-DPS/SRU/2020/VIII/0044', 72, 3, 11, 'Permohonan Pembayaran', '2020-08-19 06:46:49', '2020-08-19 06:46:49', 50),
(587, 'AR-DPS/SRU/2020/VIII/0045', 72, 3, 11, 'Faktur Penagihan', '2020-08-19 06:47:19', '2020-08-19 06:47:19', 50),
(588, 'AR-SBY/SRU/2020/VIII/0060', 34, 2, 11, 'Faktur (1762)', '2020-08-19 06:58:05', '2020-08-19 06:58:05', 44),
(589, 'AR-SBY/SRU/2020/VIII/0061', 33, 2, 11, 'Faktur (2131)', '2020-08-19 07:00:01', '2020-08-19 07:00:01', 44),
(590, 'AR-SBY/SRU/2020/VIII/0062', 36, 2, 11, 'Faktur (2134)', '2020-08-19 07:01:08', '2020-08-19 07:01:08', 44),
(591, 'AR-SBY/SRU/2020/VIII/0063', 28, 2, 11, 'Faktur (2158, 2159, 2161)', '2020-08-19 07:03:23', '2020-08-19 07:03:23', 44),
(592, 'AR-SBY/SRU/2020/VIII/0064', 56, 2, 11, 'Faktur (0003)', '2020-08-19 07:12:29', '2020-08-19 07:12:29', 44),
(593, 'FAT-SBY/SRU/2020/VIII/0017', 46, 2, 12, 'TT faktur PSI-2008-0700', '2020-08-19 07:45:36', '2020-08-19 07:45:36', 80),
(594, 'AR-SBY/SRU/2020/VIII/0065', 61, 2, 11, 'Faktur (0007, 0038, 0092)', '2020-08-19 07:49:19', '2020-08-19 08:02:05', 44),
(595, 'AR-SBY/SRU/2020/VIII/0066', 83, 2, 11, 'Faktur Lunas (1535)', '2020-08-19 07:50:46', '2020-08-19 07:50:46', 44),
(596, 'AR-SBY/SRU/2020/VIII/0067', 136, 2, 11, 'Faktur Lunas (1360)', '2020-08-19 07:53:59', '2020-08-19 07:53:59', 44),
(597, 'AR-SBY/SRU/2020/VIII/0068', 137, 2, 11, 'Faktur Lunas (1062)', '2020-08-19 07:56:49', '2020-08-19 07:56:49', 44),
(598, 'AR-SBY/SRU/2020/VIII/0069', 28, 2, 11, 'Faktur (0112)', '2020-08-19 08:02:36', '2020-08-19 08:02:36', 44),
(599, 'AR-SBY/SRU/2020/VIII/0070', 23, 2, 11, 'Faktur (0032)', '2020-08-19 08:08:06', '2020-08-19 08:08:06', 44),
(600, 'AR-SBY/SRU/2020/VIII/0071', 23, 2, 11, 'Surat Permohonan Pembayaran PESWA 20.080098 (0032)', '2020-08-19 08:11:21', '2020-08-19 08:11:21', 44),
(601, 'AR-SBY/SRU/2020/VIII/0072', 32, 2, 11, 'Faktur HD (0033, 0034, 0035)', '2020-08-19 08:13:24', '2020-08-19 08:13:24', 44),
(602, 'AR-SBY/SRU/2020/VIII/0073', 32, 2, 11, 'Faktur NHD (0114)', '2020-08-19 08:17:04', '2020-08-19 08:17:04', 44),
(603, 'FAT-SBY/SRU/2020/VIII/0018', 21, 2, 12, 'TT faktur PSI-2008-0134, PSI-2008-0621', '2020-08-19 08:54:55', '2020-08-19 08:54:55', 80),
(604, 'FAT-SBY/SRU/2020/VIII/0019', 69, 2, 12, 'Surat Permohonan Pembayaran PSI-2007-1183, PSI-2007-1982', '2020-08-19 09:55:58', '2020-08-19 09:55:58', 80),
(605, 'HD-SBY/SRU/2020/VIII/0012', 21, 2, 6, 'PENAWARAN HARGA PSI-2008-1192', '2020-08-21 03:26:18', '2020-08-21 03:26:18', 136),
(606, 'FAT-SBY/SRU/2020/VIII/0020', 69, 2, 12, 'Surat Permohonan Pembayaran PSI-2007-2014', '2020-08-21 03:59:53', '2020-08-21 03:59:53', 80),
(607, 'AR-DPS/SRU/2020/VIII/0046', 9, 3, 11, 'Surat Pengantar', '2020-08-21 06:46:25', '2020-08-21 06:46:25', 44),
(608, 'AR-DPS/SRU/2020/VIII/0047', 44, 3, 11, 'Surat Pengantar', '2020-08-21 06:46:43', '2020-08-21 06:46:43', 44),
(609, 'AR-DPS/SRU/2020/VIII/0048', 14, 3, 11, 'Surat Pengantar', '2020-08-21 06:47:03', '2020-08-21 06:47:03', 44),
(610, 'AR-DPS/SRU/2020/VIII/0049', 10, 3, 11, 'Surat Pengantar', '2020-08-21 06:47:25', '2020-08-21 06:47:25', 44),
(611, 'AR-SBY/SRU/2020/VIII/0074', 59, 2, 11, 'Faktur (0167)', '2020-08-21 08:15:44', '2020-08-21 08:15:44', 44),
(612, 'AR-SBY/SRU/2020/VIII/0075', 61, 2, 11, 'Faktur (0177)', '2020-08-21 08:16:52', '2020-08-21 08:16:52', 44),
(613, 'AR-DPS/SRU/2020/VIII/0050', 16, 3, 11, 'Surat Pengantar', '2020-08-21 08:55:10', '2020-08-21 08:55:10', 44),
(614, 'AR-DPS/SRU/2020/VIII/0051', 12, 3, 11, 'Surat Pengantar', '2020-08-21 09:01:15', '2020-08-21 09:01:15', 44),
(615, 'AR-DPS/SRU/2020/VIII/0052', 42, 3, 11, 'Surat Pengantar', '2020-08-21 09:17:30', '2020-08-21 09:17:30', 44),
(616, 'AR-DPS/SRU/2020/VIII/0053', 11, 3, 11, 'Surat Pengantar', '2020-08-21 09:21:46', '2020-08-21 09:21:46', 44),
(617, 'AR-SBY/SRU/2020/VIII/0076', 138, 2, 11, 'referensi bank jatim 2020', '2020-08-24 03:06:40', '2020-08-24 03:06:40', 79),
(618, 'AR-SBY/SRU/2020/VIII/0077', 138, 2, 11, 'tanda terima faktur psi-2008-0872', '2020-08-24 03:17:02', '2020-08-24 03:17:02', 79),
(619, 'FAT-SBY/SRU/2020/VIII/0021', 48, 2, 12, 'TT faktur PSI-2008-0679, PSI-2008-0806', '2020-08-24 04:11:27', '2020-08-24 04:11:27', 80),
(620, 'AR-SBY/SRU/2020/VIII/0078', 18, 2, 11, 'tanda terima faktur 2008-0792', '2020-08-24 05:45:16', '2020-08-24 05:45:16', 79),
(621, 'HD-SBY/SRU/2020/VIII/0013', 87, 2, 6, 'PRA PENAWARAN HD PACK KEBUTUHAN SEPTEMBER 2020', '2020-08-24 07:18:11', '2020-08-24 07:18:11', 137),
(622, 'AR-SBY/SRU/2020/VIII/0079', 47, 2, 11, 'Surat Pemberitahuan No. Rek (0243)', '2020-08-24 08:00:45', '2020-08-24 08:00:45', 44),
(623, 'AR-SBY/SRU/2020/VIII/0080', 47, 2, 11, 'Surat Pemberitahuan No. Rek (0834)', '2020-08-24 08:01:08', '2020-08-24 08:01:08', 44),
(624, 'AR-SBY/SRU/2020/VIII/0081', 41, 2, 11, 'surat kuasa PSI-2005-1602', '2020-08-24 08:36:03', '2020-08-24 08:36:03', 79),
(625, 'AR-SBY/SRU/2020/VIII/0082', 41, 2, 11, 'surat kuasa pembayaran 2006-0380', '2020-08-24 08:37:16', '2020-08-24 08:37:16', 79),
(626, 'AR-SBY/SRU/2020/VIII/0083', 41, 2, 11, 'surat kuasa pembayaran 2006-1423', '2020-08-24 08:38:33', '2020-08-24 08:38:33', 79),
(627, 'AR-SBY/SRU/2020/VIII/0084', 41, 2, 11, 'surat kuasa pembayaran 2006-1690', '2020-08-24 08:40:37', '2020-08-24 08:40:37', 79),
(628, 'AR-SBY/SRU/2020/VIII/0085', 41, 2, 11, 'surat kuasa pembayaran 2007-0935', '2020-08-24 08:41:37', '2020-08-24 08:41:37', 79),
(629, 'AR-SBY/SRU/2020/VIII/0086', 41, 2, 11, 'surat kuasa pembayaran 2007-1669', '2020-08-24 08:42:36', '2020-08-24 08:42:36', 79),
(630, 'FAT-SBY/SRU/2020/VIII/0022', 48, 2, 12, 'TT faktur PSI-2008-1016, PSI-2008-1124', '2020-08-24 09:47:52', '2020-08-24 09:47:52', 80),
(631, 'FAT-SBY/SRU/2020/VIII/0023', 31, 2, 12, 'Surat Pernyataan Pemotongan Pajak PSI-2008-0483', '2020-08-25 02:36:57', '2020-08-25 02:36:57', 80),
(632, 'FAT-SBY/SRU/2020/VIII/0024', 31, 2, 12, 'Surat Permohonan Pembayaran PSI-2008-0483', '2020-08-25 02:37:39', '2020-08-25 02:37:39', 80),
(633, 'NHD-SBY/SRU/2020/VIII/0012', 21, 2, 7, 'srt penawaran syringe kando', '2020-08-25 02:48:49', '2020-08-25 02:48:49', 88),
(634, 'AR-DPS/SRU/2020/VIII/0054', 44, 3, 11, 'Surat Pengantar', '2020-08-25 03:18:54', '2020-08-25 03:18:54', 44),
(635, 'AR-SBY/SRU/2020/VIII/0087', 20, 2, 11, 'Surat Pengantar', '2020-08-25 03:26:30', '2020-08-25 03:26:30', 44),
(636, 'AR-SBY/SRU/2020/VIII/0088', 20, 2, 11, 'Surat Pengantar', '2020-08-25 03:26:46', '2020-08-25 03:26:46', 44),
(637, 'FAT-SBY/SRU/2020/VIII/0025', 31, 2, 12, 'Surat Penyataan Pemotongan Pajak PSI-2008-1216', '2020-08-25 03:47:18', '2020-08-25 03:47:18', 80),
(638, 'FAT-SBY/SRU/2020/VIII/0026', 31, 2, 12, 'Surat Permohonan Pembayaran PSI-2008-1216', '2020-08-25 03:47:53', '2020-08-25 03:47:53', 80),
(639, 'AR-SBY/SRU/2020/VIII/0089', 66, 2, 11, 'tanda terima  faktur 2008-0764,2008-1047', '2020-08-25 05:12:17', '2020-08-25 05:12:17', 79),
(640, 'AR-SBY/SRU/2020/VIII/0090', 85, 2, 11, 'Faktur (0355, 0362)', '2020-08-25 06:39:09', '2020-08-25 06:39:09', 44),
(641, 'AR-SBY/SRU/2020/VIII/0091', 17, 2, 11, 'tanda terima 2008-0525,1056,0894', '2020-08-25 06:39:55', '2020-08-25 06:39:55', 79),
(642, 'AR-SBY/SRU/2020/VIII/0092', 58, 2, 11, 'Faktur (0420)', '2020-08-25 06:41:44', '2020-08-25 06:41:44', 44),
(643, 'AR-SBY/SRU/2020/VIII/0093', 110, 2, 11, 'Faktur (0423)', '2020-08-25 06:43:18', '2020-08-25 06:43:18', 44),
(644, 'AR-SBY/SRU/2020/VIII/0094', 28, 2, 11, 'Faktur (0449, 0454, 0888, 0889, 0890)', '2020-08-25 06:46:49', '2020-08-25 06:46:49', 44),
(645, 'HD-SBY/SRU/2020/VIII/0014', 126, 2, 6, 'Surat Pengantar MOU', '2020-08-25 06:48:13', '2020-08-25 06:48:13', 113),
(646, 'AR-SBY/SRU/2020/VIII/0095', 32, 2, 11, 'Faktur HD (0456, 0457)', '2020-08-25 06:50:32', '2020-08-25 06:50:32', 44),
(647, 'AR-SBY/SRU/2020/VIII/0096', 36, 2, 11, 'Faktur (0628, 0760)', '2020-08-25 06:53:04', '2020-08-25 06:53:04', 44),
(648, 'AR-SBY/SRU/2020/VIII/0097', 61, 2, 11, 'Faktur (0676, 0680)', '2020-08-25 06:57:32', '2020-08-25 06:57:32', 44),
(649, 'AR-SBY/SRU/2020/VIII/0098', 27, 2, 11, 'Faktur (0762)', '2020-08-25 07:00:03', '2020-08-25 07:00:03', 44),
(650, 'AR-SBY/SRU/2020/VIII/0099', 56, 2, 11, 'Faktur (0763)', '2020-08-25 07:02:30', '2020-08-25 07:03:44', 44),
(651, 'AR-SBY/SRU/2020/VIII/0100', 68, 2, 11, 'tanda terima faktur 2008-0835,0875,1017,1042', '2020-08-25 07:20:28', '2020-08-25 07:20:28', 79),
(652, 'NHD-SBY/SRU/2020/VIII/0013', 139, 2, 7, 'Penawaran E Katalog', '2020-08-25 07:28:58', '2020-08-25 07:34:54', 138),
(653, 'NHD-SBY/SRU/2020/VIII/0014', 139, 2, 7, 'Penawaran harga id band', '2020-08-25 07:34:41', '2020-08-25 07:34:41', 138),
(654, 'AR-SBY/SRU/2020/VIII/0101', 19, 2, 11, 'tanda terima 2008-1032', '2020-08-25 07:46:30', '2020-08-25 07:46:30', 79),
(655, 'AR-DPS/SRU/2020/VIII/0055', 78, 3, 11, 'Surat Permohonan Pembayaran', '2020-08-25 08:18:46', '2020-08-25 08:18:46', 50),
(656, 'AR-SBY/SRU/2020/VIII/0102', 7, 2, 11, 'Surat Permohonan Pembayaran', '2020-08-25 08:19:15', '2020-08-25 08:19:15', 44),
(657, 'AR-SBY/SRU/2020/VIII/0103', 54, 2, 11, 'permohonan pembayaran bln agustus', '2020-08-25 08:59:34', '2020-08-25 08:59:34', 79),
(658, 'AR-SBY/SRU/2020/VIII/0104', 54, 2, 11, 'tanda terima faktur agustus', '2020-08-25 09:00:10', '2020-08-25 09:00:10', 79),
(659, 'AR-SBY/SRU/2020/VIII/0105', 26, 2, 11, 'Surat Konfirmasi Hutang', '2020-08-26 03:30:06', '2020-08-26 03:30:06', 44),
(660, 'AR-SBY/SRU/2020/VIII/0106', 36, 2, 11, 'Surat Konfirmasi Hutang', '2020-08-26 03:31:01', '2020-08-26 03:31:01', 44),
(661, 'AR-SBY/SRU/2020/VIII/0107', 22, 2, 11, 'Surat Konfirmasi Hutang', '2020-08-26 03:31:33', '2020-08-26 03:31:33', 44),
(662, 'AR-SBY/SRU/2020/VIII/0108', 140, 2, 11, 'Surat Konfirmasi Hutang', '2020-08-26 03:33:53', '2020-08-26 03:33:53', 44),
(663, 'AR-SBY/SRU/2020/VIII/0109', 141, 2, 11, 'Surat Konfirmasi Hutang', '2020-08-26 03:34:09', '2020-08-26 03:34:09', 44),
(664, 'AR-SBY/SRU/2020/VIII/0110', 29, 2, 11, 'Faktur (0222, 0235, 0234)', '2020-08-26 04:43:38', '2020-08-26 04:43:38', 44),
(665, 'AR-SBY/SRU/2020/VIII/0111', 29, 2, 11, 'Faktur (0784, 0786, 0787, 0789, 0790)', '2020-08-26 04:44:28', '2020-08-26 04:44:28', 44),
(666, 'AR-SBY/SRU/2020/VIII/0112', 34, 2, 11, 'Faktur (0044)', '2020-08-26 04:53:44', '2020-08-26 04:53:44', 44),
(667, 'AR-SBY/SRU/2020/VIII/0113', 34, 2, 11, 'Faktur (0312)', '2020-08-26 04:54:25', '2020-08-26 04:54:25', 44),
(668, 'AR-SBY/SRU/2020/VIII/0114', 34, 2, 11, 'Faktur (0957)', '2020-08-26 04:55:01', '2020-08-26 04:55:01', 44),
(669, 'AR-SBY/SRU/2020/VIII/0115', 23, 2, 11, 'Faktur (0215)', '2020-08-26 05:04:38', '2020-08-26 05:04:38', 44),
(670, 'AR-SBY/SRU/2020/VIII/0116', 23, 2, 11, 'Faktur (0313)', '2020-08-26 05:04:53', '2020-08-26 05:04:53', 44),
(672, 'AR-DPS/SRU/2020/VIII/0056', 72, 3, 11, 'Surat Pengantar', '2020-08-26 06:24:16', '2020-08-26 06:24:16', 44),
(673, 'AR-DPS/SRU/2020/VIII/0057', 12, 3, 11, 'Surat Pengantar', '2020-08-26 06:29:12', '2020-08-26 06:29:12', 44),
(674, 'AR-DPS/SRU/2020/VIII/0058', 16, 3, 11, 'Surat Pengantar', '2020-08-26 07:10:47', '2020-08-26 07:10:47', 44),
(675, 'AR-DPS/SRU/2020/VIII/0059', 14, 3, 11, 'Surat Pengantar', '2020-08-26 07:16:03', '2020-08-26 07:16:03', 44),
(676, 'AR-DPS/SRU/2020/VIII/0060', 43, 3, 11, 'Surat Pengantar', '2020-08-26 07:21:01', '2020-08-26 07:21:01', 44),
(677, 'AR-DPS/SRU/2020/VIII/0061', 42, 3, 11, 'Surat Pengantar', '2020-08-26 07:23:26', '2020-08-26 07:23:26', 44),
(678, 'AR-DPS/SRU/2020/VIII/0062', 10, 3, 11, 'Surat Pengantar', '2020-08-26 07:27:12', '2020-08-26 07:27:12', 44),
(679, 'AR-DPS/SRU/2020/VIII/0063', 9, 3, 11, 'Surat Pengantar', '2020-08-26 07:30:56', '2020-08-26 07:30:56', 44),
(680, 'AR-SBY/SRU/2020/VIII/0117', 75, 2, 11, 'Faktur (1781, 1796)', '2020-08-26 07:35:59', '2020-08-26 07:35:59', 44),
(681, 'AR-SBY/SRU/2020/VIII/0118', 75, 2, 11, 'Surat Jalan (0936)', '2020-08-26 07:41:08', '2020-08-26 07:41:08', 44),
(682, 'AR-SBY/SRU/2020/VIII/0119', 62, 2, 11, 'Faktur (0464, 0481)', '2020-08-26 07:42:54', '2020-08-26 07:42:54', 44),
(683, 'AR-SBY/SRU/2020/VIII/0120', 34, 2, 11, 'Faktur (0524)', '2020-08-26 07:46:00', '2020-08-26 07:46:00', 44),
(684, 'AR-SBY/SRU/2020/VIII/0121', 34, 2, 11, 'Faktur (1033)', '2020-08-26 07:47:45', '2020-08-26 07:47:45', 44),
(685, 'AR-SBY/SRU/2020/VIII/0122', 28, 2, 11, 'Faktur (0620)', '2020-08-26 07:48:58', '2020-08-26 07:48:58', 44),
(686, 'AR-SBY/SRU/2020/VIII/0123', 26, 2, 11, 'Faktur (0622)', '2020-08-26 07:50:27', '2020-08-26 07:50:27', 44),
(687, 'AR-SBY/SRU/2020/VIII/0124', 60, 2, 11, 'Faktur (1006)', '2020-08-26 07:51:45', '2020-08-26 07:51:45', 44),
(688, 'AR-SBY/SRU/2020/VIII/0125', 36, 2, 11, 'Faktur (1041)', '2020-08-26 07:53:34', '2020-08-26 07:53:34', 44),
(689, 'AR-SBY/SRU/2020/VIII/0126', 63, 2, 11, 'Faktur (1055, 1057)', '2020-08-26 07:55:15', '2020-08-26 07:55:15', 44),
(691, 'FAT-SBY/SRU/2020/VIII/0028', 88, 2, 12, 'BALASAN SURAT RSUD. PAMEKASAN ATAS KEHABISAN ANGGARAN 2020 DAN MINTA TETAP DI SUPPORT KIRIM HD SET DENGAN SYARAT TERBIT DI BULAN YANG SAMA', '2020-08-26 08:12:55', '2020-08-26 08:12:55', 126),
(692, 'AR-SBY/SRU/2020/VIII/0127', 75, 2, 11, 'Faktur (0221)', '2020-08-26 08:49:50', '2020-08-26 08:49:50', 44),
(693, 'AR-SBY/SRU/2020/VIII/0128', 75, 2, 11, 'Fotocopy surat jalan (0251)', '2020-08-26 08:50:56', '2020-08-26 08:50:56', 44),
(694, 'AR-SBY/SRU/2020/VIII/0129', 76, 2, 11, 'TT Faktur PSI-2008-0250, PSI-2008-0777, PSI-2008-1295', '2020-08-26 09:58:32', '2020-08-26 09:58:32', 80),
(696, 'HD-DPS/SRU/2020/VIII/0001', 142, 3, 6, 'Penawaran BHP Pack', '2020-08-27 01:36:53', '2020-08-27 01:36:53', 206),
(697, 'AR-SBY/SRU/2020/VIII/0130', 62, 2, 11, 'Faktur (0891)', '2020-08-27 03:11:47', '2020-08-27 03:11:47', 44),
(698, 'AR-SBY/SRU/2020/VIII/0131', 33, 2, 11, 'Faktur (0458)', '2020-08-27 03:36:33', '2020-08-27 03:36:33', 44),
(699, 'AR-SBY/SRU/2020/VIII/0132', 33, 2, 11, 'Faktur (0892)', '2020-08-27 03:37:50', '2020-08-27 03:37:50', 44),
(700, 'AR-SBY/SRU/2020/VIII/0133', 63, 2, 11, 'Faktur (0333, 0334)', '2020-08-27 03:47:43', '2020-08-27 03:47:43', 44),
(701, 'AR-SBY/SRU/2020/VIII/0134', 22, 2, 11, 'faktur 2008-1390,1388,1039', '2020-08-27 07:01:16', '2020-08-27 07:01:16', 79),
(702, 'AR-SBY/SRU/2020/VIII/0135', 68, 2, 11, 'faktur psi-2008-1184,1284,1403,1410', '2020-08-27 07:13:02', '2020-08-27 07:13:02', 79),
(703, 'AR-SBY/SRU/2020/VIII/0136', 25, 2, 11, 'faktur psi-2008-0315+0898', '2020-08-27 07:23:32', '2020-08-27 07:23:32', 79),
(704, 'AR-SBY/SRU/2020/VIII/0137', 18, 2, 11, 'tanda terima psi-2008-1044', '2020-08-27 07:30:39', '2020-08-27 07:30:39', 79),
(705, 'AR-DPS/SRU/2020/VIII/0064', 15, 3, 11, 'Surat Penawaran', '2020-08-27 07:44:21', '2020-08-27 07:44:21', 50),
(706, 'AR-SBY/SRU/2020/VIII/0138', 79, 2, 11, 'tanda terima faktur psi-2008-1386', '2020-08-27 07:52:31', '2020-08-27 07:52:31', 79),
(707, 'AR-DPS/SRU/2020/VIII/0065', 15, 3, 11, 'Permohonan Pemeriksaan', '2020-08-27 08:30:53', '2020-08-27 08:30:53', 50),
(708, 'AR-DPS/SRU/2020/VIII/0066', 15, 3, 11, 'Permohonan Pembayaran', '2020-08-27 08:51:02', '2020-08-27 08:51:02', 50),
(709, 'AR-SBY/SRU/2020/VIII/0139', 143, 2, 11, 'faktur psi-2008-1194', '2020-08-27 09:01:34', '2020-08-27 09:01:34', 79),
(710, 'AR-SBY/SRU/2020/VIII/0140', 34, 2, 11, 'Faktur (1287)', '2020-08-27 09:27:28', '2020-08-27 09:27:28', 44),
(711, 'AR-SBY/SRU/2020/VIII/0141', 32, 2, 11, 'Faktur HD (1034, 1035)', '2020-08-27 09:28:57', '2020-08-27 09:28:57', 44),
(712, 'AR-SBY/SRU/2020/VIII/0142', 32, 2, 11, 'Faktur HD (1305, 1308)', '2020-08-27 09:31:29', '2020-08-27 09:31:29', 44),
(713, 'AR-SBY/SRU/2020/VIII/0143', 61, 2, 11, 'Faktur (1147, 1283)', '2020-08-27 09:33:37', '2020-08-27 09:33:37', 44),
(714, 'AR-SBY/SRU/2020/VIII/0144', 59, 2, 11, 'Faktur (1167)', '2020-08-27 09:36:00', '2020-08-27 09:36:00', 44),
(715, 'AR-SBY/SRU/2020/VIII/0145', 23, 2, 11, 'Faktur (1173, 1174)', '2020-08-27 09:44:51', '2020-08-27 09:44:51', 44),
(716, 'AR-SBY/SRU/2020/VIII/0146', 119, 2, 11, 'Faktur (1406)', '2020-08-27 09:49:28', '2020-08-27 09:49:28', 44),
(717, 'AR-SBY/SRU/2020/VIII/0147', 18, 2, 11, 'tanda terima faktur psi-2008-1481', '2020-08-28 09:47:47', '2020-08-28 09:47:47', 79),
(718, 'HD-SBY/SRU/2020/VIII/0015', 102, 2, 6, 'Surat Pengantar Arsip KSO', '2020-08-31 01:41:30', '2020-08-31 01:41:30', 113),
(719, 'HD-SBY/SRU/2020/VIII/0016', 21, 2, 6, 'Surat Pengantar Arsip Addendum 1', '2020-08-31 01:42:28', '2020-08-31 01:42:28', 113),
(720, 'AR-SBY/SRU/2020/VIII/0148', 56, 2, 11, 'Surat Pemberitahuan Pencetakan Ulang Kwitansi (0076)', '2020-08-31 03:48:36', '2020-08-31 03:48:36', 44),
(721, 'HD-SBY/SRU/2020/VIII/0017', 12, 2, 6, 'Surat Pengantar Addendum 1', '2020-08-31 04:10:31', '2020-08-31 04:10:31', 113),
(722, 'AR-SBY/SRU/2020/VIII/0149', 45, 2, 11, 'tanda terima faktur psi-2008-1453', '2020-08-31 06:44:15', '2020-08-31 06:44:15', 79),
(723, 'NHD-SBY/SRU/2020/VIII/0015', 144, 2, 7, 'SRT PENAWATAN ALKES', '2020-08-31 06:46:09', '2020-08-31 06:46:09', 88),
(724, 'NHD-SBY/SRU/2020/VIII/0016', 144, 2, 7, 'SRT PENAWARAN ID BAND', '2020-08-31 06:46:37', '2020-08-31 06:46:37', 88),
(725, 'NHD-SBY/SRU/2020/VIII/0017', 98, 2, 7, 'SRT PENAWARAN ALKES', '2020-08-31 06:47:06', '2020-08-31 06:47:06', 88),
(726, 'NHD-SBY/SRU/2020/VIII/0018', 146, 2, 7, 'PENAWARAN BGM', '2020-08-31 06:47:32', '2020-08-31 06:48:16', 88),
(727, 'NHD-SBY/SRU/2020/VIII/0019', 145, 2, 7, 'SRT PENAWARAN KSO LABEL', '2020-08-31 06:48:46', '2020-08-31 06:48:46', 88),
(728, 'AR-SBY/SRU/2020/VIII/0150', 66, 2, 11, 'tanda terima faktur 2008-1485,2008-1145', '2020-08-31 07:47:32', '2020-08-31 07:47:32', 79);

-- --------------------------------------------------------

--
-- Struktur dari tabel `surat_hd`
--

CREATE TABLE `surat_hd` (
  `id` int(10) UNSIGNED NOT NULL,
  `no_surat` varchar(255) COLLATE utf8mb4_unicode_ci DEFAULT NULL,
  `tujuan_id` int(10) UNSIGNED DEFAULT NULL,
  `kategori_id` int(10) UNSIGNED DEFAULT NULL,
  `keterangan` text COLLATE utf8mb4_unicode_ci DEFAULT NULL,
  `created_at` timestamp NULL DEFAULT NULL,
  `updated_at` timestamp NULL DEFAULT NULL,
  `created_by` int(10) UNSIGNED DEFAULT NULL
) ENGINE=InnoDB DEFAULT CHARSET=utf8mb4 COLLATE=utf8mb4_unicode_ci;

--
-- Dumping data untuk tabel `surat_hd`
--

INSERT INTO `surat_hd` (`id`, `no_surat`, `tujuan_id`, `kategori_id`, `keterangan`, `created_at`, `updated_at`, `created_by`) VALUES
(8, '001/HD/SBY/VI/2020', 2, 1, 'Proposal Pengajuan dana Support Baju Kerja RSUP Sanglah', '2020-06-22 08:26:36', '2020-06-22 08:26:36', 113),
(9, '002/HD/SBY/VI/2020', 2, 1, 'PROPOSAL PENGAJUAN HEPA FILTER RSUD dr. SOEDONO MADIUN', '2020-06-24 08:08:04', '2020-06-24 08:08:04', 97),
(10, '003/HD/SBY/VI/2020', 2, 1, 'Proposal penambahan 2 unit mesin Surdial 55 Plus dan regenerasi 1 unit Surdial di RSUD dr. Soedono Madiun', '2020-06-27 05:03:22', '2020-06-27 05:03:22', 97),
(11, '004/HD/SBY/VII/2020', 2, 3, 'Pengajuan Dana Support 1 unit Humidifier untuk RSUD dr. Saiful Anwar', '2020-07-10 04:35:21', '2020-07-10 04:35:21', 97),
(12, '005/HD/SBY/VII/2020', 2, 1, 'proposal pengajuan APD area bali', '2020-07-10 08:31:27', '2020-07-10 08:31:27', 97),
(13, '006/HD/SBY/VII/2020', 2, 1, 'proposal mesin rsud blambangan', '2020-07-14 04:27:50', '2020-07-14 04:27:50', 97),
(14, '007/HD/SBY/VII/2020', 2, 1, 'proposal mesin RSU Karsa Husada - penambahan 2 unit surdial 55 plus', '2020-07-15 02:13:03', '2020-07-15 02:13:03', 97),
(15, '008/HD/SBY/VII/2020', 2, 1, 'proposal penambahan 1 surdial 55 plus di RS Darmo', '2020-07-15 02:46:48', '2020-07-15 02:46:48', 97),
(16, '009/HD/SBY/VII/2020', 2, 1, 'Proposal APD RSU Puri Raharja', '2020-07-20 06:49:26', '2020-07-20 06:49:26', 113),
(17, '010/HD/SBY/VIII/2020', 2, 1, 'Proposal Penambahan 5 unit Mesin Hemodialisa RSUD Bali Mandara', '2020-08-03 04:18:01', '2020-08-03 04:18:01', 113),
(18, '011/HD/SBY/VIII/2020', 2, 1, 'Proposal Penambahan 4 unit mesin Surdial 55 Plus RS Bhayangkara Nganjuk', '2020-08-12 03:48:33', '2020-08-12 03:48:33', 113);

-- --------------------------------------------------------

--
-- Struktur dari tabel `surat_nhd`
--

CREATE TABLE `surat_nhd` (
  `id` int(10) UNSIGNED NOT NULL,
  `no_surat` varchar(255) COLLATE utf8mb4_unicode_ci DEFAULT NULL,
  `tujuan_id` int(10) UNSIGNED DEFAULT NULL,
  `kategori_id` int(10) UNSIGNED DEFAULT NULL,
  `keterangan` text COLLATE utf8mb4_unicode_ci DEFAULT NULL,
  `created_at` timestamp NULL DEFAULT NULL,
  `updated_at` timestamp NULL DEFAULT NULL,
  `created_by` int(10) UNSIGNED DEFAULT NULL
) ENGINE=InnoDB DEFAULT CHARSET=utf8mb4 COLLATE=utf8mb4_unicode_ci;

--
-- Dumping data untuk tabel `surat_nhd`
--

INSERT INTO `surat_nhd` (`id`, `no_surat`, `tujuan_id`, `kategori_id`, `keterangan`, `created_at`, `updated_at`, `created_by`) VALUES
(2, '001/NHD/SBY/VIII/2020', 4, 3, 'SRT PENAWARAN ID BAND', '2020-08-18 04:48:02', '2020-08-18 04:48:02', 88),
(3, '002/NHD/SBY/VIII/2020', 8, 3, 'disc id band RS AT-Tin', '2020-08-19 03:06:57', '2020-08-19 03:06:57', 88),
(4, '003/NHD/SBY/VIII/2020', 8, 3, 'PENGAJUAN DISC ID BAND  RS AMELIA', '2020-08-19 03:46:26', '2020-08-19 03:46:26', 88),
(5, '004/NHD/SBY/VIII/2020', 8, 3, 'pengajuan disc id band', '2020-08-25 08:34:52', '2020-08-25 08:34:52', 88);

-- --------------------------------------------------------

--
-- Struktur dari tabel `surat_tugas`
--

CREATE TABLE `surat_tugas` (
  `id` int(10) UNSIGNED NOT NULL,
  `nomor_surat` varchar(191) COLLATE utf8mb4_unicode_ci NOT NULL,
  `jabatan` varchar(191) COLLATE utf8mb4_unicode_ci DEFAULT NULL,
  `nomor_polisi` varchar(191) COLLATE utf8mb4_unicode_ci DEFAULT NULL,
  `kegiatan` varchar(191) COLLATE utf8mb4_unicode_ci NOT NULL,
  `opsi_tanggal` smallint(2) DEFAULT NULL,
  `tanggal_awal` date DEFAULT NULL,
  `tanggal_akhir` date DEFAULT NULL,
  `status_ttd` int(11) NOT NULL,
  `approval` smallint(2) DEFAULT 1,
  `feedback` text COLLATE utf8mb4_unicode_ci DEFAULT NULL,
  `created_by` int(10) UNSIGNED DEFAULT NULL,
  `created_at` timestamp NULL DEFAULT NULL,
  `updated_at` timestamp NULL DEFAULT NULL
) ENGINE=InnoDB DEFAULT CHARSET=utf8mb4 COLLATE=utf8mb4_unicode_ci;

--
-- Dumping data untuk tabel `surat_tugas`
--

INSERT INTO `surat_tugas` (`id`, `nomor_surat`, `jabatan`, `nomor_polisi`, `kegiatan`, `opsi_tanggal`, `tanggal_awal`, `tanggal_akhir`, `status_ttd`, `approval`, `feedback`, `created_by`, `created_at`, `updated_at`) VALUES
(27, '1217/SRU.ST/VII/2020', 'Driver & Pendamping', 'L 9084 BT', 'Kirim HD Set Penunjang Alat Kesehatan Hemodialisa', 2, '2020-07-14', '2020-07-14', 1, 2, NULL, 55, '2020-07-10 06:41:12', '2020-07-10 06:59:06'),
(30, '1218/SRU.ST/VIII/2020', 'IT Staff', NULL, 'Luar Kota', 1, '2020-08-18', '2020-08-18', 2, 2, NULL, 48, '2020-08-18 08:03:20', '2020-08-18 08:04:20'),
(31, '1219/SRU.ST/VIII/2020', '-', NULL, 'Maintenance PC', 1, '2020-08-31', '2020-09-01', 1, 2, NULL, 48, '2020-08-31 09:29:32', '2020-08-31 09:31:44');

-- --------------------------------------------------------

--
-- Struktur dari tabel `surat_tugas_pegawai`
--

CREATE TABLE `surat_tugas_pegawai` (
  `id` int(10) UNSIGNED NOT NULL,
  `surat_tugas_id` int(10) UNSIGNED DEFAULT NULL,
  `pegawai_id` int(10) UNSIGNED DEFAULT NULL,
  `created_at` timestamp NULL DEFAULT NULL,
  `updated_at` timestamp NULL DEFAULT NULL ON UPDATE current_timestamp()
) ENGINE=InnoDB DEFAULT CHARSET=utf8mb4 COLLATE=utf8mb4_unicode_ci;

--
-- Dumping data untuk tabel `surat_tugas_pegawai`
--

INSERT INTO `surat_tugas_pegawai` (`id`, `surat_tugas_id`, `pegawai_id`, `created_at`, `updated_at`) VALUES
(88, 27, 154, '2020-07-10 07:01:08', '2020-07-10 07:01:08'),
(89, 27, 161, '2020-07-10 07:01:08', '2020-07-10 07:01:08'),
(92, 30, 48, '2020-08-18 08:03:20', '2020-08-18 08:03:20'),
(95, 31, 48, '2020-08-31 09:31:44', '2020-08-31 09:31:44');

-- --------------------------------------------------------

--
-- Struktur dari tabel `surat_tugas_tanggal`
--

CREATE TABLE `surat_tugas_tanggal` (
  `id` int(10) UNSIGNED NOT NULL,
  `surat_tugas_id` int(10) UNSIGNED DEFAULT NULL,
  `tanggal` date DEFAULT NULL,
  `created_at` timestamp NULL DEFAULT NULL,
  `updated_at` timestamp NULL DEFAULT NULL
) ENGINE=InnoDB DEFAULT CHARSET=utf8mb4 COLLATE=utf8mb4_unicode_ci;

--
-- Dumping data untuk tabel `surat_tugas_tanggal`
--

INSERT INTO `surat_tugas_tanggal` (`id`, `surat_tugas_id`, `tanggal`, `created_at`, `updated_at`) VALUES
(55, 27, '2020-07-14', '2020-07-10 07:01:08', '2020-07-10 07:01:08');

-- --------------------------------------------------------

--
-- Struktur dari tabel `surat_tugas_tujuan`
--

CREATE TABLE `surat_tugas_tujuan` (
  `id` int(10) UNSIGNED NOT NULL,
  `surat_tugas_id` int(10) UNSIGNED DEFAULT NULL,
  `tujuan_id` int(10) UNSIGNED DEFAULT NULL,
  `created_at` timestamp NULL DEFAULT NULL,
  `updated_at` timestamp NULL DEFAULT NULL
) ENGINE=InnoDB DEFAULT CHARSET=utf8mb4 COLLATE=utf8mb4_unicode_ci;

--
-- Dumping data untuk tabel `surat_tugas_tujuan`
--

INSERT INTO `surat_tugas_tujuan` (`id`, `surat_tugas_id`, `tujuan_id`, `created_at`, `updated_at`) VALUES
(59, 27, 8, '2020-07-10 07:01:08', '2020-07-10 07:01:08'),
(63, 30, 5, '2020-08-18 08:03:20', '2020-08-18 08:03:20'),
(66, 31, 6, '2020-08-31 09:31:44', '2020-08-31 09:31:44');

-- --------------------------------------------------------

--
-- Struktur dari tabel `tanda_terima`
--

CREATE TABLE `tanda_terima` (
  `id` int(10) UNSIGNED NOT NULL,
  `nomor` varchar(191) COLLATE utf8mb4_unicode_ci DEFAULT NULL,
  `customer_id` int(10) UNSIGNED DEFAULT NULL,
  `rekening_template` varchar(191) COLLATE utf8mb4_unicode_ci DEFAULT NULL,
  `faktur_template` varchar(3) COLLATE utf8mb4_unicode_ci DEFAULT NULL,
  `created_by` int(10) UNSIGNED DEFAULT NULL,
  `updated_by` int(10) UNSIGNED DEFAULT NULL,
  `created_at` timestamp NULL DEFAULT NULL,
  `updated_at` timestamp NULL DEFAULT NULL
) ENGINE=InnoDB DEFAULT CHARSET=utf8mb4 COLLATE=utf8mb4_unicode_ci;

-- --------------------------------------------------------

--
-- Struktur dari tabel `tanda_terima_faktur`
--

CREATE TABLE `tanda_terima_faktur` (
  `id` int(10) UNSIGNED NOT NULL,
  `tanda_terima_id` int(10) UNSIGNED DEFAULT NULL,
  `tgl_faktur` date DEFAULT NULL,
  `no_faktur` varchar(191) COLLATE utf8mb4_unicode_ci DEFAULT NULL,
  `jumlah` double(8,2) DEFAULT NULL,
  `pph` int(11) DEFAULT NULL,
  `posting_group` varchar(3) COLLATE utf8mb4_unicode_ci DEFAULT NULL,
  `created_at` timestamp NULL DEFAULT NULL,
  `updated_at` timestamp NULL DEFAULT NULL
) ENGINE=InnoDB DEFAULT CHARSET=utf8mb4 COLLATE=utf8mb4_unicode_ci;

-- --------------------------------------------------------

--
-- Struktur dari tabel `tujuan_eksternal`
--

CREATE TABLE `tujuan_eksternal` (
  `id` int(10) UNSIGNED NOT NULL,
  `nama_tujuan` varchar(191) COLLATE utf8mb4_unicode_ci NOT NULL,
  `status` tinyint(4) NOT NULL DEFAULT 1,
  `created_at` timestamp NULL DEFAULT NULL,
  `updated_at` timestamp NULL DEFAULT NULL
) ENGINE=InnoDB DEFAULT CHARSET=utf8mb4 COLLATE=utf8mb4_unicode_ci;

--
-- Dumping data untuk tabel `tujuan_eksternal`
--

INSERT INTO `tujuan_eksternal` (`id`, `nama_tujuan`, `status`, `created_at`, `updated_at`) VALUES
(7, 'RSUD Dr. Soetomo Surabaya', 1, '2020-02-19 04:27:02', '2020-04-16 03:01:29'),
(8, 'RSUD Sidoarjo', 1, '2020-02-19 04:29:07', '2020-02-19 04:29:07'),
(9, 'RSUD WANGAYA', 1, '2020-06-13 03:48:30', '2020-06-13 03:48:30'),
(10, 'PT SURYA HUSADHA', 1, '2020-06-13 03:52:56', '2020-06-13 03:52:56'),
(11, 'PT PURI RAHARJA', 1, '2020-06-13 05:00:27', '2020-06-13 05:00:27'),
(12, 'RSU BANGLI', 1, '2020-06-13 05:05:44', '2020-06-13 05:05:44'),
(13, 'PT SURYA GANESHA / RSU GANESHA', 1, '2020-06-13 05:11:14', '2020-06-13 05:11:14'),
(14, 'RSU TABANAN', 1, '2020-06-13 05:15:40', '2020-06-13 05:15:40'),
(15, 'RSUD KAB. KLUNGKUNG', 1, '2020-06-13 05:45:00', '2020-06-13 05:45:00'),
(16, 'RSU NEGARA', 1, '2020-06-13 05:45:18', '2020-06-13 05:45:18'),
(17, 'rsud blambangan', 1, '2020-06-15 07:26:39', '2020-06-15 07:26:39'),
(18, 'rsud soebandi', 1, '2020-06-15 07:26:56', '2020-06-15 07:32:03'),
(19, 'rsud soedomo', 1, '2020-06-15 07:27:22', '2020-06-15 07:31:29'),
(20, 'PT PELINDO HUSADA CITRA / RS PHC SURABAYA', 1, '2020-06-15 07:37:29', '2020-06-15 07:37:29'),
(21, 'rsud jombang', 1, '2020-06-15 07:43:57', '2020-06-15 07:43:57'),
(22, 'rsud abdoer rahem', 1, '2020-06-15 07:54:22', '2020-06-15 07:54:22'),
(23, 'RS PERKEBUNAN PTPN X (PERSERO)', 1, '2020-06-16 02:47:42', '2020-06-16 02:47:42'),
(24, 'RSUD KOESNADI', 1, '2020-06-16 03:33:17', '2020-06-16 03:33:17'),
(25, 'rsud ngudi waluyo wlingi', 1, '2020-06-16 07:08:01', '2020-06-16 07:08:01'),
(26, 'PT WAHYU DYHAS PUTRI / RS AULIA BLITAR', 1, '2020-06-17 01:37:05', '2020-06-17 01:37:05'),
(27, 'PT RIZANI HUSADA / RS RIZANI', 1, '2020-06-17 01:37:30', '2020-06-17 01:37:30'),
(28, 'RUMAH SAKIT UMUM AISYIYAH', 1, '2020-06-17 01:37:52', '2020-06-17 01:37:52'),
(29, 'PT PERSADA MEDIKA RAYA / RS PERSADA', 1, '2020-06-17 01:38:14', '2020-06-17 01:38:14'),
(30, 'RSUD UMBU RARA', 1, '2020-06-17 02:19:31', '2020-06-17 02:19:31'),
(31, 'RSUD SAMPANG', 1, '2020-06-17 02:29:17', '2020-06-17 02:29:17'),
(32, 'YAY KARYA MISERICORDIA / RS PANTI WALUYA SAWAHAN', 1, '2020-06-17 07:20:49', '2020-06-17 07:20:49'),
(33, 'YAY RUMAH SAKIT BINA SEHAT JEMBER', 1, '2020-06-17 07:26:20', '2020-06-17 07:26:20'),
(34, 'YAY RUMAH SAKIT AL HUDA GENTENG', 1, '2020-06-17 07:31:20', '2020-06-17 07:31:20'),
(35, 'PT NUSANTARA SEBELAS MEDIKA / RS ELIZABETH', 1, '2020-06-17 07:41:38', '2020-06-17 07:41:38'),
(36, 'YAY AT-TIN HUSADA', 1, '2020-06-17 07:50:11', '2020-06-17 07:50:11'),
(37, 'PT MEDIKA YANI', 1, '2020-06-17 08:22:21', '2020-06-17 08:22:21'),
(38, 'RS HUSADA UTAMA', 1, '2020-06-18 02:07:50', '2020-06-18 02:07:50'),
(39, 'RS PURA RAHARJA', 1, '2020-06-18 02:45:02', '2020-06-18 02:45:02'),
(40, 'RS NATIONAL HOSPITAL', 1, '2020-06-18 02:55:05', '2020-06-18 02:55:05'),
(41, 'rs ramelan', 1, '2020-06-18 06:33:41', '2020-06-18 06:33:41'),
(42, 'PT BALI DHARMA MEDISTRA', 1, '2020-06-19 03:14:12', '2020-06-19 03:14:12'),
(43, 'PT KLINIK SEMESTA MANDIRI', 1, '2020-06-19 03:18:16', '2020-06-19 03:18:16'),
(44, 'RSUD SANJIWANI', 1, '2020-06-19 03:23:16', '2020-06-19 03:23:16'),
(45, 'rsu kab magetan', 1, '2020-06-19 07:30:01', '2020-06-19 07:30:01'),
(46, 'RSUD PARE', 1, '2020-06-20 02:06:18', '2020-06-20 02:06:18'),
(47, 'PT NUSANTARA MEDIKA UTAMA / RS GATOEL', 1, '2020-06-20 03:46:44', '2020-06-20 03:46:44'),
(48, 'RSU KARSA HUSADA', 1, '2020-06-20 04:54:50', '2020-06-20 04:54:50'),
(49, 'RS Universitas Brawijaya Malang', 1, '2020-06-22 02:12:42', '2020-06-22 02:12:42'),
(50, 'RSUD IBNU SINA', 1, '2020-06-22 03:48:04', '2020-06-22 03:48:04'),
(51, 'RSU Universitas Muhammadiyah Malang', 1, '2020-06-22 03:53:24', '2020-06-22 03:53:24'),
(52, 'PT BALIMED PUTRA JEMBRANA', 1, '2020-06-22 04:14:02', '2020-06-22 04:14:02'),
(53, 'PT SADHA AGUNG', 1, '2020-06-22 04:16:37', '2020-06-22 04:16:37'),
(54, 'RSUD SOSODORO DJATIKOESOMO BOJONEGORO', 1, '2020-06-23 03:45:57', '2020-06-23 03:45:57'),
(55, 'RS Bhayangkara Lumajang', 1, '2020-06-23 04:50:42', '2020-06-23 04:50:42'),
(56, 'PT NUSANTARA MEDIKA UTAMA / RS TOELONGREDJO', 1, '2020-06-23 06:42:32', '2020-06-23 06:42:32'),
(57, 'RS Royal Surabaya', 1, '2020-06-23 06:56:34', '2020-06-23 06:56:34'),
(58, 'CV MULIA HUSADA / APOTEK KLINIK HUSADA MULIA', 1, '2020-06-23 07:28:57', '2020-06-23 07:28:57'),
(59, 'YAY RUMAH SAKIT BAPTIS', 1, '2020-06-23 07:37:27', '2020-06-23 07:37:27'),
(60, 'RSU MUHAMMADIYAH BANDUNG TULUNGAGUNG', 1, '2020-06-23 07:41:40', '2020-06-23 07:41:40'),
(61, 'PT PRIMA HOLISTIC CARE', 1, '2020-06-23 07:51:24', '2020-06-23 07:51:24'),
(62, 'PT ROLAS NUSANTARA MEDIKA / RS KALIWATES', 1, '2020-06-23 07:53:21', '2020-06-23 07:53:21'),
(63, 'PT ABNA SAMANHUDISAUTIKA HUSADA / RS WAVA HUSADA', 1, '2020-06-23 07:57:33', '2020-06-23 07:57:33'),
(64, 'UMBARAN JOKO NUGROHO / APOTEK METRO', 1, '2020-06-23 08:01:28', '2020-06-23 08:01:28'),
(65, 'RSI Sakinah Mojokerto', 1, '2020-06-23 09:16:14', '2020-06-23 09:16:14'),
(66, 'RSUD DR.HARYOTO', 1, '2020-06-24 01:53:48', '2020-06-24 01:53:48'),
(67, 'dinas kesehatan kab.probolinggo', 1, '2020-06-24 02:05:43', '2020-06-24 02:05:43'),
(68, 'RSUD Dr.ISKAK TULUNGAGUNG', 1, '2020-06-24 02:36:42', '2020-06-24 02:36:42'),
(69, 'RSUD BANGIL', 1, '2020-06-24 06:47:35', '2020-06-24 06:47:35'),
(70, 'RSU Suyudi Lamongan', 1, '2020-06-24 07:12:20', '2020-06-24 07:12:20'),
(71, 'RSU Suyudi Lamongan', 2, '2020-06-24 07:18:45', '2020-06-24 07:19:20'),
(72, 'RSU KAB. BULELENG', 1, '2020-06-25 04:21:49', '2020-06-25 04:21:49'),
(73, 'RS Siti Khodijah Sidoarjo', 1, '2020-06-25 06:32:52', '2020-06-25 06:32:52'),
(74, 'rsud pasirian', 1, '2020-06-26 07:43:28', '2020-06-26 07:43:28'),
(75, 'YAY RS PANTI NIRMALA', 1, '2020-06-26 07:51:28', '2020-06-26 07:51:28'),
(76, 'RSUD SOGATEN', 1, '2020-06-26 09:30:06', '2020-06-26 09:30:06'),
(77, 'PT BUANA VARIAKOMPUTAMA', 1, '2020-06-27 01:25:55', '2020-06-27 01:25:55'),
(78, 'RSUD Prof. Dr. W.Z. Johannes Kupang', 1, '2020-06-27 02:03:58', '2020-06-27 02:03:58'),
(79, 'rsud nganjuk', 1, '2020-06-27 03:50:54', '2020-06-27 03:50:54'),
(80, 'RSUD SUMENEP', 1, '2020-06-27 04:11:38', '2020-06-27 04:11:38'),
(81, 'rsud soewandhi', 1, '2020-06-27 04:14:49', '2020-06-27 04:14:49'),
(82, 'RSUD Caruban', 1, '2020-06-29 06:18:42', '2020-06-29 06:18:42'),
(83, 'PT GLOBAL SURYA KEMALA', 1, '2020-06-29 07:00:33', '2020-06-29 07:00:33'),
(84, 'RS ISLAM ORPEHA TULUNGAGUNG', 1, '2020-06-29 07:17:33', '2020-06-29 07:17:33'),
(85, 'PT ROLAS NUSANTARA MEDIKA / RSU BHAKTI HUSADA', 1, '2020-06-29 08:29:27', '2020-06-29 08:29:27'),
(86, 'RS Lapangan covid 19 kogabwilhan II', 1, '2020-06-30 03:40:32', '2020-06-30 03:40:32'),
(87, 'RSUD SAIFUL ANWAR MALANG', 1, '2020-06-30 07:39:24', '2020-06-30 07:39:24'),
(88, 'RSUD PAMEKASAN', 1, '2020-07-01 07:41:05', '2020-07-01 07:41:05'),
(89, 'rsud mardi waluyo', 1, '2020-07-01 07:44:55', '2020-07-01 07:44:55'),
(90, 'RSU BHAKTI RAHAYU SURABAYA', 1, '2020-07-02 02:25:09', '2020-07-02 02:25:09'),
(91, 'RSUD LAWANG', 1, '2020-07-02 04:54:44', '2020-07-02 04:54:44'),
(92, 'rsud simpang lima gumul kediri', 1, '2020-07-02 07:14:56', '2020-07-02 07:14:56'),
(93, 'RSUD HARJONO', 1, '2020-07-02 09:18:07', '2020-07-02 09:18:07'),
(94, 'RSUD KERTOSONO', 1, '2020-07-03 03:29:50', '2020-07-03 03:29:50'),
(95, 'RSUD SOEDONO', 1, '2020-07-03 03:51:24', '2020-07-03 03:51:24'),
(96, 'RSUD CARUBAN', 1, '2020-07-03 08:05:55', '2020-07-03 08:05:55'),
(97, 'PT SURYA BALI MAKMUR', 1, '2020-07-03 08:36:39', '2020-07-03 08:36:39'),
(98, 'RS SITI HAJAR', 1, '2020-07-07 01:57:46', '2020-07-07 01:57:46'),
(99, 'dinkes gresik', 1, '2020-07-07 02:11:00', '2020-07-07 02:11:00'),
(100, 'dinkes gresik', 1, '2020-07-07 02:11:26', '2020-07-07 02:11:26'),
(101, 'RSUD BALI MANDARA', 1, '2020-07-08 02:25:32', '2020-07-08 02:25:32'),
(102, 'RS SANGLAH', 1, '2020-07-08 03:09:41', '2020-07-08 03:09:41'),
(103, 'RSUD BHAKTI DHARMA HUSADA SURABAYA', 1, '2020-07-08 03:28:46', '2020-07-08 03:28:46'),
(104, 'PT RUMAH SAKIT WIJAYA KUSUMA / RS WIJAYA KUSUMA', 1, '2020-07-09 08:25:57', '2020-07-09 08:25:57'),
(105, 'PT DASA USAHA JAYA / RS LAWANG MEDIKA', 1, '2020-07-09 09:42:52', '2020-07-09 09:42:52'),
(106, 'PT.ASTRA INTERNASIONAL', 1, '2020-07-10 02:27:28', '2020-07-10 02:27:28'),
(107, 'RS TNI AU Soemitro', 1, '2020-07-11 02:16:03', '2020-07-11 02:16:03'),
(108, 'RS RAHMAN RAHIM', 1, '2020-07-13 03:13:24', '2020-07-13 03:13:24'),
(109, 'PT SARANA INTERNUSA ABADI PERKASA', 1, '2020-07-13 08:22:32', '2020-07-13 08:22:32'),
(110, 'CV KLINIK RAWAT INAP QONA\'AH / APOTEK QONA\'AH', 1, '2020-07-13 08:25:45', '2020-07-13 08:25:45'),
(111, 'RSUD SIDOARJO', 1, '2020-07-13 09:13:35', '2020-07-13 09:13:35'),
(112, 'rsu haji surabaya', 1, '2020-07-14 01:59:29', '2020-07-14 01:59:29'),
(113, 'RSUD MATARAM', 1, '2020-07-15 04:28:24', '2020-07-15 04:28:24'),
(114, 'BHAYANGKARA WATUKOSEK', 1, '2020-07-20 09:22:59', '2020-07-20 09:22:59'),
(115, 'RSU PINDAD TUREN', 1, '2020-07-21 03:06:05', '2020-07-21 03:06:05'),
(116, 'PT ERSA PRIMA MEDIKA', 1, '2020-07-21 04:01:34', '2020-07-21 04:01:34'),
(117, 'FAJAR SUAIDY / APOTEK ANUGRAH FARMA', 1, '2020-07-22 02:49:51', '2020-07-22 02:49:51'),
(118, 'RSUD NAIBONAT', 1, '2020-07-27 02:29:06', '2020-07-27 02:29:06'),
(119, 'PT RSU MUHAMMADIYAH PONOROGO', 1, '2020-07-27 06:51:32', '2020-07-27 06:51:32'),
(120, 'rsud soegiri lamongan', 1, '2020-07-27 09:40:03', '2020-07-27 09:40:03'),
(121, 'rsud waluyo jati probolinggo', 1, '2020-07-29 07:23:15', '2020-07-29 07:23:15'),
(122, 'RS MATA MASYARAKAT', 1, '2020-07-30 01:43:15', '2020-07-30 01:43:15'),
(123, 'RS BUNDA BENOWO', 1, '2020-07-30 01:49:36', '2020-07-30 01:49:36'),
(124, 'RS MUHAMMADYAH LUMAJANG', 1, '2020-07-30 01:50:19', '2020-07-30 01:50:19'),
(125, 'puskesmas kauman', 1, '2020-08-03 06:13:58', '2020-08-03 06:13:58'),
(126, 'RS Universitas Udayana', 1, '2020-08-10 03:09:58', '2020-08-10 03:09:58'),
(127, 'RSUD Waikabubak', 1, '2020-08-10 04:41:40', '2020-08-10 04:41:40'),
(128, 'RSUD SOEGATEN', 1, '2020-08-11 09:34:31', '2020-08-11 09:34:31'),
(129, 'puskesmas sumberasih', 1, '2020-08-18 06:44:14', '2020-08-18 06:44:14'),
(130, 'RS GOTONG ROYONG', 1, '2020-08-18 08:09:08', '2020-08-18 08:09:08'),
(131, 'RS DKT SIDOARJO', 1, '2020-08-18 08:09:54', '2020-08-18 08:09:54'),
(132, 'RS AT-TIN', 1, '2020-08-18 08:10:27', '2020-08-18 08:10:27'),
(133, 'RS DKT GUBENG', 1, '2020-08-19 02:28:56', '2020-08-19 02:28:56'),
(134, 'RSU HAJI SURABAYA', 1, '2020-08-19 02:29:41', '2020-08-19 02:29:41'),
(135, 'Moh. Anwar Sumenep', 1, '2020-08-19 03:44:46', '2020-08-19 03:44:46'),
(136, 'CV KAWAN SEJATI', 1, '2020-08-19 07:53:24', '2020-08-19 07:53:24'),
(137, 'YAY YAYASAN AL HASANAH', 1, '2020-08-19 07:56:26', '2020-08-19 07:56:26'),
(138, 'rsud genteng', 1, '2020-08-24 03:05:59', '2020-08-24 03:05:59'),
(139, 'MUHAMMADYAH SURABAYA', 1, '2020-08-25 07:26:48', '2020-08-25 07:26:48'),
(140, 'RS SEMEN GRESIK', 1, '2020-08-26 03:32:03', '2020-08-26 03:32:03'),
(141, 'RS BHAYANGKARA KEDIRI', 1, '2020-08-26 03:33:38', '2020-08-26 03:33:38'),
(142, 'RS Ari Canti', 1, '2020-08-27 01:36:02', '2020-08-27 01:36:02'),
(143, 'pkm pajarakan', 1, '2020-08-27 09:01:09', '2020-08-27 09:01:09'),
(144, 'RS DELTA SURYA', 1, '2020-08-31 06:44:07', '2020-08-31 06:44:07'),
(145, 'RS MUHAMMADIYAH LAMONGAN', 1, '2020-08-31 06:45:15', '2020-08-31 06:45:15'),
(146, 'RS AISYIYAH SITI FATIMAH', 1, '2020-08-31 06:45:32', '2020-08-31 06:45:32');

-- --------------------------------------------------------

--
-- Struktur dari tabel `tujuan_hd`
--

CREATE TABLE `tujuan_hd` (
  `id` int(10) UNSIGNED NOT NULL,
  `nama_tujuan` varchar(191) COLLATE utf8mb4_unicode_ci NOT NULL,
  `status` tinyint(4) NOT NULL DEFAULT 1,
  `created_at` timestamp NULL DEFAULT NULL,
  `updated_at` timestamp NULL DEFAULT NULL
) ENGINE=InnoDB DEFAULT CHARSET=utf8mb4 COLLATE=utf8mb4_unicode_ci;

--
-- Dumping data untuk tabel `tujuan_hd`
--

INSERT INTO `tujuan_hd` (`id`, `nama_tujuan`, `status`, `created_at`, `updated_at`) VALUES
(2, 'Pimpinan', 1, '2020-02-19 02:29:03', '2020-02-19 08:27:22');

-- --------------------------------------------------------

--
-- Struktur dari tabel `tujuan_nhd`
--

CREATE TABLE `tujuan_nhd` (
  `id` int(10) UNSIGNED NOT NULL,
  `nama_tujuan` varchar(191) COLLATE utf8mb4_unicode_ci NOT NULL,
  `status` tinyint(4) NOT NULL DEFAULT 1,
  `created_at` timestamp NULL DEFAULT NULL,
  `updated_at` timestamp NULL DEFAULT NULL
) ENGINE=InnoDB DEFAULT CHARSET=utf8mb4 COLLATE=utf8mb4_unicode_ci;

--
-- Dumping data untuk tabel `tujuan_nhd`
--

INSERT INTO `tujuan_nhd` (`id`, `nama_tujuan`, `status`, `created_at`, `updated_at`) VALUES
(3, 'RS RAHMAN RAHIM', 1, '2020-07-13 03:12:31', '2020-07-13 03:12:31'),
(4, 'RSUD DR.SOSODORO DJATIKUSUMO', 1, '2020-08-18 04:32:08', '2020-08-18 04:32:08'),
(5, 'RS GOTONG ROYONG', 1, '2020-08-18 04:32:24', '2020-08-18 04:32:24'),
(6, 'RS DKT SIDOARJO', 1, '2020-08-18 04:32:44', '2020-08-18 04:32:44'),
(7, 'RS AT-TIN', 1, '2020-08-18 04:34:02', '2020-08-18 04:34:02'),
(8, 'PT.SINAR RODA UTAMA JKT', 1, '2020-08-19 03:05:32', '2020-08-19 03:05:32');

-- --------------------------------------------------------

--
-- Struktur dari tabel `tujuan_st`
--

CREATE TABLE `tujuan_st` (
  `id` int(10) UNSIGNED NOT NULL,
  `nama_tujuan` varchar(191) COLLATE utf8mb4_unicode_ci DEFAULT NULL,
  `status` smallint(6) NOT NULL DEFAULT 1,
  `created_at` timestamp NULL DEFAULT NULL,
  `updated_at` timestamp NULL DEFAULT NULL
) ENGINE=InnoDB DEFAULT CHARSET=utf8mb4 COLLATE=utf8mb4_unicode_ci;

--
-- Dumping data untuk tabel `tujuan_st`
--

INSERT INTO `tujuan_st` (`id`, `nama_tujuan`, `status`, `created_at`, `updated_at`) VALUES
(1, 'RSUD. Sidoarjo', 1, '2020-03-11 03:06:13', '2020-07-10 07:08:28'),
(3, 'RSUD. Dr. Soetomo Surabaya', 1, '2020-03-12 03:37:31', '2020-07-10 07:08:16'),
(5, 'Gudang Kedinding', 1, '2020-06-12 08:23:45', '2020-06-12 08:23:54'),
(6, 'RS. Sakinah Mojokerto', 1, '2020-07-10 06:37:16', '2020-07-10 07:07:59'),
(7, 'RSU. Kaliwates Jember', 1, '2020-07-10 06:37:37', '2020-07-10 07:07:20'),
(8, 'RSUD. Nganjuk', 1, '2020-07-10 06:39:54', '2020-07-10 07:08:39'),
(9, 'RS. William Booth Surabaya', 1, '2020-07-10 07:08:54', '2020-07-10 07:08:54'),
(10, 'PT. Sinar Roda Utama Surabaya', 1, '2020-07-10 07:09:11', '2020-07-10 07:09:11');

-- --------------------------------------------------------

--
-- Struktur dari tabel `users`
--

CREATE TABLE `users` (
  `id` int(10) UNSIGNED NOT NULL,
  `name` varchar(191) COLLATE utf8mb4_unicode_ci NOT NULL,
  `nik` varchar(191) COLLATE utf8mb4_unicode_ci DEFAULT '',
  `jabatan` varchar(191) COLLATE utf8mb4_unicode_ci DEFAULT '',
  `username` varchar(191) COLLATE utf8mb4_unicode_ci NOT NULL,
  `email` varchar(191) COLLATE utf8mb4_unicode_ci NOT NULL,
  `no_telp` varchar(191) COLLATE utf8mb4_unicode_ci DEFAULT '',
  `cabang_id` int(11) UNSIGNED DEFAULT NULL,
  `dept_id` int(11) UNSIGNED DEFAULT NULL,
  `atasan_id` int(10) UNSIGNED DEFAULT NULL,
  `image` varchar(191) COLLATE utf8mb4_unicode_ci DEFAULT NULL,
  `active` smallint(1) DEFAULT 1,
  `email_verified_at` timestamp NULL DEFAULT NULL,
  `password` varchar(191) COLLATE utf8mb4_unicode_ci NOT NULL,
  `remember_token` varchar(100) COLLATE utf8mb4_unicode_ci DEFAULT NULL,
  `created_at` timestamp NULL DEFAULT NULL,
  `updated_at` timestamp NULL DEFAULT NULL
) ENGINE=InnoDB DEFAULT CHARSET=utf8mb4 COLLATE=utf8mb4_unicode_ci;

--
-- Dumping data untuk tabel `users`
--

INSERT INTO `users` (`id`, `name`, `nik`, `jabatan`, `username`, `email`, `no_telp`, `cabang_id`, `dept_id`, `atasan_id`, `image`, `active`, `email_verified_at`, `password`, `remember_token`, `created_at`, `updated_at`) VALUES
(1, 'Admin', 'admin', 'Administrator', 'admin', 'admin@sinarrodautama.co.id', '0822355', 2, 1, NULL, 'admin.jpg', 4, NULL, '$2y$10$vV7lsnyJenmYgx1WgZPsPeUKFwiQcdzrPJqdjsHDdqkhJU3R127E.', NULL, '0000-00-00 00:00:00', '2020-02-06 01:59:53'),
(16, 'Liztrianto Pujo Hardhiko', '1820268', 'Staff IT', 'liztrianto.p', 'liztrianto.p@sinarrodautama.co.id', NULL, 2, 1, 40, NULL, 4, NULL, '$2y$10$am.yW0e83dkGBf.xbPMRXOohe70OF/OO5UUmihgTAOvdV.PNjBFIC', NULL, '2020-01-30 06:37:32', '2020-03-18 01:49:39'),
(37, 'Wiwik Sriwulan Yuli', '0820033', 'Operational Manager', 'wiwik.s', 'wiwik.s@sinarrodautama.co.id', NULL, 2, 13, NULL, NULL, 4, NULL, '$2y$10$grIn8RSvgPeDpWPnmsiSFOBoIfSyUzNx99wS7VMEwl2RdCj5vb/cm', NULL, '2020-02-07 03:51:59', '2020-06-20 01:49:58'),
(38, 'Witarnoko', '1520157', 'Account Receivables Controller', 'witarnoko', 'witarnoko@sinarrodautama.co.id', '081295859310', 2, 11, 41, '1520157.jpg', 4, NULL, '$2y$10$WQ.FOnR4iPrUSAPbWnHpseDJM2hHvw8bGpuyi0mOyzrK9EO/OKXai', '8R1fZ4320C2CFjueSWAS9zMtVPoaQ8k6Gd6UcMRUZTl8pVskyXNFRx3nRhZl', '2020-02-07 03:53:35', '2020-03-30 07:21:25'),
(39, 'Andrew Antonio Teguh Arifin', '1820293', 'Improvement Manager', 'andrew.a', 'andrew.a@sinarrodautamaa.co.id', NULL, 2, 13, 52, NULL, 4, NULL, '$2y$10$Klkw42ExswKMk7b3ssFyg.adGgoInyJgRzn9DJ7rleAC540lsfv6C', NULL, '2020-02-08 02:33:41', '2020-04-16 02:47:18'),
(40, 'Kristia Budi', '1620207', 'IT Support', 'kristia.b', 'kristia.b@sinarrodautama.co.id', '0855555555555', 2, 1, 37, '1620207.png', 4, NULL, '$2y$10$FoRTB3rXxth4KT4yd57xuOpAisTITfuOJ4mTOzbYVA3WyqLAlLg5.', NULL, '2020-02-21 08:10:40', '2020-04-01 03:31:02'),
(41, 'Nuning Pribayanti', '1020038', 'PIC FAT', 'nuning.n', 'nuning.p@sinarrodautama.co.id', '0855555555555', 2, 12, 37, NULL, 4, NULL, '$2y$10$P/iFhTDDNocVzQf0NE1O8uksylJFbQb9AMa/5dv83ie42PpQO2hhO', NULL, '2020-03-07 03:55:41', '2020-06-17 02:43:56'),
(43, 'Exti Lusiani Ega Wurianti', '1620204', 'Admin Kasir', 'exti.l', 'exti@sinarrodautama.co.id', '085746600610', 2, 12, 41, NULL, 4, NULL, '$2y$10$XYDrpbaEKECFcv7lr1XgTOePRk4.N0gxazLg3hnLqLQAOBahc92k.', 'td811kyoMWdO2u8nYP3YiJ6SZbKdLNghd9LfyTLKWI83wBOMZpE6TwQn7dWa', '2020-03-09 03:41:41', '2020-03-10 03:28:35'),
(44, 'R. Ayu Indah Agustina Setyawati', '1720224', 'Admin Piutang', 'ayu.i', 'agustina.s@sinarrodautama.co.id', '081939258408', 2, 11, 38, NULL, 4, NULL, '$2y$10$IyuZs8Sgh3UA2Qqudm5hTuu/gM/Zu016VrL9e6QjR4PZ/IoN1YvLq', 'IAc9aAGU2udJoVrHdqSzMgyNMVh2FOlMWztbdVNZEG3UCgim6so5fhbXSPpA', '2020-03-09 04:34:52', '2020-03-10 03:26:50'),
(45, 'Thohiriyah', '1620200', 'Ka Accounting', 'thohiriyah.t', 'thohiriyah@sinarrodautama.co.id', '081515378620', 2, 12, 41, NULL, 4, NULL, '$2y$10$QRD5uIN.PBmnUIlEPwaJCuwDPoY5T28KudrBJzeZtktU4aKUg6SMe', '0NG4qTxAdj1N7nyuvnCrZI1tLlmh10Uzd4fIW8XPXbNGiGTDBUBxDiGfyRud', '2020-03-10 02:06:57', '2020-03-13 02:35:00'),
(46, 'Indah Agustin Rahayu', '1820275', 'Staff Finance', 'indah.ar', 'agustin.r@sinarrodautama.co.id', '085784196965', 2, 12, 41, NULL, 4, NULL, '$2y$10$CWLPwNqB0q//iFs5AGw/oORU8iu24hfKdjaBUmmk/3iUQIKzzLcMG', 'URN1luMu7HmZLzN6OuqwftyT0aDtv1ZpklU9BhsC15C6buUD13ZamBHBtLQt', '2020-03-10 02:12:31', '2020-03-13 02:34:39'),
(47, 'Fia Artamila', '1020046', 'Kasir', 'artamila.fia', 'fia.a@sinarrodautama.co.id', '087851117475', 2, 12, 41, NULL, 4, NULL, '$2y$10$0isRN8julmovTcVEV3d4.OyDAhSYNzkkMD1w/cX0EclYYzoH66BHO', NULL, '2020-03-10 02:15:18', '2020-03-13 02:34:23'),
(48, 'Nuzulul Mas\'ud', '1820289', 'Staff IT', 'nuzulul.m', 'nuzulul.m@sinarrodautama.co.id', '085784406018', 2, 1, 40, '1593058404.png', 4, NULL, '$2y$10$mQpgm7wUTG7bGuujhLX0uO99sppQQI5TVVm9RWhcHVqGaniXcDMbC', NULL, '2020-03-10 04:06:36', '2020-06-25 04:13:24'),
(49, 'Hariyati', '1820290', 'Admin Procurement', 'hariyati', 'hariyanti@sinarrodautama.co.id', '082234859569', 2, 2, 57, NULL, 4, NULL, '$2y$10$aBNnatZATsXHD8dheLBNaOqwix282GinsViknmzc7LRX2dM1nMAZq', NULL, '2020-03-12 01:48:24', '2020-07-06 01:51:32'),
(50, 'Erni Pribayanti', '0820007', 'controller piutang RM12', 'erni.p', 'adm.piutang.sby@sinarrodautama', '081331656667', 2, 11, 41, NULL, 4, NULL, '$2y$10$UIhKAwyaKrlGAj54WW7Rde/gIVjyQoZbe4PYRVYxVST3uW5kjDc3a', NULL, '2020-03-12 01:58:07', '2020-06-13 02:26:39'),
(51, 'Vidiya Asmaul Husnah', '1320102', 'Staff Tax', 'vidiya.ah', 'sby.acct3@sinarrodautama.co.id', '082140750088', 2, 12, 41, NULL, 4, NULL, '$2y$10$hGruYaSvnIxVcFTzzV6wl.Ugia0tM5YMTIDq.u4zm99q8Q/bd6KNO', 'lLmExrxGogWxv6iGB7FLJOm2fWyAyPXWYVMGxqfeIAR7rIWGB8MXvjHxQdrK', '2020-03-13 02:29:58', '2020-03-13 02:35:13'),
(52, 'Herman Harsono', '0820012', 'Branch Office Manager', 'herman.h', 'herman.h@sinarrodautama.co.id', NULL, 2, 13, NULL, NULL, 4, NULL, '$2y$10$ZjHplia.uBZeIry58./dMuUsys7fCyEEAkFd4IutgrZ8uFd1OzvPu', NULL, '2020-03-18 01:54:27', '2020-06-11 08:00:53'),
(55, 'Marieta Christanty', '1520167', 'ADM HRD', 'marietta.cr', 'sby.hrd@sinarrodautama.co.id', '082213228876', 2, 3, 52, NULL, 4, NULL, '$2y$10$oKNHp4oMLZja1c8jB7HGi.0BI6ToL38SECEq/wmnCQVhH0DygZjZa', NULL, '2020-04-02 02:17:46', '2020-04-14 08:00:43'),
(56, 'Januarini Ngestiningsas', '0820016', 'Sekretariat', 'rini.n', 'rini.n@sinarrodautama.co.id', '0800000000000', 2, 13, 52, NULL, 4, NULL, '$2y$10$ZWn9roJEY3PegA.ykBiWTuWmpOrQjB47ReTb6rgmz/e07eNyPLPoS', NULL, '2020-04-02 08:54:09', '2020-04-02 08:55:58'),
(57, 'Anggraini', '0820001', 'PIC SCM & Logistic', 'aini.a', 'aini.a@sinarrodautama.co.id', '08999290427', 2, 2, 37, NULL, 4, NULL, '$2y$10$m1Sany6MTIzvnrvTo7lUQuKs2y8x9bhaSB8h0yX2wcLmTyI7FA7W2', NULL, '2020-04-13 02:20:24', '2020-06-16 05:03:33'),
(58, 'Indah Rahmawati', '1720254', 'Admin', 'indah.r', 'indah.r@sinarrodautama.co.id', '083857177676', 2, 5, 71, NULL, 4, NULL, '$2y$10$eGsjc/8u9JVfXCPfF7nXHu.uTJSp1P3CAr6OALPZ94n73Mn6UHRKm', 'aadgJmKSJ6dtBAyNPpWDCjFH6hMY9BRNg4EmaNYEFkeD6rhmosl2mbMG5tV1', '2020-04-13 02:37:44', '2020-07-22 06:47:24'),
(60, 'Septiana Pranawati', '1420251', 'staff accounting', 'Septiana.p', 'septiana.p@sinarrodautama.co.id', '089607458537', 2, 12, 41, NULL, 4, NULL, '$2y$10$0WeKYXKGAczMKhsn.7UJDeN0jUP7GCVqr6YeyPrE39YYmVWGv2xNm', NULL, '2020-04-17 08:01:28', '2020-04-17 08:02:10'),
(62, 'its sby', '100001', 'Staff IT', 'its', 'sby.itssru@gmail.com', '0856565656565', 2, 1, 40, NULL, 4, NULL, '$2y$10$ooAD/bOIEPNzf3l4KsjSiu0/qaFGPVF5O6D8e8XVKIbw7Y8gG1iEu', NULL, '2020-05-19 02:38:43', '2020-06-22 01:46:50'),
(65, 'Ukhtia Aghni Wibowo', '1520177', 'Admin Part dan Mesin', 'ukhtia.aw', 'sby.ccs@sinarrodautama.co.id', '081233936580', 2, 2, 57, NULL, 4, NULL, '$2y$10$kqpJNgklLeNIGgWpNYk8Ku0Sl/cLqkqQK56cRvIo3wiKV9R1vCvHa', NULL, '2020-06-09 09:28:17', '2020-06-16 08:15:54'),
(66, 'Novi Ayu Rahmawati', '1920327', 'DCQA', 'novi.ar', 'novihardyanto@gmail.com', '081252621854', 2, 5, 71, NULL, 4, NULL, '$2y$10$qXskPN3LttGLXaG2NfH.S.VaGItb.i7/G9Jfhwy4BjyjZ26JvwBX.', 'KpKOhJGl4MVbgWOvyIESWhFvfguUG0GJAUHvw6C2dUBLRam9UDI6jKSSdXt8', '2020-06-09 09:30:44', '2020-06-11 08:50:28'),
(71, 'Gatot Soepriadi', '0820010', 'KA TAM', 'gatot.s', 'gatot.s@sinarrodautama.co.id', '08565555555', 2, 5, 52, NULL, 4, NULL, '$2y$10$DfxuHIzgGqbZC78ZIiPxgeZtBXdlrNgkLhHPAWi3tSx/pNSZSvCoy', NULL, '2020-06-11 07:59:57', '2020-06-11 08:49:26'),
(72, 'Sepbrina Eka Rachmawati', '1120063', 'Admin Penjualan', 'sepbrina.e', 'sepbrina.e@sinarrodautama.co.id', '081553789968', 2, 2, 57, '1120063.jpg', 4, NULL, '$2y$10$/2ZrRVl7ONM4vIIvTyO9Ou0UsmacM/rSWQv.G5CMaDecgT1ns1uYq', NULL, '2020-06-12 01:11:14', '2020-06-17 01:03:25'),
(73, 'Yosafat Robbi Winata', '1820280', 'PIC GA', 'yosafat.r', 'yosafat.r@sinarrodautama.co.id', '085102201953', 2, 4, 37, '1820280.jpg', 4, NULL, '$2y$10$6wMLZXD061YJtd9P7O8HROHEeRtDcwpzydiD9PsYp7BIjxsMjHoLe', NULL, '2020-06-12 01:50:37', '2020-06-12 02:16:44'),
(74, 'Okta Wirawan', '0820023', 'KA Teknisi', 'okta.w', 'octa.w@sinarrodautama.co.id', '081259282800', 2, 5, 71, NULL, 4, NULL, '$2y$10$OedmkAGRyQUpfOXvr.G4B.2o6PgFkg9ovkaMIR0ECMajjgHZZTqQK', NULL, '2020-06-12 02:11:23', '2020-06-12 04:37:44'),
(75, 'Heru Darmawan', '1020044', 'KA Teknisi', 'heru.d', 'ka.teknisi@sinarrodautama.co.id', '081234706314', 2, 5, 71, NULL, 4, NULL, '$2y$10$/8rwisduWhNGwccTTJeroeoFTdydckb1qGcRRFnCTuYMuib5T17H2', 'TYe0KIUPUYybvFz08OyMHofgGBnTB2UKRVAaYMmP9pbCAmJBjnxTV0cSLuYc', '2020-06-12 02:14:18', '2020-06-12 04:36:23'),
(76, 'Isnin Tri Iswanto', '1220077', 'Technical Support', 'isnin.t', 'isnin.t@sinarrodautama.co.id', '082217594793', 2, 5, 71, NULL, 4, NULL, '$2y$10$wNHuOpiPRRKnUSWVbqQjFu/xW8IE1HpMhJFSmbg46zNmWmvrK/nr.', NULL, '2020-06-12 02:16:24', '2020-06-12 04:38:48'),
(77, 'Andy Dwi Lunggono', '1520180', 'Technical Support', 'andy.dl', 'andy.dl@gmail.com', '081332970644', 2, 5, 71, NULL, 4, NULL, '$2y$10$yV6xmnSd3nNPTvYwIgZOwOFTzuqN7FlEo/1jGRYcaDmrX.FivyT4a', NULL, '2020-06-12 02:18:34', '2020-06-12 04:35:22'),
(78, 'Hazhiyah Nur Amalina', '1920320', 'DCQA', 'hazhiyah.n', 'hazhiyahtekmed04@gmail.com', '089520006644', 2, 5, 71, NULL, 4, NULL, '$2y$10$68Zz51hRctAhKLYhbl5GAuC3gNhlJ0XhEGChWsSLkVOG08zsy2vWS', NULL, '2020-06-12 02:59:48', '2020-06-16 08:56:11'),
(79, 'Ary Mujiastuti', '1420130', 'Admin Pemberkasan', 'mujiastuti.a', 'mujiastuti.a@sinarrodautama.co.id', '082302509293', 2, 11, 38, NULL, 4, NULL, '$2y$10$moOqwY54yvcvZtp7799Utuvw0wARo8fzJpvqXuKuZ8UL37r/8IZcq', 'wya8szS5BDq5QZxrum8pdBk7hE9j5mHx5pjahi3sGRfN8gqUnmJhxmkMLKHK', '2020-06-15 07:24:11', '2020-07-07 02:09:09'),
(80, 'Agustin Megawati', '1320088', 'admin pemberkasan', 'megawati.ag', 'adm.pemberkasan@sinarrodautama.co.id', '087854154545', 2, 11, 38, NULL, 4, NULL, '$2y$10$cDBB2xg9ma/91SqT2aPeb.SqDXb2JWhWKXhD1I.gYcZ1SpDHzF4cK', NULL, '2020-06-15 07:49:45', '2020-08-26 10:02:35'),
(81, 'septian tri cahyo', '1420125', 'collector', 'septiantr', 'septiantricahyo13@gmail.com', '083849150601', 2, 11, 38, NULL, 4, NULL, '$2y$10$Qv8kjeOCo4QINPyLYCNgJukAkSUSnRozlZk10KfHi/B9/4iyE3wlm', NULL, '2020-06-15 08:47:18', '2020-06-15 08:59:01'),
(82, 'Ahmad Fathi hamdan', '1520172', 'kolektor', 'hamdan.af', 'fathihamdan@gmail.com', '08991745797', 2, 11, 38, NULL, 4, NULL, '$2y$10$EfiEutlMVvxqpDHTwd3aqOID88BteriBlPoSIkMGm1N0QwSQpR7bq', NULL, '2020-06-15 08:50:59', '2020-06-15 08:58:24'),
(83, 'Lia Nur Azizah', '1520131', 'Koordinator Delivery', 'lia.na', 'lia.n@sinarrodautama.co.id', '0895341350624', 2, 2, 57, '1520131.jpeg', 4, NULL, '$2y$10$lFe5wjKsQ0RZbQj7gyu.z./73omVuwq9BFlNBMhDdxDvUFjQp9ySa', NULL, '2020-06-15 08:55:00', '2020-06-20 02:17:13'),
(84, 'Antika Fitri Rosiana Wulandari', '1820278', 'System Support', 'antika.f', 'antika.s@sinarrodautama.co.id', '082233150525', 2, 1, 37, NULL, 4, NULL, '$2y$10$h5qDgaBi37fw.Wh7tS8JkuQ2./VxARzIyYOc2BRXpZp9A7m.DmSX2', 'RsymojAjgUvfNpUbjSiJz52fuC9mU81wdnA9sjldObcZX35GqLdYAL8TIlFX', '2020-06-15 09:02:47', '2020-07-02 04:58:00'),
(85, 'Heru Royce Sabara', '1520147', 'Produk Market Manager Regional', 'heru.r', 'heru.r@sinarrodautama.co.id', '081234028834', 2, 6, 52, NULL, 4, NULL, '$2y$10$whgTIuyuSOLMnrNRvZkTQOtaHMiRnpXWTItwPMr/.ZDGTDzITNQAW', 'fe830Pf3NMEkJDJPyKLXIAu8sFXnKnv8tmOO5aQfhmTGpO07VZUU5lpiGAuS', '2020-06-16 01:39:42', '2020-06-16 01:44:26'),
(86, 'Suhariyanto', '0820029', 'kolektor', 'suhariyanto.sy', 'suhardimas273@gmail.com', '08563622783', 2, 11, 38, NULL, 4, NULL, '$2y$10$bVJE4BXiVjBKXk81ZSPsR.5zwPSYKR3RkIj3xKsD52EYSM/CGmdXa', NULL, '2020-06-16 01:51:01', '2020-06-16 06:11:23'),
(87, 'Prafta Puspito', '1520155', 'kolektor', 'puspito.pf', 'praftapuspito411@gmail.com', '081230576296', 2, 11, 38, NULL, 4, NULL, '$2y$10$SCcsF65H98fmttaZ/oA9neeR5afe19yfuY7gJiUIvUq/FhA.4IjZu', NULL, '2020-06-16 01:58:48', '2020-06-16 06:11:10'),
(88, 'Mutmaimah', '0820020', 'MSNHD', 'ima.m', 'ima.m@sinarrodautama.co.id', '085755651738', 2, 7, 57, NULL, 4, NULL, '$2y$10$8E3UqzMxUSD7pja4H1SDuu3v.81jR/rdjVvt9grEA.2wVRKpEOe82', 'm6KyIMcER5RFVP74CQdDCgfu81z1wDl5rAj6IUA3tspsQjPKB4E9XRAGANN6', '2020-06-16 03:45:11', '2020-06-16 06:10:33'),
(89, 'Devi Setiyowati', '1720219', 'Admin Penjualan', 'devi.s', 'sby.adm.pjl@sinarrodautama.co.id', '0881036102957', 2, 2, 57, NULL, 4, NULL, '$2y$10$311ucaWYh8DnO49sEz6BMemu5vYdqQXH2wUOGItjzEFX.BPAFlD0i', NULL, '2020-06-16 04:54:42', '2020-06-16 08:11:44'),
(90, 'Uswatul Riska Zuniati', '1320089', 'Admin Penjualan', 'Uswatul.rz', 'sby.ms.hd3@sinarrodautam.co.id', '081235305581', 2, 2, 57, NULL, 4, NULL, '$2y$10$2KhA3uxI4XChr91jfBglIuBbGgqawDT9/GxpNTlXrAzgdKzIz/Z4q', NULL, '2020-06-16 04:54:55', '2020-06-16 08:01:01'),
(91, 'Anita Dwi Suryani', '1920317', 'Admin Penjualan', 'anita.d', 'anita.d@sinarrodautama.co.id', '081357233371', 2, 2, 57, NULL, 4, NULL, '$2y$10$V6MvAlucuRgkOiccbVpk2.F3nElhIbMMXH4yKshZfgtYxAG0VeFBG', 'noKvD4TmxoXexWO3lY4m4op5J5ITKSEcGxyERWSw3mmuw8lcReLH7KeQ8nFY', '2020-06-16 05:19:11', '2020-06-16 08:10:09'),
(92, 'Hari Tri Sulistijo', '0820011', 'PMOR', 'hari.t', 'hari.t@sinarrodautama.co.id', '085230000495', 2, 6, 85, NULL, 4, NULL, '$2y$10$xB0G3oxzE0RYoPbTpAueIOFTTaDZoRctt4dBmLhnIOLojoPN/8tZa', NULL, '2020-06-16 05:27:29', '2020-06-17 02:03:14'),
(93, 'Aristya Rahadiyan Dewangga', '1320085', 'PMOR', 'Angga', 'sby.me.hd@sinarrodautama.co.id', '085810224495', 2, 6, 85, NULL, 4, NULL, '$2y$10$2m3pst6AM7hq4MSASVV55Oo6iVFGgIjNRhMLFwDqL1YGD26NY8vya', NULL, '2020-06-16 05:34:00', '2020-06-17 02:01:45'),
(94, 'Sleman', '1520140', 'Koord. Maintenance kendaraan', 'Sleman.s', 'sleman.s@sru.net', '085736195343', 2, 4, 73, NULL, 4, NULL, '$2y$10$BTb0MEfRVxZei3oclvwHd.rYbKdt.6Q4ZORMPfYhn1ceogU8.0QW2', NULL, '2020-06-16 05:42:06', '2020-06-18 01:52:32'),
(95, 'Sukoyono', '2020338', 'Maintenance kendaraan', 'Sukoyono.s', 'Sukoyono.s@sru.net', '081230305007', 2, 4, 73, NULL, 4, NULL, '$2y$10$qtVbOKbse5Io/lZLUsMYhOtl9RnuMXyGpy26yd.mmR/PQ2bwpdV82', NULL, '2020-06-16 05:45:24', '2020-06-18 01:52:47'),
(96, 'Suratman', '0820032', 'Koord. Umum (gudang)', 'Suratman.s', 'Suratman.s@sru.net', '081230983629', 2, 4, 73, NULL, 4, NULL, '$2y$10$kYLpcjsm6pCyiXYhyfCCSOW0Ypfe7WAVRq0kyy33LuPyV/SBQNbgK', NULL, '2020-06-16 05:47:44', '2020-06-18 01:52:58'),
(97, 'E Patricia Estrelitta Putri', '1620213', 'Marketing Support HD', 'patricia.e', 'patricia.e@sinarrodautama.co.id', '081241941224', 2, 6, 85, NULL, 4, NULL, '$2y$10$uelfQ2m99kWEzxK.vZJqEuqlLe/o8GVRLcyTr6s1KoVkTKkMTzLT2', 'JFLVGqx0Ls3icmrieUveCGWjAIL1zlZnjlBXE9Qwdup39nMpvtaQehgcQqIL', '2020-06-16 05:47:52', '2020-06-17 02:02:16'),
(98, 'Ari Sulistyo', '1120051', 'Maintenance & Utility', 'Ari.s', 'Ari.s@sru.net', '085733025100', 2, 4, 73, NULL, 4, NULL, '$2y$10$9UdcXMX5JgA4bQOX3uQrgOY6205IMrpAT0zRegnQxwhH3gicFtec2', NULL, '2020-06-16 05:49:50', '2020-06-16 08:24:59'),
(99, 'Aris Firmansyah', '1820277', 'Spv. Bagian Umum', 'Aris.f', 'Aris.f@sru.net', '085606611944', 2, 4, 73, NULL, 4, NULL, '$2y$10$UUC3B4KL0q7ZidGfWgL0HeRIE2Bgl6HQjxbTnPEbVsHSXw/h0XcS6', NULL, '2020-06-16 05:52:27', '2020-06-22 07:49:04'),
(100, 'Prihatin Ningsih', '0820024', 'Admin GA', 'Ningsih.p', 'ningsih.p@sinarrodautama.co.id', '085102104765', 2, 4, 73, NULL, 4, NULL, '$2y$10$fSaGqD.adSI3kqPwbBPqmeBS1EzUyuiSY5c.87sDincI91yLBpuVq', NULL, '2020-06-16 05:56:15', '2020-06-16 08:19:24'),
(101, 'Nella Eko Srizayanti', '1410369', 'Operator & Admin Umum', 'Nella.e', 'sby.operator@sinarrodautama.co.id', '087818323737', 2, 4, 73, NULL, 4, NULL, '$2y$10$NBHc7G9WGWvrw5jZ5cuTh.XfRb2DoTpR7wMf6vweV3KNKYGly197S', 'TQx16yVhYGko5Lw8JuGqF11llZCXRSnc8d710sb5y0oo3HvrvBJNoqdaM7bn', '2020-06-16 05:58:45', '2020-06-16 08:21:40'),
(102, 'Masykur', '1920295', 'Driver', 'Masykur.m', 'Masykur.m@sru.net', '083856888338', 2, 4, 73, NULL, 4, NULL, '$2y$10$vAoRYqiL8RzXd6ZC32s1teMBu7TjyOPaSePo4fPTTP62611v1N7wq', NULL, '2020-06-16 06:01:18', '2020-06-22 08:08:06'),
(103, 'Rio Mochamad Aditya', '1920313', 'Driver', 'Rio.m', 'Rio.m@sru.net', '081703813738', 2, 4, 73, NULL, 4, NULL, '$2y$10$1j9RvMGzpdvISCe.QUfb5euaun32YQ1om70OQLnCEyUiLQMi3MHNy', NULL, '2020-06-16 06:02:56', '2020-06-16 08:57:03'),
(104, 'Mutmainah', '0820021', 'Office Girl', 'Mutmainah.m', 'Mutmainah.m@sru.net', '083856538114', 2, 4, 73, NULL, 4, NULL, '$2y$10$gYjQo3AZ5r11HCTDtHd2su/nVUna6pHyMLj7vBYHo7U7U5TkLTl36', NULL, '2020-06-16 06:04:49', '2020-06-16 08:21:55'),
(105, 'Nur Wachid', '1820273', 'Office Boy', 'Nur.w', 'nur.w@sru.net', '083107887380', 2, 4, 73, NULL, 4, NULL, '$2y$10$s9xd3SnTBxpCMyJCxJx3aOQX539fj0NQwCAaTuqOhu/ypuv5i4hbi', NULL, '2020-06-16 06:17:38', '2020-06-16 08:20:25'),
(107, 'Mohamad Arif Prasetiyo', '1920315', 'Staff Mechanical Engineer', 'mohammad.a', 'arif.p@sinarrodautama.co.id', '0858-5525-2500', 2, 6, 85, NULL, 4, NULL, '$2y$10$nRNIThdGQaIvWtGaZ.N8iualbqeLgcoyYoLxpVUTHnR8WaRYp04vO', '1dXJrDNQnzeUG2n6kVE9F5QTblTI62dGEjvjGMq3HZDGjRJJQflTMZVUnYej', '2020-06-16 06:50:23', '2020-06-17 02:04:26'),
(108, 'Eka Yuniar Rachmawati', '1720250', 'DELIVERY', 'eka.y', 'eka.y@sinarroda.co.id', '087854620900', 2, 2, 57, NULL, 4, NULL, '$2y$10$bdQq8YcwyZ6irkXjPHtTaOC.MT.PrlQl9H3cVG8p6PGie7/.dxDn.', 'fI9Gpk9VTwPMZVaIuUjfS4B5mzVaGO8h4pSfmBR3NQzSicc6kXUdXfb6tUrC', '2020-06-16 07:09:42', '2020-06-22 02:12:24'),
(109, 'Candra Eka Permana', '1620215', 'admin gudang', 'candra.e', 'candra.e@sinarrodautama.co.id', '082333563611', 2, 2, 57, NULL, 4, NULL, '$2y$10$.8AbgajsYNNyK324I4ADNOZit/pJKdSC.i.PzOCYLQNKYs0EnXuPi', NULL, '2020-06-16 07:33:40', '2020-06-16 08:02:18'),
(111, 'Ruth Eliezer Efrata', '1720230', 'PMOR', 'ruth.e', 'ruth.e@sinarrodautama.co.id', '081232605694', 2, 6, 85, NULL, 4, NULL, '$2y$10$It6OL5kbi.znDWrXQ6KCGOHpei1nldEEYnJYsl.FWkkC56ofuoiXe', NULL, '2020-06-16 08:38:57', '2020-06-17 02:05:10'),
(112, 'Maria Monica Theresia Wijaya', '1520145', 'MS', 'mariamonicaw', 'maria.m@sinarrodautama.co.id', '082142859411', 2, 6, 85, '1520145.jpeg', 4, NULL, '$2y$10$ZQRKqDqFnoLyTPk3Tq8u9OZVvmK4bVGaewgRsaOGJBKlhPyhUXJje', 'RfnSef33aPrfN48XQsQ9RQlMmFhtSBNxVBdgRapjLwgWeWBQSvzzTfavkj5J', '2020-06-16 08:52:17', '2020-06-23 04:45:54'),
(113, 'Anastasia Natallita Soewarno', '1820286', 'MS HD', 'anastasia.n', 'anastasia.n@sinarrodautama.co.id', '085730323131', 2, 6, 85, NULL, 4, NULL, '$2y$10$wue.Cl5EOB7yG8gVmN.VYOCau5ugZtqhFzi5J9.GZfBPqAf6F2aH6', NULL, '2020-06-16 08:56:46', '2020-06-17 02:01:18'),
(114, 'Hamada Putra Mahgfiro', '1820276', 'Staff Mechanical Engineering', 'hamada.p', 'hamada.p@sinarrodautama.co.id', '082257247870', 2, 6, 85, NULL, 4, NULL, '$2y$10$Z7LptUH6UaR5DL4TonF4zeag5Mk9JnbJ2.8WaKbeKLcI.RD4Ule7.', 'fueKp800Km0YrlXWt7iazLlh1i0bt8AmU6H2hXOLbFBIC0jN4zRPDF9r1iIc', '2020-06-17 01:14:51', '2020-06-22 02:08:36'),
(115, 'Hargono', '1920296', 'RM NHD', 'hargono', 'hargono@sinarrodautama.co.id', '08113450529', 2, 7, 52, NULL, 4, NULL, '$2y$10$Mw8jk5/Dwd1LNX3j2fWta.40jCKgCWZnbQTTQrvZ3rAfFZKRqZFFy', 'rJbMvLDOBv0YXpXCk7wZXh459pQvGxAj5BcV3ZUXezk8hM3gJNSp7ytNsTCU', '2020-06-17 02:27:18', '2020-06-17 02:27:18'),
(116, 'Risky Septyan Ade Utama', '2020331', 'ME', 'risky.s', 'riskyseptyan95@gmail.com', '082329139067', 2, 7, 115, NULL, 4, NULL, '$2y$10$yI9Rp19uPr01oE3O8LhyGuFFh7C9VTheri6QMZT6AoPD5NukC4uYq', NULL, '2020-06-17 02:34:01', '2020-06-18 07:02:12'),
(117, 'Retno Margiani', '1320086', 'pic promotion', 'retno.m', 'cs.promotion.sby1@sinarrodautama.co.id', '087860314012', 2, 14, 52, NULL, 4, NULL, '$2y$10$agBWe052csw3oAIsCX8Ur.1TUUk6eN9J3kBSu4qY3.haI2XclC8Ru', 'C7SDe3ZNqpYisf1WLlab5CqO2DoLlaBrKOoStm1qSgjSLecyQwlNYLJ1hRYq', '2020-06-17 02:38:57', '2020-06-17 09:36:24'),
(118, 'kamas.fsr', '1820269', 'KOLEKTOR', 'Kamas1804', 'Kamasfajrisuryo@gmail.com', '083849982028', 2, 11, 38, NULL, 4, NULL, '$2y$10$zN8.XTzpsjrNojwe2lp1SuYbqWymOfcXwwlWqskIL5xfy0yMEuWlO', NULL, '2020-06-17 02:53:24', '2020-06-18 01:45:23'),
(119, 'Yudhi Rachman Putra', '1020041', 'KOLEKTOR', 'putra.yr1020041', 'yudhirachman2@gmail.com', '081215904686', 2, 11, 38, NULL, 4, NULL, '$2y$10$Ry0j6NEO90SUGg0BWoRzceoz4Soe1z.06PZdv0LF0ItbisdWkh7Tq', NULL, '2020-06-17 03:05:05', '2020-06-18 01:46:18'),
(120, 'Chandra Widyia Murti', '1220070', 'MS HD', 'chandra.wm', 'widyamurti.c@sinarrodautama.co.id', '085748339946', 2, 6, 85, NULL, 4, NULL, '$2y$10$RnrIbSGPuN6mIYf5xzc37.gPIAztDt5X3cdULqcEUiDt3PVzfy75C', 'GpXvGCVVZuiMvoosuQR34VZKRLWecDIxFiD2NUzQ7oBJCpAeEgd9kZfrURpy', '2020-06-17 03:58:36', '2020-07-13 09:45:20'),
(121, 'Martha Bella Rizkiana', '1620182', 'Admin', 'martha.br', 'cs.promotion.sby@sinarrodautama.co.id', '089507082358', 2, 14, 117, NULL, 4, NULL, '$2y$10$3cOrjRjz1YOxlkjnBUAghegaXnmIhYqI22lug8HOa9vRgdxSlZu9y', 'Cxvyf5pr5sgWELtwE1iRP6dTL4G0KQ6Wb0T09wxihmX7TrE1YM3zDRYqnPJG', '2020-06-18 02:31:38', '2020-06-18 04:03:38'),
(122, 'Yohanes Felix Narendra', '1720234', 'tim promosi', 'yohanes.f', 'felixsru.09@gmail.com', '089686089039', 2, 14, 117, NULL, 4, NULL, '$2y$10$ZSvfxehJM.252UeV1IqfxuzXHaSrQ3oktDmjd1F09wrjzXk484JDm', NULL, '2020-06-18 02:37:39', '2020-06-18 04:15:34'),
(123, 'Ardina Zahrah Fajaria', '2020335', 'Admin Piutang', 'ardina', 'ardinaria77@gmail.com', '083854705051', 2, 12, 38, '1594102552.png', 4, NULL, '$2y$10$gx2p6qkamEjRPzcRJOCzrOLXx5fGK4ZqrOqJ843OUoABhJ8vdN5xW', 'Y5JWfoeKnFaR2oLDA32BrfleG6GTGuHxcxCO5dmAY6MLyefV0JelEfJiKNkl', '2020-06-18 04:25:40', '2020-07-07 06:16:14'),
(124, 'Adinta Sebayang', '1920301', 'KA GUDANG', 'adinta.s', 'adinta.s@sinarrodautama.co.id', '089687398886', 2, 2, 57, NULL, 4, NULL, '$2y$10$xcw3cjgGK2RgceLngOJmOujQRDAgQYK28Rn0v8c3gLIGGjmdx5hGq', 'iUZ8SlEbDWr7lQkKW4oPctah9fGyNXIL41YUiDlnYIaAsDfNpH8INej7yaNA', '2020-06-18 07:33:19', '2020-06-22 02:08:53'),
(125, 'Novi Decaririanti', '1920302', 'Admin Penjualan', 'novi.d', 'novi.d@sinarrodautama.co.id', '085330042015', 2, 2, 57, NULL, 4, NULL, '$2y$10$ioM3V21bBL78OtOVFrr.o.Lbb9.OWV.9N39AK9rOBccCqEpR9Yqzu', 'cmO1ylv1i2toxtlS2B3apAz59e8uQXX2uBC96HagC90XmoQoD9eecqJiq7k7', '2020-06-19 03:24:27', '2020-06-22 08:18:53'),
(126, 'Latifah', '1320093', 'Asisten Manager Operasional', 'latifah.l', 'latifah@sinarrodautama.co.id', '081259617350', 2, 13, 37, NULL, 4, NULL, '$2y$10$qh7lsF25dso2HN9.Zgswuu56FlzOWA7ovRSI4/xqzEm1Gcgrn95mK', NULL, '2020-06-19 04:13:47', '2020-06-25 03:05:53'),
(127, 'Sugianto', '1920306', 'Inventory Depo', 'sugianto', 'shugik55@gmail.com', '085231686223', 2, 2, 57, NULL, 4, NULL, '$2y$10$XicfsUsZePkBylOpWjTMbuze2KBNny.Nb7uTPYorZM2SyuB2o.b1m', NULL, '2020-06-19 04:54:49', '2020-06-22 08:38:58'),
(128, 'Risky Putra Pratama', '1420123', 'Helper', 'putra', 'rpoetra69@gmail.com', '087822621927', 2, 2, 57, NULL, 4, NULL, '$2y$10$GzMIFvxffOWK9fs6UmuDLuwYkcwfCv2MOmsm5BfonYgpDVFlseCfi', NULL, '2020-06-19 04:56:13', '2020-06-22 08:35:04'),
(129, 'Pipit Wibowo', '1520135', 'Inventory Maspion', 'pipit.w', 'tristanmelo27@gmail.com', '0822345698840', 2, 2, 57, NULL, 4, NULL, '$2y$10$UlCIuw2Qm6d/WJ.dIwqQU.rplRkLpGY4fmJm5ZtjG6S48TuaUIEvi', NULL, '2020-06-19 05:02:27', '2020-06-22 08:21:29'),
(130, 'Rachmat Bagus Santoso', '1920307', 'Receiving / Outgoing', 'rachmad.b', 'santosorahmat889@gmail.com', '081335102861', 2, 2, 57, NULL, 4, NULL, '$2y$10$6WKx4EFvN.WvwIKPIxCIeOryssKafVZTs5WijqzsrBRg3nH6FomJe', NULL, '2020-06-19 05:03:58', '2020-06-22 08:31:11'),
(131, 'Didik Kurniawan', '1820284', 'Controller Maspion', 'didik.k', 'didik.k@sinarrodautama.co.id', '082175162366', 2, 2, 57, NULL, 4, NULL, '$2y$10$SZtFaYJe0Ag6AGm/zsTF0OK0uXfXtjEokOXrdFAb7cxpXmRfOQwfa', NULL, '2020-06-19 05:05:25', '2020-06-22 03:47:42'),
(132, 'Moch.Taufiqur Fikri', '2020333', 'Receiving / Outgoing', 'fikri.m', 'mochtaufiqurfikri@gmail.com', '082334737663', 2, 2, 57, NULL, 4, NULL, '$2y$10$32Xs.CWahjwSpQWPGUYl4Odz4F7MAGOXQVRcqonUD6tpmBH/U7AvO', NULL, '2020-06-19 05:06:54', '2020-06-22 08:14:08'),
(133, 'Teguh Prasetyo', '1920308', 'Helper', 'teguh.p', 'luizfigo7777@gmail.com', '085732855050', 2, 2, 57, NULL, 4, NULL, '$2y$10$h1Vf3uMqBv0Snq5TtNJQu.76zAlCD32Pzxau6VeNH9sufh1ufrfui', NULL, '2020-06-19 05:26:32', '2020-06-22 08:40:39'),
(134, 'Rima Fatwa', '1620190', 'Admin Gudang', 'rima.f', 'ryma.f@sinarrodautama.co.id', '0895632335235', 2, 2, 57, NULL, 4, NULL, '$2y$10$EvRuFFRhPPQ7BS0Y6MJFzOJc0pKlH2Za1FjjzeA.tx4SxbHlZ.3Em', 'guw6YF6zNGe8nO8RCSWS9QGQIXUM9KCNeVrgzUJcbhz1hB83YfAENUHISSfW', '2020-06-19 06:16:16', '2020-06-22 08:33:38'),
(135, 'Ida Nor Rohmaningsih', '1720252', 'MS', 'ida.n', 'sby.ms.hd2@sinarrodautama.co.id', '085212107668', 2, 6, 57, NULL, 4, NULL, '$2y$10$oFV5BlV2zJ5pnfq/lqTCdub.mMh/4CaSaOnEjrL0WJLfXUbqqJfIy', NULL, '2020-06-19 06:19:22', '2020-06-22 07:59:51'),
(136, 'Lina rudyn bela aulia', '1920321', 'MS HD', 'lina.r', 'ms.bali@sinarrodautama.co.id', '081249027377', 2, 2, 57, '1595922296.png', 4, NULL, '$2y$10$emv0iq0oGx5ue1YxR8tYTurx/nt5dMUejeldlkykjhMybHGdT5zGq', NULL, '2020-06-19 06:20:42', '2020-07-28 07:44:56'),
(137, 'Fauziah', '1520134', 'MSHD', 'fauziah.fz', 'sby.ms.hd1@sinarrodautama.co.id', '081327000887', 2, 6, 57, NULL, 4, NULL, '$2y$10$C6d6i/JnzAb4DuV.3O6vNO4ar6dx6TCLyEqFatlzJPloiT6Fl031C', NULL, '2020-06-19 06:21:07', '2020-06-22 04:00:05'),
(138, 'Yulia Wulandari', '1620206', 'MS NHD', 'yulia.w', 'sby.ms.nhd1@sinarrodautama.co.id', '081703944564', 2, 7, 57, NULL, 4, NULL, '$2y$10$9oZYDxSq.ZW1m7hOT8Llo.t2TeWVher.PMXDyUM4sR5EQDIFusS4a', NULL, '2020-06-19 06:22:44', '2020-06-22 08:42:19'),
(139, 'Much. Shinwan', '1420114', 'Helper', 'shinwan.m', 'fithas92@gmail.com', '088803515284', 2, 2, 57, NULL, 4, NULL, '$2y$10$s3rX93fNOWG7z0nMZ6g54.7oqaSzGIBW5gI5ix4/0RkyCrv0toleq', 'cEP4pG6Db1flJAAxKZCgtRfF0eO9HXtfD62xY8bqPjcpRfJyURdt9uqHMlRt', '2020-06-19 07:07:08', '2020-06-22 08:15:19'),
(140, 'Apriliya Putri Agustina Pratama', '1920322', 'Procurement', 'apriliya.p', 'apriliya.p@sinarrodautama.co.id', '085606243580', 2, 2, 57, NULL, 4, NULL, '$2y$10$ovTR4pvsEtJ0Stj0kimd5.UCjDMQCrQuIN88DY17aFeHBJqW0e6WS', NULL, '2020-06-19 07:24:01', '2020-06-22 07:46:13'),
(141, 'Erita Ashari Sumarya', '1920323', 'Admin Part', 'erita.a', 'erita.a@sinarrodautama.co.id', '089689335578', 2, 2, 57, NULL, 4, NULL, '$2y$10$JhMq8CEWgc0sPr5tcjKWFOa8TzCF/lTdf3rf/15XSrvXTOjRyx3Xa', NULL, '2020-06-19 07:25:47', '2020-06-22 07:55:37'),
(142, 'Siswijanto', '1120050', 'Inventory Gudang Part', 'siswijanto', 'siswijanto.s@sinarrodautama.co.id', '083832851666', 2, 2, 57, NULL, 4, NULL, '$2y$10$4xHNrkcdXu31nE.FtFfOnuVaieI9ETlVsgX735WqAM4kJ3Dy0vLXW', NULL, '2020-06-19 07:28:20', '2020-06-22 08:37:56'),
(143, 'Lis Kurniawati', '1420111', 'Admin Purchasing', 'lis.kw', 'sby.adm.purchasing@sinarrodautama.co.id', '085648801111', 2, 2, 57, NULL, 4, NULL, '$2y$10$mltWuCUYErGvR5/o9bLmtuDpEMDwkIq1qXqGpfI.Y/9hbyHOrxcH.', NULL, '2020-06-20 01:21:45', '2020-06-22 08:05:44'),
(144, 'Yanuar', '1320094', 'Delivery', 'yanuar.y', 'Yulianasafitri374@gmail.com', '085769700152', 2, 2, 57, NULL, 4, NULL, '$2y$10$sac8Ke0D9YkeSdJ2HRXWxev0KTXoykOrC31f6kF7zb5qzzRX9l4Gi', NULL, '2020-06-20 01:35:25', '2020-06-22 08:41:38'),
(145, 'Fany Kurniawan', '1820279', 'Delivery', 'fany.k', 'kopisenja02@gmail.com', '085745300030', 2, 2, 57, NULL, 4, NULL, '$2y$10$r9HyLjNBJXjZStr0eZfOX.kgn/EP4jTaVgH50l4VaoUAvDWHPHo9q', 'tGLY6tSR0NrXPeWVnmj4Kn02hsRa5rT1t4Wr3hW0XiGzOZ32YKbCuooSDuGU', '2020-06-20 01:39:14', '2020-07-03 01:56:24'),
(146, 'Roni Hidayat', '0820027', 'Delivery', 'roni.h', 'ronisru.h@gmail.com', '08123292664', 2, 2, 57, NULL, 4, NULL, '$2y$10$XdAFgFpB9ugQgdVUBAHQWejjVYTCfll4.HC3h6fWAQidYV/zpNqGC', NULL, '2020-06-20 01:41:36', '2020-06-22 08:36:25'),
(147, 'Ratna Ariyanti', '1420108', 'KA.GUDANG', 'ratna.ay', 'ratna.a@sinarrodautama.co.id', '089696718352', 2, 2, 57, NULL, 4, NULL, '$2y$10$THjcsyDnn9NxpLnIA/XorOHervZ.3P3fGmBZC6v4cORm9JSy8hTd2', NULL, '2020-06-20 02:00:04', '2020-06-27 04:15:13'),
(148, 'Sugiono', '1120056', 'Driver', 'sugiono', 'sugionosru@gmail.com', '085731332822', 2, 2, 57, NULL, 4, NULL, '$2y$10$dKFPHJE00Jx06FSXcKA4qO3c8LhGGssp4XcwTC7uodn3kSSD.3C3S', NULL, '2020-06-20 02:03:53', '2020-06-22 08:39:51'),
(149, 'Anan Paradista', '1410337', 'Helper', 'anan.p', 'paradista.ap@gmail.com', '082245434762', 2, 2, 57, NULL, 4, NULL, '$2y$10$9bXfud0whwORsIZoW0D9SO6EsZDfLLhqt1I4FdyQvERMWQSk3RCMq', NULL, '2020-06-20 02:05:53', '2020-06-22 07:45:32'),
(150, 'Rendra Ari Pratama', '1720228', 'Driver', 'rendra.ap', 'Rendra.awung@gmail.com', '081213318038', 2, 2, 147, NULL, 4, NULL, '$2y$10$XmHqdPTeJNHylDov65ffjuq4HrOme6U6efc8tzMzkhBMPrbYPX/7C', NULL, '2020-06-20 02:10:17', '2020-06-22 08:32:20'),
(151, 'Moch. Rizky', '1620214', 'Helper', 'rizky.m', 'mochriezky21@gmail.com', '082139328280', 2, 2, 57, NULL, 4, NULL, '$2y$10$nkxCck7G.JlciicSBYqS5eClbhmaq0YdetHikXto7n6PEYOI1DJg2', NULL, '2020-06-20 02:15:01', '2020-06-22 08:11:58'),
(152, 'Rumat', '2020337', 'Driver', 'rumat', 'amalyaliya090@gmail.com', '081330560090', 2, 2, 57, NULL, 4, NULL, '$2y$10$Lolk4cs9NuDygSxRT539/uvULb6eqxU5HDWE3HM7.l/nX9UEITI2G', NULL, '2020-06-20 02:16:36', '2020-06-22 08:37:14'),
(153, 'Koko Adityas', '1620216', 'Driver', 'koko.at', 'kokonzm@gmail.com', '081330054006', 2, 2, 57, NULL, 4, NULL, '$2y$10$afxn7eEzDRP52QuBScic5.28XbgBPpvdCzKQR1ho87ePQh4VY8hue', NULL, '2020-06-20 02:18:26', '2020-06-22 08:01:52'),
(154, 'Puji Asworo', '1220078', 'Driver', 'puji.aw', 'pujiasworo49@gmail.com', '087752897036', 2, 2, 57, NULL, 4, NULL, '$2y$10$DrUUAfjNwsRKlmaqjExbSegO0D5rERmmmYhTp.4vivqy.7LGPSsTW', NULL, '2020-06-20 02:20:48', '2020-06-22 08:27:50'),
(155, 'Agus Nursalim', '1020042', 'Admin Part', 'agus', 'agus.n1208@gmail.com', '08993637622', 2, 2, 57, NULL, 4, NULL, '$2y$10$e3YjCqdPthFeGm1gtMLS8ery7J6dvXQZnGr1rr0aFrTqHVIZNRU02', 'ViGg2taGDUkZ5XfPp1jcmTe7zCgEVVyHDGXwgSRPvG356JjpH4K0KaSYe3bx', '2020-06-20 02:23:20', '2020-06-22 03:41:21'),
(156, 'Muchamad Sjahlin', '0820018', 'Inventory', 'sjahlin.sru', 'much.sjahlin@gmail.com', '081330042328', 2, 2, 57, NULL, 4, NULL, '$2y$10$i6gIhSFLIvKZOIPg.NWw0eLLEK4CNeitv4k2UuEvQtHT.LYuFq/aG', NULL, '2020-06-20 02:24:55', '2020-06-22 08:18:14'),
(157, 'Emy Darmayanti', '1820294', 'Admin Penjualan', 'emy.d', 'emy.d@sinarrodautama.co.id', '08385565889', 2, 2, 57, NULL, 4, NULL, '$2y$10$UDLESTYqC/.v36oR8X5cBur5UH5ZaS6qEiWYY66aiIK3wc6i1hkTu', 'nvejfzp5BY9hiQdbefEaUDlGmppuTQBD7pKH1QFXn8B4qioTIEYwYLe58H5j', '2020-06-20 02:25:41', '2020-06-22 03:52:24'),
(158, 'Arif Firmansyah', '1220068', 'Receiving Outgoing', 'arif.f', 'arif.ferrari458@gmail.com', '081332061610', 2, 2, 147, NULL, 4, NULL, '$2y$10$2doYn2i8ZQ1.6.qLzkhr9uxMOVJKFOj2SGPeeXhvP7iQMm.GWkcAG', NULL, '2020-06-20 02:36:31', '2020-06-22 07:48:08'),
(159, 'Dhimas Bintoro Bayuaji', '1420122', 'Admin Gudang', 'bintoro.by', 'sby.gudang2@sinarrodautama.co.id', '08121772616', 2, 2, 57, NULL, 4, NULL, '$2y$10$pJpeihHOllDh/cFRQeTCIOW1.un7KBQw.8OL2gmPPKfof0oA7yPJW', '0dzrWIIt8VVH8cOF6RERjB0CWC1lpAf1TU7n1ilW5yxYZuwbZydUYFCn3Chg', '2020-06-20 02:39:00', '2020-06-22 03:45:52'),
(160, 'Mardika Raning', '1220072', 'Penjaga Gudang', 'mardika.r', 'mardika.h1500@gmail.com', '082237441500', 2, 2, 57, NULL, 4, NULL, '$2y$10$sEoz/quvMMx2obpjseh6nOqcabiHBxqLtP105vRkHyZFq5O0MfBli', NULL, '2020-06-20 02:41:20', '2020-06-22 08:07:06'),
(161, 'Edy Darmawan', '1420116', 'Helper', 'eddy.d', 'eddylondo644@gmail.com', '081233235883', 2, 2, 57, NULL, 4, NULL, '$2y$10$aDxWfbF5plC7bwGKviApTub4Tawf/THHt4sVedF2G1Krvs1SZ2u5q', NULL, '2020-06-20 02:43:08', '2020-06-22 03:51:07'),
(162, 'Hendro Cahyono', '1220071', 'Helper', 'hendro.yono', 'henrocahyonocb150@gmail.com', '085755955768', 2, 2, 57, NULL, 4, NULL, '$2y$10$U5bGS4mr/.OHEGrL18Qcq.7W3m.fJ982xAvegPotOl1pU/PJPgo5q', NULL, '2020-06-20 02:54:17', '2020-06-22 07:58:07'),
(163, 'Ardi Prabowo', '1320082', 'Inventory', 'ardi.pb', 'ardiprabowo1104@gmail.com', '081703295778', 2, 2, 57, NULL, 4, NULL, '$2y$10$qJn.cb.tujvJMHkG6lWEhesCRUWGrrvCARcSXfnHxDY.ydPoehNnK', NULL, '2020-06-20 02:59:30', '2020-06-22 03:43:58'),
(164, 'Nur Hidayat', '1520178', 'Helper', 'dayat.nur', 'aerox3941@gmail.com', '089524616264', 2, 2, 57, NULL, 4, NULL, '$2y$10$7M0m7rgvPOf2mVP0kSdshu.COlnx5g2YsZqPoDCmStFlsvngtTcs2', NULL, '2020-06-20 03:03:20', '2020-06-22 08:20:09'),
(166, 'Soemarno', '0820028', 'SSM', 'marno.m', 'marno.m@sinarrodautama.co.id', '0818333896', 2, 13, 52, NULL, 4, NULL, '$2y$10$PJSOoM.ZbsI0hSKK1lbx5e9b1NpTwfJkqlHnH89jp/V3fBvX3mupi', NULL, '2020-06-22 03:37:54', '2020-06-22 03:37:54'),
(167, 'Herlina Dwi Susanti', '2020329', 'Staff Accounting', 'Herlina', 'herlina_dwi15@yahoo.com', '082245957033', 2, 12, 41, NULL, 1, NULL, '$2y$10$o1k/bkirF5OlIawaTNkt/evUFIvXFfci.7XYqI7XVjv4RBlRQXVcK', NULL, '2020-06-22 04:10:27', '2020-06-22 04:10:27'),
(169, 'KUNTANTO WIDI NUGROHO', '1520171', 'PMOR', 'kuntanto.w', 'kuntanto.w@sinarrodautama', '081217638726', 2, 6, 85, NULL, 4, NULL, '$2y$10$XEarlCPzgO1StAlXeRoDc.dyi21f2t5Ow/OReSN5NgswV7yiOGBo2', NULL, '2020-07-04 02:09:33', '2020-07-15 04:20:59'),
(170, 'REDONA WAHYU SAPUTRA', '1920319', 'Teknisi', 'redona.w', 'redona@gmail.com', '082333508660', 2, 5, 75, NULL, 4, NULL, '$2y$10$0SwImag/.UDiGbuS/7TG0uHBgNeSYx4GBKBCz/X8wwlFQJqLf6ZI.', NULL, '2020-07-07 06:46:23', '2020-07-09 02:52:45'),
(171, 'YUDHA SATRIYA', '1520179', 'Teknisi', 'yudha.st', 'yudhasatriya@gmail.com', '081386693338', 2, 5, 75, NULL, 4, NULL, '$2y$10$qTREE4FCaWSsstdwo1lQZuTmqs6RzA7jpUQ5Tzss8tjh2IfYlBWhi', NULL, '2020-07-08 03:50:17', '2020-07-09 02:53:59'),
(172, 'HENDY PRASETYO', '1620210', 'Teknisi', 'hendy.p', 'hendyprasetyo@gmail.com', '085731753506', 2, 5, 75, NULL, 4, NULL, '$2y$10$Ylm0CRul6Qv7OW1G49Y7WuPWRYUHx6UoxihhIdw3mgIZwnkuV9wOa', NULL, '2020-07-08 03:53:41', '2020-07-09 02:54:07'),
(173, 'HERI KISWORO', '1620209', 'Teknisi', 'heri.k', 'kissersmania@gmail.com', '085804474509', 2, 5, 74, NULL, 4, NULL, '$2y$10$SGF5JNp8b8WE7r5Wpz.k9ucLageonuJknU4oixeEtlm376kG3JXL6', NULL, '2020-07-08 03:56:58', '2020-07-09 02:54:17'),
(174, 'MOCHAMAD RIFAI', '1220075', 'Teknisi', 'rifai.m', 'mrifai@gmail.com', '081333277732', 2, 5, 74, NULL, 4, NULL, '$2y$10$/bMDuEt96DdNhVPARRxrgOsIDwGM8aO3Hnbmd8GSTltQUSVdLg1A.', NULL, '2020-07-08 03:59:05', '2020-07-09 02:53:49'),
(175, 'Muhammad Dimas Fithroh', '1620211', 'Marketing NHD', 'm.dimas', 'muhammaddimas91@gmail.com', '089630804669', 2, 7, 199, NULL, 4, NULL, '$2y$10$vyNVYxWqwjTL0OeZSSOVWuT/70qYXPR9eRO96izLHH15hdAscQdc2', '9dLkikACPEfRHP71sDJAv8DgLhjvxvzNxdH3KVh7F8K4KL8M1xJFgzzIplLv', '2020-07-08 05:04:07', '2020-07-21 04:27:07'),
(176, 'DODI HARI MARDIANTO', '1220076', 'Teknisi', 'mardianto.dh', 'dodiharimar@gmail.com', '085649546964', 2, 5, 75, NULL, 4, NULL, '$2y$10$xGz5KWPuiwDcnNnhr/lXauLFmPPXtzEah/9ri7b8rjHt6fkPlbhK.', NULL, '2020-07-08 06:31:27', '2020-07-09 02:53:37'),
(177, 'DJUWARIYANTO', '1420127', 'Teknisi', 'djuwariyanto', 'juwariyanto@gmail.com', '081334322344', 2, 5, 74, NULL, 4, NULL, '$2y$10$KHfL.VusAT5M3sntxadn4OhCiMlTBn0C9IwmILwPErQQIkt8GO4DC', NULL, '2020-07-08 06:33:13', '2020-07-09 02:53:15'),
(178, 'ARIS SETIAWAN', '1420128', 'Teknisi', 'aris.set', 'arissetiawan@gmail.com', '085204945185', 2, 5, 75, NULL, 4, NULL, '$2y$10$P9TgwlEa.zVaiBwHKybvy.vnBv2nmlQUpZNGgPhM/OCGSJBPFiUwq', NULL, '2020-07-08 06:36:37', '2020-07-09 02:53:00'),
(179, 'HAMIM SUGIANTO', '1520137', 'Teknisi', 'hamim', 'hamimkopen@gmail.com', '+62 852-3038-7185', 2, 5, 75, NULL, 4, NULL, '$2y$10$EYDzg2c.aSB75fzCXAEcTubUZ4BrvBt0szTYeUq12aR4/0WM.17QG', NULL, '2020-07-08 06:43:16', '2020-07-09 02:52:32'),
(180, 'MUHAMMAD ROZIKIN', '1520153', 'Teknisi', 'rozikin', 'mrozikin@gmail.com', '082233354549', 2, 5, 74, NULL, 4, NULL, '$2y$10$mDSHOxFGKz45Tudqe9EnE.0Eeqtk46qOmriO7.xqBs/isMSXRxp.6', NULL, '2020-07-09 01:37:21', '2020-07-09 02:52:24'),
(181, 'MAT AKUWAN', '1520154', 'Teknisi', 'akuwan', 'akuwanmat@gmail.com', '081332339221', 2, 5, 74, NULL, 4, NULL, '$2y$10$Mx/Mg4xiUPYaamw2TzwMKe4KhJNB24l8AVg1lKrl7Jm8pERdMLDeC', NULL, '2020-07-09 01:39:00', '2020-07-09 02:52:14'),
(182, 'WICAK WIJAYA', '1720233', 'Teknisi', 'wicak.w', 'wicakwijaya1997@gmail.com', '085707443030', 2, 5, 75, NULL, 4, NULL, '$2y$10$GEZlZslxEB7Nj.sgG6rMYOf7IiFmnUDhqNoXjJ5ds2qah.d9/sC2S', NULL, '2020-07-09 01:40:37', '2020-07-09 02:52:07'),
(183, 'HUSEN ABDILLAH', '1920326', 'Teknisi', 'husen.a', 'husenabdillah313@gmail.com', '083856958822', 2, 5, 75, NULL, 4, NULL, '$2y$10$lnC8aFrSLX0msvz7LuocF.YwfMAJwfIEuYCfsRy2ZE.vgLqNM5NpS', NULL, '2020-07-09 01:42:23', '2020-07-09 02:52:00'),
(184, 'FAJAR ZAHIRRUL ALAM', '1820270', 'Teknisi', 'fajar.z', 'zahhrul@gmail.com', '085334842421', 2, 5, 75, NULL, 4, NULL, '$2y$10$TtM8Amhvp9I2/W1QViJsWu7AVyFZkwYmAIV0IVAXNllTeN/c.6.t6', NULL, '2020-07-09 01:43:42', '2020-07-09 02:51:50'),
(185, 'MUHAMAD QOMARUL HUDA', '1820272', 'Teknisi', 'muhamad.q', 'qomar.m@gmail.com', '081556991511', 2, 5, 74, NULL, 4, NULL, '$2y$10$4Eu39LPVVvmD//KK2X8S1OLChEZWO/yhOy4ZLaahkoiq2mZDsR6dy', NULL, '2020-07-09 01:45:28', '2020-07-09 02:51:42'),
(186, 'AHMAD FAHMI PRASETYO', '1820281', 'Teknisi', 'ahmad.fp', 'fahmiaes@gmail.com', '082331388879', 2, 5, 74, NULL, 4, NULL, '$2y$10$/OPuS5HPgmMwDjDf0hEUIuogPJBJvR64QDHalWYQ0eu6Z9ZNhpnBa', NULL, '2020-07-09 01:47:03', '2020-07-09 02:51:36'),
(187, 'TIARA YOGA ADI KURNIAWAN', '1820282', 'Teknisi', 'yoga.ak', 'tiarayoga95@gmail.com', '083839986288', 2, 5, 74, NULL, 4, NULL, '$2y$10$ryxoksQHTNF2bneKI5sHaOb95OgqWKv/0StB9yVA02UvCQyxxbgJG', NULL, '2020-07-09 01:48:25', '2020-07-09 02:51:12'),
(188, 'Iqbal Arya Sena', '1920297', 'Teknisi', 'iqbal.a', 'iqbal.as@gmail.com', '087871157867', 2, 5, 74, NULL, 4, NULL, '$2y$10$RRFYLUO3cgNcCFDZWkc7Eehlp.0ikBVeHpjzObtxxxUCgsvki8uNO', NULL, '2020-07-09 01:50:01', '2020-07-13 03:17:05'),
(189, 'Feby Dwita Darmawan', '1920314', 'Technical Support', 'feby.d', 'feby.d@sinarrodautama.co.id', '089677417817', 2, 5, 76, NULL, 4, NULL, '$2y$10$854gb4P8DE.z3/8skQHVh.7299PR/BaelIZ8Qz5HO1lD757CPIkiS', NULL, '2020-07-10 07:02:31', '2020-07-13 03:16:46'),
(190, 'Moh. Aldi Bahij Faroby', '1920316', 'Technical Support', 'aldi.b', 'aldibahij@gmail.com', '081383000484', 2, 5, 76, NULL, 4, NULL, '$2y$10$1SGBWqkdNhNjV4b32LWShOPB1JH4LVMBH6Rv45kRnt9QBEtxGXdmq', NULL, '2020-07-10 07:04:08', '2020-07-13 03:16:24'),
(191, 'Joko Susilo', '2020332', 'Teknisi', 'joko.s', 'jokojoko@gmail.com', '081331451416', 2, 5, 74, NULL, 4, NULL, '$2y$10$/5zxnAxnx1aXhjESPMD9SeYeWuIPYfT2JvxijWj/o1n5LgrcH6wly', NULL, '2020-07-10 07:05:15', '2020-07-13 03:15:54'),
(192, 'Hadi Suyanto', '1120066', 'ME NHD', 'hadi.s', 'hadi.s@sinarrodautama.co.id', '082231073057', 2, 7, 199, NULL, 4, NULL, '$2y$10$mcwVXdPKAjnz5jDmNGb3tOARkx3rXuymnNKHhOBQjf8M0OlUEqRcK', NULL, '2020-07-11 02:12:08', '2020-07-21 04:27:37'),
(193, 'Adi Kurniawan Saputra', '1020045', 'Marketing', 'Saputra.ak', 'adi.k@sinarrodautama.co.id', '082257573524', 2, 7, 197, NULL, 4, NULL, '$2y$10$c1M.8imnH3aneNm59TnH7ObYQPeYvvAh8ojtucJ4pYBkGaQVFBAaC', NULL, '2020-07-11 02:22:43', '2020-08-25 01:57:40'),
(194, 'Mochammad Arif', '1520139', 'Marketing', 'Mochammad.ar', 'arif.m@sinarrodautama.co.id', '085733339989', 2, 7, 115, NULL, 4, NULL, '$2y$10$wiahTcWf8DG.41ooh3hh6OMFCZrMEDALZBWaThdNaMJj0sgkvHmL2', NULL, '2020-07-11 02:26:04', '2020-07-13 03:15:04'),
(195, 'Rafiki Putra Dewa', '1720242', 'ME NHD', 'rafiki.p', 'rafikiputradewa@gmail.com', '085692374074', 2, 7, 197, NULL, 4, NULL, '$2y$10$L9hVLU1Q1EuasTv0cWWzNezac6zlSv9ijasbAHvT38c4BNirKgJaS', NULL, '2020-07-11 02:26:46', '2020-07-15 04:18:50'),
(196, 'Andrianus Rinaldy', '1620199', 'ME NHD', 'andrianus.r', 'andrianus.ar@gmail.com', '085642405365', 2, 7, 169, NULL, 4, NULL, '$2y$10$SCS1FqpW7d6GlLyYeX6ANuU1GyY0a.mSMPI41I036mfIV/yqjCNeC', NULL, '2020-07-11 02:34:46', '2020-07-21 04:25:10'),
(197, 'Tri WIjaksono', '1120059', 'AM NHD', 'tri.w', 'tri.wijakson@gmail.com', '08155045760', 2, 7, 115, NULL, 4, NULL, '$2y$10$Vw7/1sBGgW1tfwcGURB8I.AOdyVIQDnWaf3lmUjzWxgHKB9vPnpxe', 'GsYBfiGT7eyhLkff119XUJkGba13GLjeZuAGHPsWQPHqvi9AT1WV2IlWC2tG', '2020-07-13 01:19:33', '2020-07-13 03:14:39'),
(198, 'Ardhian Tjahtyatama', '0820002', 'ME NHD', 'ardhian.a', 'ardhiantjahjatama86@gmail.com', '0822-5771-7363', 2, 7, 199, NULL, 4, NULL, '$2y$10$rEYdUAXjawXncrcpSM3xz.O2geDe90UUJcHJ0ErGIfhAyIreCs17q', NULL, '2020-07-15 01:42:09', '2020-07-15 04:20:25'),
(199, 'Chusnul Choironi', '0820004', 'AM NHD', 'chusnul.c', 'chusnul.c@sinarrodautama.co.id', '0815-1595-3634', 2, 7, 115, NULL, 4, NULL, '$2y$10$rQ56nXdsYI25jn7T.AJ/iuRURrvxpkhzoP/kZukPI16VfTIORDhua', 'VP2MElGjKPJddZ487Q9QuHUCDlf9gd3PM3K81jMia3hzQiXyZTJtOLw4PZIO', '2020-07-15 01:45:43', '2020-07-15 04:17:56'),
(200, 'MUHAMMAD AMIR AKBAR', '1720249', 'ME NHD', 'amir.a', 'akbar.gremot@gmail.com', '0813-3566-0056', 2, 7, 169, NULL, 4, NULL, '$2y$10$P3FgSPYIjYm1Qgb8GWA1hO0n15v0CRnRj2SVWlRXLUZ7L09fl7ehm', NULL, '2020-07-15 01:48:22', '2020-07-15 04:21:17'),
(201, 'Gandhi Satriya Kumajaya', '1920312', 'ME NHD', 'gandhi.s', 'Satrya_gandhi@yahoo.com', '0812-1615-0505', 2, 7, 197, NULL, 4, NULL, '$2y$10$TxSm/nsih8FL3ZYOy1.IjucLhhybr8c8BGdOfUc5fUs7NVpDD.knG', NULL, '2020-07-15 01:58:57', '2020-07-15 04:19:16'),
(202, 'Adam Aziz', '1220073', 'ME', 'adam.a', 'adam.a@sinarrodautama.co.id', '087852770334', 2, 7, 115, NULL, 4, NULL, '$2y$10$44WuEnKdBUQongsSA245lOHW0k3.iG2aNYtkkxQAjf7.HbelptPfe', NULL, '2020-07-20 03:12:13', '2020-07-20 05:08:24'),
(203, 'Robby Aldila', '1420107', 'PMMR', 'Robby.a', 'robby.a@sinarrodautama.co.id', '082233795090', 3, 6, 52, NULL, 4, NULL, '$2y$10$hA.mpZ6Q2wZ7/6PlXsSLrey/Bdh8rS2nnyWiQkiWVBiNCBt7z96L6', NULL, '2020-07-21 05:01:21', '2020-07-29 03:38:56'),
(204, 'test', '123', 'test', 'test', 'test@gmail.net', '021548546454', 3, 2, 40, NULL, 4, NULL, '$2y$10$XUMlNNnDIRz6vVCatxT0PuYaq1nY21EwN7wJ8YGe5l0K1MpOFhBvC', NULL, '2020-07-22 09:11:08', '2020-08-18 09:44:41'),
(205, 'Fadilah Dian Arfiani', '1820291', 'Admin', 'fadilah.d', 'fadilah.d@sinarrodautama.co.id', '082231202788', 3, 5, 203, NULL, 4, NULL, '$2y$10$Sbfop6nkhgQbSSTwHj2dd.OL/X8dQkUyLCU7OAdG9NTk8kc6Ia.BG', NULL, '2020-08-04 02:23:08', '2020-08-18 09:42:07'),
(206, 'Gresi Meiliana', '1920318', 'MS HD', 'gresi.m', 'gresi@sinarrodautama.co.id', '089603763793', 3, 6, 203, NULL, 4, NULL, '$2y$10$SjrvmJRzwofoqJknWvAhF.sdCuN/wf.8v5Gu4ooeqXGIDVmyf5IGS', NULL, '2020-08-04 02:54:04', '2020-08-18 09:41:53'),
(207, 'Lailiatun Nazelah', '1520159', 'Admin Umum', 'lailiatun.n', 'lailiatun.n@sinarrodautama.co.id', '087761426462', 3, 2, 203, NULL, 4, NULL, '$2y$10$0fqoo9JIiwoawfku4MjMfehnHsWKp6wDBY4Mkd.6ZrRrJCLXHmnuO', NULL, '2020-08-04 03:26:01', '2020-08-18 09:41:33'),
(208, 'WAHYUDI RIDHO ALFIAN', '2020330', 'Teknisi', 'wahyudi.r', 'wahyudi@gmail.com', '087710583399', 2, 5, 74, NULL, 4, NULL, '$2y$10$KUn/mpH9Lm7i0FN9PjE5Ce3FySZTZu6lHeoWyg/jz.DrqV9ApzOz2', NULL, '2020-08-24 06:14:26', '2020-08-24 09:11:26'),
(209, 'EDY SISWANTO', '2020340', 'Teknisi', 'edy.s', 'edyedy@gmail.com', '087856937713', 2, 5, 75, NULL, 4, NULL, '$2y$10$0RSxxuenrPwnu3RS5wdRIeDXXsR1NvZiocgLFnCttOg.ZrJNCuELa', NULL, '2020-08-24 06:26:52', '2020-08-24 09:11:13'),
(210, 'A. DAROYNI MABRURI', '2020341', 'Teknisi', 'roy.m', 'royroy@gmail.com', '081331698060', 2, 5, 74, NULL, 4, NULL, '$2y$10$9aVt2osXkAs4UbgR4gPTReUnbRQ67UyBPXfClty2O87qnOarisrha', NULL, '2020-08-24 06:28:12', '2020-08-24 09:11:02'),
(211, 'JOHAN ANDRI LIONO', '2020342', 'Teknisi', 'johan.a', 'johanjohan@gmail.com', '083858518102', 2, 5, 74, NULL, 4, NULL, '$2y$10$qbtUwnNkQnfNlFFY9Q0Zk.aFSeCBU5cmEJ4Se1LrPHe7HLLOXLt8a', NULL, '2020-08-24 06:29:35', '2020-08-24 09:10:52'),
(212, 'Kiky Rizky Oktariyani', '2020339', 'Accounting', 'kikyrizky', 'oktariyanikikyrizky@gmail.com', '082244443513', 2, 12, 45, NULL, 4, NULL, '$2y$10$TuGLaeTsxWN.t.qOxnuwG./yQSU1PViECkkBPScnlMPJnclrLuiyK', '0Qd0g1wzMEtKlscixd09cuWs1PUl0HxuSqm8yjfMpEvhdCJ1jAzJvCB2jTxA', '2020-08-25 03:36:57', '2020-08-25 04:34:38'),
(213, 'EKO DWI SANTOSO', '2020343', 'PMOR', 'EkoDwiSantoso2020', 'themastereds@gmail.com', '081216706209', 2, 6, 85, NULL, 1, NULL, '$2y$10$VgtM5ak38iTZR.HdlKFIRu/lMz8RmV9ARmWrI4FN0ZrjqnVT2BVM6', NULL, '2020-08-28 02:56:12', '2020-08-28 02:56:12');

--
-- Indexes for dumped tables
--

--
-- Indeks untuk tabel `arsip`
--
ALTER TABLE `arsip`
  ADD PRIMARY KEY (`id`),
  ADD KEY `arsip_jenis_id_foreign` (`jenis_id`),
  ADD KEY `arsip_created_by_foreign` (`created_by`),
  ADD KEY `arsip_updated_by_foreign` (`updated_by`),
  ADD KEY `arsip_deleted_by_foreign` (`deleted_by`);

--
-- Indeks untuk tabel `ba_gudang`
--
ALTER TABLE `ba_gudang`
  ADD PRIMARY KEY (`id`),
  ADD KEY `ba_gudang_penerima_id_foreign` (`penerima_id`),
  ADD KEY `ba_gudang_alamat_id_foreign` (`alamat_id`);

--
-- Indeks untuk tabel `ba_gudang_alamat`
--
ALTER TABLE `ba_gudang_alamat`
  ADD PRIMARY KEY (`id`);

--
-- Indeks untuk tabel `ba_gudang_barang`
--
ALTER TABLE `ba_gudang_barang`
  ADD PRIMARY KEY (`id`),
  ADD KEY `ba_gudang_barang_ba_gudang_id_foreign` (`ba_gudang_id`);

--
-- Indeks untuk tabel `event`
--
ALTER TABLE `event`
  ADD PRIMARY KEY (`id`),
  ADD KEY `event_created_by` (`created_by`);

--
-- Indeks untuk tabel `event_absen`
--
ALTER TABLE `event_absen`
  ADD PRIMARY KEY (`id`),
  ADD KEY `event_absen_event_id_foreign` (`event_id`),
  ADD KEY `event_absen_karyawan_id_foreign` (`karyawan_id`);

--
-- Indeks untuk tabel `event_dept`
--
ALTER TABLE `event_dept`
  ADD PRIMARY KEY (`id`),
  ADD KEY `event_dept_event_id_foreign` (`event_id`),
  ADD KEY `event_dept_dept_id_foreign` (`dept_id`);

--
-- Indeks untuk tabel `hrd_cuti_detail`
--
ALTER TABLE `hrd_cuti_detail`
  ADD PRIMARY KEY (`id`),
  ADD KEY `hrd_cuti_detail_cuti_id_foreign` (`cuti_id`),
  ADD KEY `hrd_cuti_detail_pengganti_id_foreign` (`pengganti_id`),
  ADD KEY `hrd_cuti_detail_controller_id_foreign` (`controller_id`);

--
-- Indeks untuk tabel `hrd_cuti_header`
--
ALTER TABLE `hrd_cuti_header`
  ADD PRIMARY KEY (`id`),
  ADD KEY `hrd_cuti_header_karyawan_id_foreign` (`karyawan_id`),
  ADD KEY `hrd_cuti_header_pengganti_id_foreign` (`pengganti_id`),
  ADD KEY `hrd_cuti_header_controller_id_foreign` (`controller_id`),
  ADD KEY `hrd_cuti_header_created_by_foreign` (`created_by`);

--
-- Indeks untuk tabel `hrd_izin`
--
ALTER TABLE `hrd_izin`
  ADD PRIMARY KEY (`id`),
  ADD KEY `hrd_izin_karyawan_id_foreign` (`karyawan_id`),
  ADD KEY `hrd_izin_created_by_foreign` (`created_by`);

--
-- Indeks untuk tabel `hrd_sakit`
--
ALTER TABLE `hrd_sakit`
  ADD PRIMARY KEY (`id`),
  ADD KEY `hrd_sakit_karyawan_id_foreign` (`karyawan_id`),
  ADD KEY `hrd_sakit_created_by` (`created_by`);

--
-- Indeks untuk tabel `hrd_unpaid`
--
ALTER TABLE `hrd_unpaid`
  ADD PRIMARY KEY (`id`),
  ADD KEY `hrd_unpaid_karyawan_id_foreign` (`karyawan_id`),
  ADD KEY `hrd_unpaid_atasan_id_foreign` (`atasan_id`),
  ADD KEY `hrd_unpaid_created_by_foreign` (`created_by`);

--
-- Indeks untuk tabel `jenis_arsip`
--
ALTER TABLE `jenis_arsip`
  ADD PRIMARY KEY (`id`),
  ADD KEY `jenis_arsip_dept_id_foreign` (`dept_id`),
  ADD KEY `jenis_arsip_created_by_foreign` (`created_by`);

--
-- Indeks untuk tabel `jenis_permintaan`
--
ALTER TABLE `jenis_permintaan`
  ADD PRIMARY KEY (`id`);

--
-- Indeks untuk tabel `kategori_hd`
--
ALTER TABLE `kategori_hd`
  ADD PRIMARY KEY (`id`);

--
-- Indeks untuk tabel `kategori_nhd`
--
ALTER TABLE `kategori_nhd`
  ADD PRIMARY KEY (`id`);

--
-- Indeks untuk tabel `maintenance_cctv`
--
ALTER TABLE `maintenance_cctv`
  ADD PRIMARY KEY (`id`),
  ADD KEY `maintenance_cctv_officer_id_foreign` (`officer_id`);

--
-- Indeks untuk tabel `migrations`
--
ALTER TABLE `migrations`
  ADD PRIMARY KEY (`id`);

--
-- Indeks untuk tabel `model_has_permissions`
--
ALTER TABLE `model_has_permissions`
  ADD PRIMARY KEY (`permission_id`,`model_id`,`model_type`),
  ADD KEY `model_has_permissions_model_id_model_type_index` (`model_id`,`model_type`);

--
-- Indeks untuk tabel `model_has_roles`
--
ALTER TABLE `model_has_roles`
  ADD PRIMARY KEY (`role_id`,`model_id`,`model_type`),
  ADD KEY `model_has_roles_model_id_model_type_index` (`model_id`,`model_type`);

--
-- Indeks untuk tabel `m_cabang`
--
ALTER TABLE `m_cabang`
  ADD PRIMARY KEY (`id`);

--
-- Indeks untuk tabel `m_customer`
--
ALTER TABLE `m_customer`
  ADD PRIMARY KEY (`id`),
  ADD KEY `m_customer_created_by_foreign` (`created_by`),
  ADD KEY `m_customer_updated_by_foreign` (`updated_by`);

--
-- Indeks untuk tabel `m_departemen`
--
ALTER TABLE `m_departemen`
  ADD PRIMARY KEY (`id`);

--
-- Indeks untuk tabel `m_divisi`
--
ALTER TABLE `m_divisi`
  ADD PRIMARY KEY (`id`);

--
-- Indeks untuk tabel `news`
--
ALTER TABLE `news`
  ADD PRIMARY KEY (`id`),
  ADD KEY `news_kategori_id_foreign` (`kategori_id`),
  ADD KEY `news_created_by_foreign` (`created_by`),
  ADD KEY `news_updated_by_foreign` (`updated_by`);

--
-- Indeks untuk tabel `news_kategori`
--
ALTER TABLE `news_kategori`
  ADD PRIMARY KEY (`id`),
  ADD KEY `news_kategori_created_by_foreign` (`created_by`);

--
-- Indeks untuk tabel `notulen`
--
ALTER TABLE `notulen`
  ADD PRIMARY KEY (`id`),
  ADD KEY `notulen_event_id_foreign` (`event_id`),
  ADD KEY `notulen_divisi_id_foreign` (`divisi_id`);

--
-- Indeks untuk tabel `notulen_detail`
--
ALTER TABLE `notulen_detail`
  ADD PRIMARY KEY (`id`),
  ADD KEY `notulen_detail_notulen_id_foreign` (`notulen_id`),
  ADD KEY `notulen_detail_dept_id_foreign` (`dept_id`);

--
-- Indeks untuk tabel `no_eksternal`
--
ALTER TABLE `no_eksternal`
  ADD PRIMARY KEY (`id`),
  ADD KEY `no_eksternal_dept_id_foreign` (`dept_id`),
  ADD KEY `no_eksternal_cabang_id_foreign` (`cabang_id`),
  ADD KEY `no_surat` (`no_surat`);

--
-- Indeks untuk tabel `password_resets`
--
ALTER TABLE `password_resets`
  ADD KEY `password_resets_email_index` (`email`);

--
-- Indeks untuk tabel `pengadaan`
--
ALTER TABLE `pengadaan`
  ADD PRIMARY KEY (`id`),
  ADD KEY `pengadaan_jenis_id_foreign` (`jenis_id`),
  ADD KEY `pengadaan_officer_id_foreign` (`officer_id`),
  ADD KEY `pengadaan_pemohon_id_foreign` (`pemohon_id`),
  ADD KEY `pengadaan_created_by` (`created_by`),
  ADD KEY `pengadaan_updated_by` (`updated_by`);

--
-- Indeks untuk tabel `perbaikan`
--
ALTER TABLE `perbaikan`
  ADD PRIMARY KEY (`id`),
  ADD KEY `perbaikan_pengadaan_id_foreign` (`pengadaan_id`),
  ADD KEY `perbaikan_jenis_id_foreign` (`jenis_id`),
  ADD KEY `perbaikan_officer_id_foreign` (`officer_id`),
  ADD KEY `perbaikan_created_by` (`created_by`),
  ADD KEY `perbaikan_updated_by` (`updated_by`),
  ADD KEY `perbaikan_pemohon_id` (`pemohon_id`);

--
-- Indeks untuk tabel `permissions`
--
ALTER TABLE `permissions`
  ADD PRIMARY KEY (`id`);

--
-- Indeks untuk tabel `program`
--
ALTER TABLE `program`
  ADD PRIMARY KEY (`id`),
  ADD KEY `program_pemohon_id_foreign` (`pemohon_id`),
  ADD KEY `program_kadept_id_foreign` (`kadept_id`),
  ADD KEY `program_officer_id_foreign` (`officer_id`),
  ADD KEY `program_improvement_id_foreign` (`improvement_id`),
  ADD KEY `program_created_by_foreign` (`created_by`),
  ADD KEY `program_updated_by_foreign` (`updated_by`);

--
-- Indeks untuk tabel `roles`
--
ALTER TABLE `roles`
  ADD PRIMARY KEY (`id`);

--
-- Indeks untuk tabel `role_has_permissions`
--
ALTER TABLE `role_has_permissions`
  ADD PRIMARY KEY (`permission_id`,`role_id`),
  ADD KEY `role_has_permissions_role_id_foreign` (`role_id`);

--
-- Indeks untuk tabel `surat_eksternal`
--
ALTER TABLE `surat_eksternal`
  ADD PRIMARY KEY (`id`),
  ADD KEY `surat_eksternals_tujuan_id_foreign` (`tujuan_id`),
  ADD KEY `surat_eksternals_dept_id_foreign` (`dept_id`),
  ADD KEY `surat_eksternal_cabang_id_foreign` (`cabang_id`),
  ADD KEY `created_by` (`created_by`),
  ADD KEY `no_surat` (`no_surat`);

--
-- Indeks untuk tabel `surat_hd`
--
ALTER TABLE `surat_hd`
  ADD PRIMARY KEY (`id`),
  ADD KEY `surat_hd_tujuan_id_foreign` (`tujuan_id`),
  ADD KEY `surat_hd_kategori_id_foreign` (`kategori_id`),
  ADD KEY `surat_hd_users` (`created_by`);

--
-- Indeks untuk tabel `surat_nhd`
--
ALTER TABLE `surat_nhd`
  ADD PRIMARY KEY (`id`),
  ADD KEY `surat_nhd_tujuan_id_foreign` (`tujuan_id`),
  ADD KEY `surat_nhd_kategori_id_foreign` (`kategori_id`),
  ADD KEY `surat_nhd_created_by` (`created_by`);

--
-- Indeks untuk tabel `surat_tugas`
--
ALTER TABLE `surat_tugas`
  ADD PRIMARY KEY (`id`),
  ADD KEY `surat_created_by` (`created_by`);

--
-- Indeks untuk tabel `surat_tugas_pegawai`
--
ALTER TABLE `surat_tugas_pegawai`
  ADD PRIMARY KEY (`id`),
  ADD KEY `surat_tugas_pegawai_surat_tugas_id_foreign` (`surat_tugas_id`),
  ADD KEY `surat_tugas_pegawai_pegawai_id_foreign` (`pegawai_id`);

--
-- Indeks untuk tabel `surat_tugas_tanggal`
--
ALTER TABLE `surat_tugas_tanggal`
  ADD PRIMARY KEY (`id`),
  ADD KEY `surat_tugas_tanggal_surat_tugas_id_foreign` (`surat_tugas_id`);

--
-- Indeks untuk tabel `surat_tugas_tujuan`
--
ALTER TABLE `surat_tugas_tujuan`
  ADD PRIMARY KEY (`id`),
  ADD KEY `surat_tugas_tujuan_surat_tugas_id_foreign` (`surat_tugas_id`),
  ADD KEY `surat_tugas_tujuan_tujuan_id_foreign` (`tujuan_id`);

--
-- Indeks untuk tabel `tanda_terima`
--
ALTER TABLE `tanda_terima`
  ADD PRIMARY KEY (`id`),
  ADD KEY `tanda_terima_customer_id_foreign` (`customer_id`),
  ADD KEY `tanda_terima_created_by_foreign` (`created_by`),
  ADD KEY `tanda_terima_updated_by_foreign` (`updated_by`);

--
-- Indeks untuk tabel `tanda_terima_faktur`
--
ALTER TABLE `tanda_terima_faktur`
  ADD PRIMARY KEY (`id`),
  ADD KEY `tanda_terima_faktur_tanda_terima_id_foreign` (`tanda_terima_id`);

--
-- Indeks untuk tabel `tujuan_eksternal`
--
ALTER TABLE `tujuan_eksternal`
  ADD PRIMARY KEY (`id`);

--
-- Indeks untuk tabel `tujuan_hd`
--
ALTER TABLE `tujuan_hd`
  ADD PRIMARY KEY (`id`);

--
-- Indeks untuk tabel `tujuan_nhd`
--
ALTER TABLE `tujuan_nhd`
  ADD PRIMARY KEY (`id`);

--
-- Indeks untuk tabel `tujuan_st`
--
ALTER TABLE `tujuan_st`
  ADD PRIMARY KEY (`id`);

--
-- Indeks untuk tabel `users`
--
ALTER TABLE `users`
  ADD PRIMARY KEY (`id`),
  ADD UNIQUE KEY `users_username_unique` (`username`),
  ADD UNIQUE KEY `users_email_unique` (`email`),
  ADD KEY `cabang_user` (`cabang_id`),
  ADD KEY `dept_user` (`dept_id`),
  ADD KEY `atasan_user` (`atasan_id`);

--
-- AUTO_INCREMENT untuk tabel yang dibuang
--

--
-- AUTO_INCREMENT untuk tabel `arsip`
--
ALTER TABLE `arsip`
  MODIFY `id` int(10) UNSIGNED NOT NULL AUTO_INCREMENT, AUTO_INCREMENT=1439;

--
-- AUTO_INCREMENT untuk tabel `ba_gudang`
--
ALTER TABLE `ba_gudang`
  MODIFY `id` int(10) UNSIGNED NOT NULL AUTO_INCREMENT, AUTO_INCREMENT=72;

--
-- AUTO_INCREMENT untuk tabel `ba_gudang_alamat`
--
ALTER TABLE `ba_gudang_alamat`
  MODIFY `id` int(10) UNSIGNED NOT NULL AUTO_INCREMENT, AUTO_INCREMENT=10;

--
-- AUTO_INCREMENT untuk tabel `ba_gudang_barang`
--
ALTER TABLE `ba_gudang_barang`
  MODIFY `id` int(10) UNSIGNED NOT NULL AUTO_INCREMENT, AUTO_INCREMENT=213;

--
-- AUTO_INCREMENT untuk tabel `event`
--
ALTER TABLE `event`
  MODIFY `id` int(10) UNSIGNED NOT NULL AUTO_INCREMENT, AUTO_INCREMENT=150;

--
-- AUTO_INCREMENT untuk tabel `event_absen`
--
ALTER TABLE `event_absen`
  MODIFY `id` int(10) UNSIGNED NOT NULL AUTO_INCREMENT, AUTO_INCREMENT=471;

--
-- AUTO_INCREMENT untuk tabel `event_dept`
--
ALTER TABLE `event_dept`
  MODIFY `id` int(10) UNSIGNED NOT NULL AUTO_INCREMENT, AUTO_INCREMENT=196;

--
-- AUTO_INCREMENT untuk tabel `hrd_cuti_detail`
--
ALTER TABLE `hrd_cuti_detail`
  MODIFY `id` int(10) UNSIGNED NOT NULL AUTO_INCREMENT, AUTO_INCREMENT=48;

--
-- AUTO_INCREMENT untuk tabel `hrd_cuti_header`
--
ALTER TABLE `hrd_cuti_header`
  MODIFY `id` int(10) UNSIGNED NOT NULL AUTO_INCREMENT, AUTO_INCREMENT=104;

--
-- AUTO_INCREMENT untuk tabel `hrd_izin`
--
ALTER TABLE `hrd_izin`
  MODIFY `id` int(10) UNSIGNED NOT NULL AUTO_INCREMENT, AUTO_INCREMENT=63;

--
-- AUTO_INCREMENT untuk tabel `hrd_sakit`
--
ALTER TABLE `hrd_sakit`
  MODIFY `id` int(10) UNSIGNED NOT NULL AUTO_INCREMENT, AUTO_INCREMENT=57;

--
-- AUTO_INCREMENT untuk tabel `hrd_unpaid`
--
ALTER TABLE `hrd_unpaid`
  MODIFY `id` int(10) UNSIGNED NOT NULL AUTO_INCREMENT, AUTO_INCREMENT=19;

--
-- AUTO_INCREMENT untuk tabel `jenis_arsip`
--
ALTER TABLE `jenis_arsip`
  MODIFY `id` int(10) UNSIGNED NOT NULL AUTO_INCREMENT, AUTO_INCREMENT=43;

--
-- AUTO_INCREMENT untuk tabel `jenis_permintaan`
--
ALTER TABLE `jenis_permintaan`
  MODIFY `id` int(10) UNSIGNED NOT NULL AUTO_INCREMENT, AUTO_INCREMENT=12;

--
-- AUTO_INCREMENT untuk tabel `kategori_hd`
--
ALTER TABLE `kategori_hd`
  MODIFY `id` int(10) UNSIGNED NOT NULL AUTO_INCREMENT, AUTO_INCREMENT=5;

--
-- AUTO_INCREMENT untuk tabel `kategori_nhd`
--
ALTER TABLE `kategori_nhd`
  MODIFY `id` int(10) UNSIGNED NOT NULL AUTO_INCREMENT, AUTO_INCREMENT=5;

--
-- AUTO_INCREMENT untuk tabel `maintenance_cctv`
--
ALTER TABLE `maintenance_cctv`
  MODIFY `id` int(10) UNSIGNED NOT NULL AUTO_INCREMENT, AUTO_INCREMENT=4;

--
-- AUTO_INCREMENT untuk tabel `migrations`
--
ALTER TABLE `migrations`
  MODIFY `id` int(10) UNSIGNED NOT NULL AUTO_INCREMENT, AUTO_INCREMENT=65;

--
-- AUTO_INCREMENT untuk tabel `m_cabang`
--
ALTER TABLE `m_cabang`
  MODIFY `id` int(10) UNSIGNED NOT NULL AUTO_INCREMENT, AUTO_INCREMENT=8;

--
-- AUTO_INCREMENT untuk tabel `m_customer`
--
ALTER TABLE `m_customer`
  MODIFY `id` int(10) UNSIGNED NOT NULL AUTO_INCREMENT, AUTO_INCREMENT=4;

--
-- AUTO_INCREMENT untuk tabel `m_departemen`
--
ALTER TABLE `m_departemen`
  MODIFY `id` int(10) UNSIGNED NOT NULL AUTO_INCREMENT, AUTO_INCREMENT=15;

--
-- AUTO_INCREMENT untuk tabel `m_divisi`
--
ALTER TABLE `m_divisi`
  MODIFY `id` int(10) UNSIGNED NOT NULL AUTO_INCREMENT, AUTO_INCREMENT=6;

--
-- AUTO_INCREMENT untuk tabel `news`
--
ALTER TABLE `news`
  MODIFY `id` int(10) UNSIGNED NOT NULL AUTO_INCREMENT, AUTO_INCREMENT=4;

--
-- AUTO_INCREMENT untuk tabel `news_kategori`
--
ALTER TABLE `news_kategori`
  MODIFY `id` int(10) UNSIGNED NOT NULL AUTO_INCREMENT, AUTO_INCREMENT=3;

--
-- AUTO_INCREMENT untuk tabel `notulen`
--
ALTER TABLE `notulen`
  MODIFY `id` int(10) UNSIGNED NOT NULL AUTO_INCREMENT, AUTO_INCREMENT=85;

--
-- AUTO_INCREMENT untuk tabel `notulen_detail`
--
ALTER TABLE `notulen_detail`
  MODIFY `id` int(10) UNSIGNED NOT NULL AUTO_INCREMENT, AUTO_INCREMENT=1760;

--
-- AUTO_INCREMENT untuk tabel `no_eksternal`
--
ALTER TABLE `no_eksternal`
  MODIFY `id` int(10) UNSIGNED NOT NULL AUTO_INCREMENT, AUTO_INCREMENT=729;

--
-- AUTO_INCREMENT untuk tabel `pengadaan`
--
ALTER TABLE `pengadaan`
  MODIFY `id` int(10) UNSIGNED NOT NULL AUTO_INCREMENT, AUTO_INCREMENT=43;

--
-- AUTO_INCREMENT untuk tabel `perbaikan`
--
ALTER TABLE `perbaikan`
  MODIFY `id` int(10) UNSIGNED NOT NULL AUTO_INCREMENT, AUTO_INCREMENT=27;

--
-- AUTO_INCREMENT untuk tabel `permissions`
--
ALTER TABLE `permissions`
  MODIFY `id` int(10) UNSIGNED NOT NULL AUTO_INCREMENT, AUTO_INCREMENT=52;

--
-- AUTO_INCREMENT untuk tabel `program`
--
ALTER TABLE `program`
  MODIFY `id` int(10) UNSIGNED NOT NULL AUTO_INCREMENT, AUTO_INCREMENT=11;

--
-- AUTO_INCREMENT untuk tabel `roles`
--
ALTER TABLE `roles`
  MODIFY `id` int(10) UNSIGNED NOT NULL AUTO_INCREMENT, AUTO_INCREMENT=14;

--
-- AUTO_INCREMENT untuk tabel `surat_eksternal`
--
ALTER TABLE `surat_eksternal`
  MODIFY `id` int(10) UNSIGNED NOT NULL AUTO_INCREMENT, AUTO_INCREMENT=729;

--
-- AUTO_INCREMENT untuk tabel `surat_hd`
--
ALTER TABLE `surat_hd`
  MODIFY `id` int(10) UNSIGNED NOT NULL AUTO_INCREMENT, AUTO_INCREMENT=19;

--
-- AUTO_INCREMENT untuk tabel `surat_nhd`
--
ALTER TABLE `surat_nhd`
  MODIFY `id` int(10) UNSIGNED NOT NULL AUTO_INCREMENT, AUTO_INCREMENT=6;

--
-- AUTO_INCREMENT untuk tabel `surat_tugas`
--
ALTER TABLE `surat_tugas`
  MODIFY `id` int(10) UNSIGNED NOT NULL AUTO_INCREMENT, AUTO_INCREMENT=32;

--
-- AUTO_INCREMENT untuk tabel `surat_tugas_pegawai`
--
ALTER TABLE `surat_tugas_pegawai`
  MODIFY `id` int(10) UNSIGNED NOT NULL AUTO_INCREMENT, AUTO_INCREMENT=96;

--
-- AUTO_INCREMENT untuk tabel `surat_tugas_tanggal`
--
ALTER TABLE `surat_tugas_tanggal`
  MODIFY `id` int(10) UNSIGNED NOT NULL AUTO_INCREMENT, AUTO_INCREMENT=58;

--
-- AUTO_INCREMENT untuk tabel `surat_tugas_tujuan`
--
ALTER TABLE `surat_tugas_tujuan`
  MODIFY `id` int(10) UNSIGNED NOT NULL AUTO_INCREMENT, AUTO_INCREMENT=67;

--
-- AUTO_INCREMENT untuk tabel `tanda_terima`
--
ALTER TABLE `tanda_terima`
  MODIFY `id` int(10) UNSIGNED NOT NULL AUTO_INCREMENT;

--
-- AUTO_INCREMENT untuk tabel `tanda_terima_faktur`
--
ALTER TABLE `tanda_terima_faktur`
  MODIFY `id` int(10) UNSIGNED NOT NULL AUTO_INCREMENT;

--
-- AUTO_INCREMENT untuk tabel `tujuan_eksternal`
--
ALTER TABLE `tujuan_eksternal`
  MODIFY `id` int(10) UNSIGNED NOT NULL AUTO_INCREMENT, AUTO_INCREMENT=147;

--
-- AUTO_INCREMENT untuk tabel `tujuan_hd`
--
ALTER TABLE `tujuan_hd`
  MODIFY `id` int(10) UNSIGNED NOT NULL AUTO_INCREMENT, AUTO_INCREMENT=3;

--
-- AUTO_INCREMENT untuk tabel `tujuan_nhd`
--
ALTER TABLE `tujuan_nhd`
  MODIFY `id` int(10) UNSIGNED NOT NULL AUTO_INCREMENT, AUTO_INCREMENT=9;

--
-- AUTO_INCREMENT untuk tabel `tujuan_st`
--
ALTER TABLE `tujuan_st`
  MODIFY `id` int(10) UNSIGNED NOT NULL AUTO_INCREMENT, AUTO_INCREMENT=11;

--
-- AUTO_INCREMENT untuk tabel `users`
--
ALTER TABLE `users`
  MODIFY `id` int(10) UNSIGNED NOT NULL AUTO_INCREMENT, AUTO_INCREMENT=214;

--
-- Ketidakleluasaan untuk tabel pelimpahan (Dumped Tables)
--

--
-- Ketidakleluasaan untuk tabel `arsip`
--
ALTER TABLE `arsip`
  ADD CONSTRAINT `arsip_created_by_foreign` FOREIGN KEY (`created_by`) REFERENCES `users` (`id`) ON DELETE CASCADE,
  ADD CONSTRAINT `arsip_deleted_by_foreign` FOREIGN KEY (`deleted_by`) REFERENCES `users` (`id`) ON DELETE CASCADE,
  ADD CONSTRAINT `arsip_jenis_id_foreign` FOREIGN KEY (`jenis_id`) REFERENCES `jenis_arsip` (`id`) ON DELETE CASCADE,
  ADD CONSTRAINT `arsip_updated_by_foreign` FOREIGN KEY (`updated_by`) REFERENCES `users` (`id`) ON DELETE CASCADE;

--
-- Ketidakleluasaan untuk tabel `ba_gudang`
--
ALTER TABLE `ba_gudang`
  ADD CONSTRAINT `ba_gudang_alamat_id_foreign` FOREIGN KEY (`alamat_id`) REFERENCES `ba_gudang_alamat` (`id`) ON DELETE CASCADE,
  ADD CONSTRAINT `ba_gudang_penerima_id_foreign` FOREIGN KEY (`penerima_id`) REFERENCES `users` (`id`) ON DELETE CASCADE;

--
-- Ketidakleluasaan untuk tabel `ba_gudang_barang`
--
ALTER TABLE `ba_gudang_barang`
  ADD CONSTRAINT `ba_gudang_barang_ba_gudang_id_foreign` FOREIGN KEY (`ba_gudang_id`) REFERENCES `ba_gudang` (`id`) ON DELETE CASCADE;

--
-- Ketidakleluasaan untuk tabel `event`
--
ALTER TABLE `event`
  ADD CONSTRAINT `event_created_by` FOREIGN KEY (`created_by`) REFERENCES `users` (`id`) ON DELETE CASCADE;

--
-- Ketidakleluasaan untuk tabel `event_absen`
--
ALTER TABLE `event_absen`
  ADD CONSTRAINT `event_absen_event_id_foreign` FOREIGN KEY (`event_id`) REFERENCES `event` (`id`) ON DELETE CASCADE,
  ADD CONSTRAINT `event_absen_karyawan_id_foreign` FOREIGN KEY (`karyawan_id`) REFERENCES `users` (`id`) ON DELETE CASCADE;

--
-- Ketidakleluasaan untuk tabel `event_dept`
--
ALTER TABLE `event_dept`
  ADD CONSTRAINT `event_dept_dept_id_foreign` FOREIGN KEY (`dept_id`) REFERENCES `m_departemen` (`id`) ON DELETE CASCADE,
  ADD CONSTRAINT `event_dept_event_id_foreign` FOREIGN KEY (`event_id`) REFERENCES `event` (`id`) ON DELETE CASCADE;

--
-- Ketidakleluasaan untuk tabel `hrd_cuti_detail`
--
ALTER TABLE `hrd_cuti_detail`
  ADD CONSTRAINT `hrd_cuti_detail_controller_id_foreign` FOREIGN KEY (`controller_id`) REFERENCES `users` (`id`) ON DELETE CASCADE,
  ADD CONSTRAINT `hrd_cuti_detail_cuti_id_foreign` FOREIGN KEY (`cuti_id`) REFERENCES `hrd_cuti_header` (`id`) ON DELETE CASCADE,
  ADD CONSTRAINT `hrd_cuti_detail_pengganti_id_foreign` FOREIGN KEY (`pengganti_id`) REFERENCES `users` (`id`) ON DELETE CASCADE;

--
-- Ketidakleluasaan untuk tabel `hrd_cuti_header`
--
ALTER TABLE `hrd_cuti_header`
  ADD CONSTRAINT `hrd_cuti_header_controller_id_foreign` FOREIGN KEY (`controller_id`) REFERENCES `users` (`id`) ON DELETE CASCADE,
  ADD CONSTRAINT `hrd_cuti_header_created_by_foreign` FOREIGN KEY (`created_by`) REFERENCES `users` (`id`) ON DELETE CASCADE,
  ADD CONSTRAINT `hrd_cuti_header_karyawan_id_foreign` FOREIGN KEY (`karyawan_id`) REFERENCES `users` (`id`) ON DELETE CASCADE,
  ADD CONSTRAINT `hrd_cuti_header_pengganti_id_foreign` FOREIGN KEY (`pengganti_id`) REFERENCES `users` (`id`) ON DELETE CASCADE;

--
-- Ketidakleluasaan untuk tabel `hrd_izin`
--
ALTER TABLE `hrd_izin`
  ADD CONSTRAINT `hrd_izin_created_by_foreign` FOREIGN KEY (`created_by`) REFERENCES `users` (`id`) ON DELETE CASCADE,
  ADD CONSTRAINT `hrd_izin_karyawan_id_foreign` FOREIGN KEY (`karyawan_id`) REFERENCES `users` (`id`) ON DELETE CASCADE;

--
-- Ketidakleluasaan untuk tabel `hrd_sakit`
--
ALTER TABLE `hrd_sakit`
  ADD CONSTRAINT `hrd_sakit_created_by` FOREIGN KEY (`created_by`) REFERENCES `users` (`id`) ON DELETE CASCADE,
  ADD CONSTRAINT `hrd_sakit_karyawan_id_foreign` FOREIGN KEY (`karyawan_id`) REFERENCES `users` (`id`) ON DELETE CASCADE;

--
-- Ketidakleluasaan untuk tabel `hrd_unpaid`
--
ALTER TABLE `hrd_unpaid`
  ADD CONSTRAINT `hrd_unpaid_atasan_id_foreign` FOREIGN KEY (`atasan_id`) REFERENCES `users` (`id`) ON DELETE CASCADE,
  ADD CONSTRAINT `hrd_unpaid_created_by_foreign` FOREIGN KEY (`created_by`) REFERENCES `users` (`id`) ON DELETE CASCADE,
  ADD CONSTRAINT `hrd_unpaid_karyawan_id_foreign` FOREIGN KEY (`karyawan_id`) REFERENCES `users` (`id`) ON DELETE CASCADE;

--
-- Ketidakleluasaan untuk tabel `jenis_arsip`
--
ALTER TABLE `jenis_arsip`
  ADD CONSTRAINT `jenis_arsip_created_by_foreign` FOREIGN KEY (`created_by`) REFERENCES `users` (`id`) ON DELETE CASCADE,
  ADD CONSTRAINT `jenis_arsip_dept_id_foreign` FOREIGN KEY (`dept_id`) REFERENCES `m_departemen` (`id`) ON DELETE CASCADE;

--
-- Ketidakleluasaan untuk tabel `maintenance_cctv`
--
ALTER TABLE `maintenance_cctv`
  ADD CONSTRAINT `maintenance_cctv_officer_id_foreign` FOREIGN KEY (`officer_id`) REFERENCES `users` (`id`) ON DELETE CASCADE;

--
-- Ketidakleluasaan untuk tabel `model_has_permissions`
--
ALTER TABLE `model_has_permissions`
  ADD CONSTRAINT `model_has_permissions_permission_id_foreign` FOREIGN KEY (`permission_id`) REFERENCES `permissions` (`id`) ON DELETE CASCADE;

--
-- Ketidakleluasaan untuk tabel `model_has_roles`
--
ALTER TABLE `model_has_roles`
  ADD CONSTRAINT `model_has_roles_role_id_foreign` FOREIGN KEY (`role_id`) REFERENCES `roles` (`id`) ON DELETE CASCADE;

--
-- Ketidakleluasaan untuk tabel `m_customer`
--
ALTER TABLE `m_customer`
  ADD CONSTRAINT `m_customer_created_by_foreign` FOREIGN KEY (`created_by`) REFERENCES `users` (`id`) ON DELETE CASCADE,
  ADD CONSTRAINT `m_customer_updated_by_foreign` FOREIGN KEY (`updated_by`) REFERENCES `users` (`id`) ON DELETE CASCADE;

--
-- Ketidakleluasaan untuk tabel `news`
--
ALTER TABLE `news`
  ADD CONSTRAINT `news_created_by_foreign` FOREIGN KEY (`created_by`) REFERENCES `users` (`id`) ON DELETE CASCADE,
  ADD CONSTRAINT `news_kategori_id_foreign` FOREIGN KEY (`kategori_id`) REFERENCES `news_kategori` (`id`) ON DELETE CASCADE,
  ADD CONSTRAINT `news_updated_by_foreign` FOREIGN KEY (`updated_by`) REFERENCES `users` (`id`) ON DELETE CASCADE;

--
-- Ketidakleluasaan untuk tabel `news_kategori`
--
ALTER TABLE `news_kategori`
  ADD CONSTRAINT `news_kategori_created_by_foreign` FOREIGN KEY (`created_by`) REFERENCES `users` (`id`) ON DELETE CASCADE;

--
-- Ketidakleluasaan untuk tabel `notulen`
--
ALTER TABLE `notulen`
  ADD CONSTRAINT `notulen_divisi_id_foreign` FOREIGN KEY (`divisi_id`) REFERENCES `m_divisi` (`id`) ON DELETE CASCADE,
  ADD CONSTRAINT `notulen_event_id_foreign` FOREIGN KEY (`event_id`) REFERENCES `event` (`id`) ON DELETE CASCADE;

--
-- Ketidakleluasaan untuk tabel `notulen_detail`
--
ALTER TABLE `notulen_detail`
  ADD CONSTRAINT `notulen_detail_dept_id_foreign` FOREIGN KEY (`dept_id`) REFERENCES `m_departemen` (`id`) ON DELETE CASCADE,
  ADD CONSTRAINT `notulen_detail_notulen_id_foreign` FOREIGN KEY (`notulen_id`) REFERENCES `notulen` (`id`) ON DELETE CASCADE;

--
-- Ketidakleluasaan untuk tabel `no_eksternal`
--
ALTER TABLE `no_eksternal`
  ADD CONSTRAINT `no_eksternal_cabang_id_foreign` FOREIGN KEY (`cabang_id`) REFERENCES `m_cabang` (`id`) ON DELETE CASCADE,
  ADD CONSTRAINT `no_eksternal_dept_id_foreign` FOREIGN KEY (`dept_id`) REFERENCES `m_departemen` (`id`) ON DELETE CASCADE,
  ADD CONSTRAINT `no_surat` FOREIGN KEY (`no_surat`) REFERENCES `surat_eksternal` (`no_surat`) ON DELETE CASCADE;

--
-- Ketidakleluasaan untuk tabel `pengadaan`
--
ALTER TABLE `pengadaan`
  ADD CONSTRAINT `pengadaan_created_by` FOREIGN KEY (`created_by`) REFERENCES `users` (`id`) ON DELETE CASCADE,
  ADD CONSTRAINT `pengadaan_jenis_id_foreign` FOREIGN KEY (`jenis_id`) REFERENCES `jenis_permintaan` (`id`) ON DELETE CASCADE,
  ADD CONSTRAINT `pengadaan_officer_id_foreign` FOREIGN KEY (`officer_id`) REFERENCES `users` (`id`) ON DELETE CASCADE,
  ADD CONSTRAINT `pengadaan_pemohon_id_foreign` FOREIGN KEY (`pemohon_id`) REFERENCES `users` (`id`) ON DELETE CASCADE,
  ADD CONSTRAINT `pengadaan_updated_by` FOREIGN KEY (`updated_by`) REFERENCES `users` (`id`) ON DELETE CASCADE;

--
-- Ketidakleluasaan untuk tabel `perbaikan`
--
ALTER TABLE `perbaikan`
  ADD CONSTRAINT `perbaikan_created_by` FOREIGN KEY (`created_by`) REFERENCES `users` (`id`) ON DELETE CASCADE,
  ADD CONSTRAINT `perbaikan_jenis_id_foreign` FOREIGN KEY (`jenis_id`) REFERENCES `jenis_permintaan` (`id`) ON DELETE CASCADE,
  ADD CONSTRAINT `perbaikan_officer_id_foreign` FOREIGN KEY (`officer_id`) REFERENCES `users` (`id`) ON DELETE CASCADE,
  ADD CONSTRAINT `perbaikan_pemohon_id` FOREIGN KEY (`pemohon_id`) REFERENCES `users` (`id`) ON DELETE CASCADE,
  ADD CONSTRAINT `perbaikan_pengadaan_id_foreign` FOREIGN KEY (`pengadaan_id`) REFERENCES `pengadaan` (`id`) ON DELETE CASCADE,
  ADD CONSTRAINT `perbaikan_updated_by` FOREIGN KEY (`updated_by`) REFERENCES `users` (`id`) ON DELETE CASCADE;

--
-- Ketidakleluasaan untuk tabel `program`
--
ALTER TABLE `program`
  ADD CONSTRAINT `program_created_by_foreign` FOREIGN KEY (`created_by`) REFERENCES `users` (`id`) ON DELETE CASCADE,
  ADD CONSTRAINT `program_improvement_id_foreign` FOREIGN KEY (`improvement_id`) REFERENCES `users` (`id`) ON DELETE CASCADE,
  ADD CONSTRAINT `program_kadept_id_foreign` FOREIGN KEY (`kadept_id`) REFERENCES `users` (`id`) ON DELETE CASCADE,
  ADD CONSTRAINT `program_officer_id_foreign` FOREIGN KEY (`officer_id`) REFERENCES `users` (`id`) ON DELETE CASCADE,
  ADD CONSTRAINT `program_pemohon_id_foreign` FOREIGN KEY (`pemohon_id`) REFERENCES `users` (`id`) ON DELETE CASCADE,
  ADD CONSTRAINT `program_updated_by_foreign` FOREIGN KEY (`updated_by`) REFERENCES `users` (`id`) ON DELETE CASCADE;

--
-- Ketidakleluasaan untuk tabel `role_has_permissions`
--
ALTER TABLE `role_has_permissions`
  ADD CONSTRAINT `role_has_permissions_permission_id_foreign` FOREIGN KEY (`permission_id`) REFERENCES `permissions` (`id`) ON DELETE CASCADE,
  ADD CONSTRAINT `role_has_permissions_role_id_foreign` FOREIGN KEY (`role_id`) REFERENCES `roles` (`id`) ON DELETE CASCADE;

--
-- Ketidakleluasaan untuk tabel `surat_eksternal`
--
ALTER TABLE `surat_eksternal`
  ADD CONSTRAINT `created_by` FOREIGN KEY (`created_by`) REFERENCES `users` (`id`) ON DELETE CASCADE,
  ADD CONSTRAINT `surat_eksternal_cabang_id_foreign` FOREIGN KEY (`cabang_id`) REFERENCES `m_cabang` (`id`) ON DELETE CASCADE,
  ADD CONSTRAINT `surat_eksternals_dept_id_foreign` FOREIGN KEY (`dept_id`) REFERENCES `m_departemen` (`id`) ON DELETE CASCADE,
  ADD CONSTRAINT `surat_eksternals_tujuan_id_foreign` FOREIGN KEY (`tujuan_id`) REFERENCES `tujuan_eksternal` (`id`) ON DELETE CASCADE;

--
-- Ketidakleluasaan untuk tabel `surat_hd`
--
ALTER TABLE `surat_hd`
  ADD CONSTRAINT `surat_hd_kategori_id_foreign` FOREIGN KEY (`kategori_id`) REFERENCES `kategori_hd` (`id`) ON DELETE CASCADE,
  ADD CONSTRAINT `surat_hd_tujuan_id_foreign` FOREIGN KEY (`tujuan_id`) REFERENCES `tujuan_hd` (`id`) ON DELETE CASCADE,
  ADD CONSTRAINT `surat_hd_users` FOREIGN KEY (`created_by`) REFERENCES `users` (`id`) ON DELETE CASCADE;

--
-- Ketidakleluasaan untuk tabel `surat_nhd`
--
ALTER TABLE `surat_nhd`
  ADD CONSTRAINT `surat_nhd_created_by` FOREIGN KEY (`created_by`) REFERENCES `users` (`id`) ON DELETE CASCADE,
  ADD CONSTRAINT `surat_nhd_kategori_id_foreign` FOREIGN KEY (`kategori_id`) REFERENCES `kategori_nhd` (`id`) ON DELETE CASCADE,
  ADD CONSTRAINT `surat_nhd_tujuan_id_foreign` FOREIGN KEY (`tujuan_id`) REFERENCES `tujuan_nhd` (`id`) ON DELETE CASCADE;

--
-- Ketidakleluasaan untuk tabel `surat_tugas`
--
ALTER TABLE `surat_tugas`
  ADD CONSTRAINT `surat_created_by` FOREIGN KEY (`created_by`) REFERENCES `users` (`id`) ON DELETE CASCADE;

--
-- Ketidakleluasaan untuk tabel `surat_tugas_pegawai`
--
ALTER TABLE `surat_tugas_pegawai`
  ADD CONSTRAINT `surat_tugas_pegawai_pegawai_id_foreign` FOREIGN KEY (`pegawai_id`) REFERENCES `users` (`id`) ON DELETE CASCADE,
  ADD CONSTRAINT `surat_tugas_pegawai_surat_tugas_id_foreign` FOREIGN KEY (`surat_tugas_id`) REFERENCES `surat_tugas` (`id`) ON DELETE CASCADE;

--
-- Ketidakleluasaan untuk tabel `surat_tugas_tanggal`
--
ALTER TABLE `surat_tugas_tanggal`
  ADD CONSTRAINT `surat_tugas_tanggal_surat_tugas_id_foreign` FOREIGN KEY (`surat_tugas_id`) REFERENCES `surat_tugas` (`id`) ON DELETE CASCADE;

--
-- Ketidakleluasaan untuk tabel `surat_tugas_tujuan`
--
ALTER TABLE `surat_tugas_tujuan`
  ADD CONSTRAINT `surat_tugas_tujuan_surat_tugas_id_foreign` FOREIGN KEY (`surat_tugas_id`) REFERENCES `surat_tugas` (`id`) ON DELETE CASCADE,
  ADD CONSTRAINT `surat_tugas_tujuan_tujuan_id_foreign` FOREIGN KEY (`tujuan_id`) REFERENCES `tujuan_st` (`id`) ON DELETE CASCADE;

--
-- Ketidakleluasaan untuk tabel `tanda_terima`
--
ALTER TABLE `tanda_terima`
  ADD CONSTRAINT `tanda_terima_created_by_foreign` FOREIGN KEY (`created_by`) REFERENCES `users` (`id`) ON DELETE CASCADE,
  ADD CONSTRAINT `tanda_terima_customer_id_foreign` FOREIGN KEY (`customer_id`) REFERENCES `m_customer` (`id`) ON DELETE CASCADE,
  ADD CONSTRAINT `tanda_terima_updated_by_foreign` FOREIGN KEY (`updated_by`) REFERENCES `users` (`id`) ON DELETE CASCADE;

--
-- Ketidakleluasaan untuk tabel `tanda_terima_faktur`
--
ALTER TABLE `tanda_terima_faktur`
  ADD CONSTRAINT `tanda_terima_faktur_tanda_terima_id_foreign` FOREIGN KEY (`tanda_terima_id`) REFERENCES `tanda_terima` (`id`) ON DELETE CASCADE;

--
-- Ketidakleluasaan untuk tabel `users`
--
ALTER TABLE `users`
  ADD CONSTRAINT `atasan_user` FOREIGN KEY (`atasan_id`) REFERENCES `users` (`id`) ON DELETE SET NULL ON UPDATE CASCADE,
  ADD CONSTRAINT `cabang_user` FOREIGN KEY (`cabang_id`) REFERENCES `m_cabang` (`id`) ON DELETE CASCADE ON UPDATE CASCADE,
  ADD CONSTRAINT `dept_user` FOREIGN KEY (`dept_id`) REFERENCES `m_departemen` (`id`) ON DELETE CASCADE ON UPDATE CASCADE;
COMMIT;

/*!40101 SET CHARACTER_SET_CLIENT=@OLD_CHARACTER_SET_CLIENT */;
/*!40101 SET CHARACTER_SET_RESULTS=@OLD_CHARACTER_SET_RESULTS */;
/*!40101 SET COLLATION_CONNECTION=@OLD_COLLATION_CONNECTION */;
